Unnamed: 0,CODE,NAME,SECT.,STOCK NO.,CAPT.,CUR PRICE,PREV PRICE,FR,PER,EPS,E_PER,E_EPS,PBR,BPS,ITR
0,000020,동화약품,의약품 제조업,"27,931,470","27,931,470,000",21650.0,22850.0,N/A,35.2,615.0,N/A,N/A,1.92,11272.0,0.55
1,000040,KR모터스,그외 기타 운송장비 제조업,"91,661,018","45,830,509,000",671.0,671.0,N/A,N/A,-615.0,N/A,N/A,1.46,459.0,N/A
2,000050,경방,종합 소매업,"27,415,270","13,707,635,000",10850.0,11250.0,N/A,7.35,1476.0,N/A,N/A,0.38,28327.0,1.15
5,000080,하이트진로,알코올음료 제조업,"70,133,611","368,818,745,000",38900.0,38850.0,N/A,40.19,968.0,25.0,1544.0,2.56,15201.0,1.8
6,000100,유한양행,의약품 제조업,"66,856,810","68,037,750,000",65900.0,65900.0,N/A,26.58,2479.0,23.0,2902.0,2.29,28716.0,0.58
7,000120,CJ대한통운,도로 화물 운송업,"22,812,344","114,061,720,000",147500.0,145500.0,N/A,37.23,3962.0,33.0,4463.0,0.88,168315.0,N/A
11,000210,대림산업,토목 건설업,"34,800,000","218,500,000,000",78800.0,78900.0,N/A,4.43,17773.0,4.0,20299.0,0.49,162216.0,1.65
12,000220,유유제약,의약품 제조업,"6,753,200","8,427,585,000",17200.0,16650.0,N/A,38.05,452.0,N/A,N/A,1.38,12478.0,1.22
13,000230,일동홀딩스,의약품 제조업,"11,540,400","11,540,400,000",9830.0,9650.0,N/A,N/A,-2762.0,N/A,N/A,0.84,11728.0,0.97
15,000270,기아자동차,자동차용 엔진 및 자동차 제조업,"405,363,347","2,139,316,735,000",40750.0,40250.0,N/A,15.52,2626.0,11.0,3562.0,0.57,72087.0,2.82
16,000300,대유플러스,통신 및 방송 장비 제조업,"114,588,434","57,294,217,000",580.0,564.0,N/A,2.47,235.0,N/A,N/A,0.76,768.0,N/A
19,000390,삼화페인트공업,기타 화학제품 제조업,"26,438,751","13,219,375,500",4830.0,4850.0,N/A,30.57,158.0,N/A,N/A,0.38,12571.0,2.59
21,000430,대원강업,자동차 신품 부품 제조업,"62,000,000","31,000,000,000",3070.0,3060.0,N/A,N/A,-15.0,N/A,N/A,0.41,7415.0,3.75
22,000480,조선내화,"내화, 비내화 요업제품 제조업","4,000,000","20,000,000,000",71400.0,72000.0,N/A,6.02,11859.0,N/A,N/A,0.38,188006.0,5.6
23,000490,대동공업,특수 목적용 기계 제조업,"23,728,210","23,728,210,000",6040.0,6040.0,N/A,24.65,245.0,N/A,N/A,0.38,15859.0,0.99
24,000500,가온전선,절연선 및 케이블 제조업,"4,160,347","20,801,735,000",17850.0,17800.0,N/A,13.2,1352.0,N/A,N/A,0.28,64821.0,3.36
25,000520,삼일제약,의약품 제조업,"6,500,000","6,500,000,000",20050.0,20500.0,N/A,179.02,112.0,N/A,N/A,1.93,10384.0,0.75
29,000650,천일고속,육상 여객 운송업,"1,429,220","7,146,100,000",61800.0,60900.0,N/A,N/A,-1305.0,N/A,N/A,1.85,33382.0,8.09
30,000660,SK하이닉스,반도체 제조업,"728,002,365","3,657,652,050,000",74500.0,71800.0,N/A,23.73,3140.0,13.0,5733.0,1.03,72197.0,1.34
31,000670,영풍,1차 비철금속 제조업,"1,842,040","9,210,200,000",483500.0,481500.0,N/A,3.99,121296.0,N/A,N/A,0.25,1938295.0,2.07
32,000680,LS네트웍스,상품 종합 도매업,"78,803,016","394,015,080,000",2025.0,2020.0,N/A,N/A,-994.0,N/A,N/A,0.29,7102.0,N/A
34,000720,현대건설,토목 건설업,"111,355,765","557,273,105,000",32500.0,32200.0,N/A,8.32,3907.0,9.0,3780.0,0.54,60551.0,1.85
35,000760,이화산업,기타 전문 도매업,"2,800,000","14,000,000,000",13700.0,13800.0,N/A,N/A,-1624.0,N/A,N/A,0.38,36094.0,N/A
37,000850,화천기공,특수 목적용 기계 제조업,"2,200,000","11,000,000,000",31150.0,31000.0,N/A,12.38,2516.0,N/A,N/A,0.23,133994.0,4.01
38,000860,강남제비스코,기타 화학제품 제조업,"6,500,000","6,500,000,000",14800.0,14750.0,N/A,7.39,2003.0,N/A,N/A,0.18,81811.0,3.38
39,000880,한화,기타 화학제품 제조업,"74,958,735","489,550,145,000",25250.0,24700.0,N/A,13.23,1909.0,8.0,3202.0,0.49,51932.0,2.77
40,000890,보해양조,알코올음료 제조업,"127,449,373","63,724,686,500",798.0,792.0,N/A,N/A,-129.0,N/A,N/A,1.25,637.0,N/A
41,000910,유니온,"시멘트, 석회, 플라스터 및 그 제품 제조업","15,611,619","7,805,809,500",9440.0,9590.0,N/A,N/A,-1366.0,N/A,N/A,1.61,5863.0,1.06
42,000950,전방,방적 및 가공사 제조업,"1,680,000","8,400,000,000",25050.0,25450.0,N/A,N/A,-19890.0,N/A,N/A,0.39,63551.0,N/A
43,000970,한국주철관공업,1차 철강 제조업,"22,800,500","12,000,000,000",8610.0,8150.0,N/A,20.95,411.0,N/A,N/A,0.69,12458.0,2.32
44,000990,DB하이텍,반도체 제조업,"44,398,588","222,554,520,000",35750.0,36600.0,N/A,9.79,3652.0,N/A,N/A,2.11,16924.0,0.98
45,001020,페이퍼코리아,"펄프, 종이 및 판지 제조업","35,166,280","17,583,140,000",1400.0,1435.0,N/A,N/A,-25.0,N/A,N/A,1.83,767.0,N/A
47,001060,JW중외제약,의약품 제조업,"20,920,054","52,956,972,500",37700.0,37200.0,N/A,N/A,-1498.0,N/A,N/A,3.92,9623.0,0.84
48,001070,대한방직,직물직조 및 직물제품 제조업,"5,300,000","5,300,000,000",33850.0,33300.0,N/A,N/A,-2329.0,N/A,N/A,0.97,35070.0,N/A
49,001080,만호제강,1차 철강 제조업,"4,150,000","4,150,000,000",15000.0,15600.0,N/A,30.86,486.0,N/A,N/A,0.2,75855.0,1.33
50,001120,LG상사,상품 중개업,"38,760,000","193,800,000,000",14450.0,14300.0,N/A,2.76,5236.0,2.0,7409.0,0.4,36390.0,2.08
51,001130,대한제분,"곡물가공품, 전분 및 전분제품 제조업","1,690,000","8,450,000,000",162500.0,164500.0,N/A,11.1,14635.0,N/A,N/A,0.34,471567.0,1.23
52,001140,국보,도로 화물 운송업,"44,596,337","22,298,168,500",2500.0,2500.0,N/A,N/A,-755.0,N/A,N/A,2.52,992.0,N/A
54,001210,금호전기,전구 및 조명장치 제조업,"11,981,820","5,990,910,000",3190.0,3065.0,N/A,N/A,-2691.0,N/A,N/A,1.11,2874.0,N/A
55,001230,동국제강,1차 철강 제조업,"95,432,737","589,228,035,000",6130.0,6040.0,N/A,N/A,-2019.0,-11.0,-562.0,0.3,20452.0,N/A
56,001250,GS글로벌,상품 종합 도매업,"82,533,764","206,334,410,000",1630.0,1580.0,N/A,N/A,-196.0,N/A,N/A,0.36,4476.0,N/A
57,001260,남광토건,토목 건설업,"9,828,611","49,143,055,000",10150.0,10000.0,N/A,18.22,557.0,N/A,N/A,1.77,5740.0,N/A
60,001340,백광산업,기초 화학물질 제조업,"44,918,407","22,459,203,500",3525.0,3640.0,N/A,13.25,266.0,N/A,N/A,0.88,4016.0,2.13
61,001360,삼성제약,의약품 제조업,"61,549,713","30,774,856,500",3735.0,3750.0,N/A,N/A,-306.0,N/A,N/A,1.74,2152.0,N/A
62,001380,SG충방,자동차 신품 부품 제조업,"44,964,143","22,482,071,500",1785.0,1705.0,N/A,N/A,-47.0,N/A,N/A,0.61,2936.0,N/A
63,001390,KG케미칼,기초 화학물질 제조업,"13,013,232","67,374,405,000",22150.0,21700.0,N/A,2.9,7636.0,N/A,N/A,0.83,26655.0,1.58
64,001420,태원물산,자동차 신품 부품 제조업,"7,600,000","3,800,000,000",3310.0,3350.0,N/A,143.91,23.0,N/A,N/A,0.77,4290.0,2.57
65,001430,세아베스틸,1차 철강 제조업,"35,862,119","219,310,595,000",9590.0,9580.0,N/A,15.27,628.0,11.0,849.0,0.18,53049.0,3.13
66,001440,대한전선,절연선 및 케이블 제조업,"856,473,009","428,236,504,500",686.0,675.0,N/A,N/A,-23.0,N/A,N/A,2.14,320.0,N/A
68,001460,BYC,봉제의복 제조업,"624,615","4,200,000,000",227500.0,225500.0,N/A,6.88,33069.0,N/A,N/A,0.43,529707.0,0.48
69,001470,삼부토건,토목 건설업,"137,546,368","137,546,368,000",919.0,902.0,N/A,26.26,35.0,N/A,N/A,0.62,1494.0,N/A
72,001520,동양,"시멘트, 석회, 플라스터 및 그 제품 제조업","238,684,063","119,850,042,500",1120.0,1140.0,N/A,N/A,-9.0,N/A,N/A,0.28,4052.0,3.57
73,001530,디아이동일,상품 중개업,"2,465,609","12,328,045,000",89100.0,89100.0,N/A,10.74,8294.0,N/A,N/A,0.32,280781.0,1.65
74,001550,조비,"비료, 농약 및 살균, 살충제 제조업","5,192,239","25,961,195,000",21150.0,20450.0,N/A,1057.5,20.0,N/A,N/A,2.26,9342.0,N/A
75,001560,제일연마,기타 비금속 광물제품 제조업,"10,000,000","5,000,000,000",6230.0,6240.0,N/A,13.46,463.0,N/A,N/A,0.55,11260.0,3.53
76,001570,금양,기초 화학물질 제조업,"44,048,135","22,024,067,500",3985.0,3860.0,N/A,N/A,-309.0,N/A,N/A,2.17,1839.0,N/A
77,001620,케이비아이동국실업,자동차 신품 부품 제조업,"66,042,072","33,021,036,000",572.0,562.0,N/A,N/A,-283.0,N/A,N/A,0.24,2419.0,N/A
78,001630,종근당홀딩스,의약품 제조업,"5,009,861","12,524,652,500",119500.0,117500.0,N/A,11.6,10299.0,N/A,N/A,1.22,98270.0,1.09
79,001680,대상,기타 식품 제조업,"34,648,025","36,018,248,000",26800.0,28000.0,N/A,7.04,3805.0,7.0,3689.0,0.93,28718.0,2.24
81,001740,SK네트웍스,기타 전문 도매업,"248,187,647","620,753,237,500",5130.0,5040.0,N/A,N/A,-526.0,9.0,545.0,0.57,9045.0,2.34
83,001770,신화실업,1차 철강 제조업,"1,214,878","6,074,390,000",19150.0,19150.0,N/A,35.59,538.0,N/A,N/A,0.69,27929.0,0.52
84,001780,알루코,1차 비철금속 제조업,"74,714,941","37,357,470,500",3440.0,4000.0,N/A,N/A,-76.0,N/A,N/A,1.22,2821.0,N/A
85,001790,대한제당,"곡물가공품, 전분 및 전분제품 제조업","8,969,658","24,044,835,000",18800.0,18650.0,N/A,11.78,1596.0,N/A,N/A,0.37,50544.0,3.59
87,001820,삼화콘덴서공업,전자부품 제조업,"10,395,000","10,395,000,000",54000.0,52800.0,N/A,29.32,1842.0,N/A,N/A,3.36,16066.0,0.46
88,001880,대림건설,건물 건설업,"22,053,284","110,266,420,000",24500.0,24500.0,N/A,3.09,7924.0,N/A,N/A,0.69,35701.0,1.63
89,001940,KISCO홀딩스,1차 철강 제조업,"18,476,380","18,476,380,000",11150.0,11000.0,N/A,4.89,2282.0,N/A,N/A,0.21,53729.0,2.51
92,002070,비비안,봉제의복 제조업,"68,679,450","6,867,945,000",4280.0,4155.0,N/A,N/A,-281.0,N/A,N/A,0.42,10243.0,N/A
93,002100,경농,"비료, 농약 및 살균, 살충제 제조업","21,691,750","10,845,875,000",14400.0,14650.0,N/A,40.34,357.0,N/A,N/A,1.28,11223.0,1.53
94,002140,고려산업,"곡물가공품, 전분 및 전분제품 제조업","24,939,425","24,939,425,000",4210.0,4035.0,N/A,19.49,216.0,N/A,N/A,1.09,3861.0,0.71
95,002150,도화엔지니어링,"건축기술, 엔지니어링 및 관련 기술 서비스업","33,720,000","16,860,000,000",7450.0,7320.0,N/A,15.05,495.0,N/A,N/A,0.98,7601.0,3.36
96,002170,삼양통상,"가죽, 가방 및 유사제품 제조업","3,000,000","15,000,000,000",61900.0,61700.0,N/A,4.2,14731.0,N/A,N/A,0.52,120155.0,1.62
97,002200,한국수출포장공업,"골판지, 종이 상자 및 종이용기 제조업","4,000,000","20,000,000,000",17250.0,17150.0,N/A,4.44,3888.0,N/A,N/A,0.27,62958.0,3.48
98,002210,동성제약,의약품 제조업,"26,100,970","26,100,970,000",12300.0,12650.0,N/A,N/A,-461.0,N/A,N/A,4.5,2736.0,N/A
99,002220,한일철강,1차 철강 제조업,"22,841,537","11,420,768,500",1675.0,1675.0,N/A,N/A,-419.0,N/A,N/A,0.24,6953.0,N/A
100,002240,고려제강,1차 철강 제조업,"20,000,000","20,000,000,000",14500.0,14450.0,N/A,N/A,-1051.0,N/A,N/A,0.21,68271.0,2.41
101,002270,롯데푸드,낙농제품 및 식용빙과류 제조업,"1,131,870","5,659,350,000",307500.0,304000.0,N/A,4.41,69738.0,N/A,N/A,0.37,830625.0,3.9
102,002310,아세아제지,"골판지, 종이 상자 및 종이용기 제조업","8,956,502","44,782,510,000",25250.0,25100.0,N/A,4.02,6287.0,N/A,N/A,0.37,67846.0,2.38
103,002320,한진,도로 화물 운송업,"11,974,656","59,873,280,000",43350.0,43150.0,N/A,42.25,1026.0,41.0,1055.0,0.58,75092.0,1.15
104,002350,넥센타이어,고무제품 제조업,"97,667,877","54,083,938,500",5180.0,5110.0,N/A,5.05,1025.0,13.0,396.0,0.34,15295.0,2.03
105,002360,SH에너지화학,기초 화학물질 제조업,"111,133,730","55,566,865,000",736.0,744.0,N/A,N/A,-70.0,N/A,N/A,0.89,831.0,N/A
106,002380,케이씨씨,기타 화학제품 제조업,"8,886,471","48,084,660,000",139000.0,138000.0,N/A,N/A,-49619.0,N/A,N/A,0.27,510847.0,3.96
107,002390,한독,의약품 제조업,"13,763,533","6,881,766,500",35100.0,34000.0,N/A,14.21,2470.0,N/A,N/A,1.39,25169.0,0.78
108,002410,범양건영,건물 건설업,"24,831,982","24,831,982,000",7000.0,6920.0,N/A,9.52,735.0,N/A,N/A,2.39,2925.0,N/A
109,002420,세기상사,"영화, 비디오물, 방송프로그램 제작 및 배급업","407,592","2,037,960,000",61600.0,61600.0,N/A,N/A,-2760.0,N/A,N/A,1.16,53268.0,N/A
110,002450,삼익악기,악기 제조업,"90,530,915","45,265,457,500",1330.0,1320.0,N/A,39.12,34.0,N/A,N/A,0.49,2729.0,3.76
111,002460,화성산업,건물 건설업,"12,450,800","62,254,000,000",11300.0,11250.0,N/A,5.76,1961.0,N/A,N/A,0.36,31566.0,4.43
112,002600,조흥,기타 식품 제조업,"600,000","3,000,000,000",151500.0,152500.0,N/A,12.72,11912.0,N/A,N/A,0.71,213629.0,3.96
114,002630,오리엔트바이오,의약품 제조업,"101,798,996","50,899,498,000",1675.0,1890.0,N/A,N/A,-102.0,N/A,N/A,3.27,513.0,N/A
115,002690,동일제강,1차 철강 제조업,"15,000,000","7,500,000,000",1940.0,1980.0,N/A,40.42,48.0,N/A,N/A,0.23,8611.0,0.51
116,002700,신일전자,기계장비 및 관련 물품 도매업,"71,047,521","35,523,760,500",1680.0,1690.0,N/A,15.14,111.0,N/A,N/A,1.63,1031.0,1.19
117,002710,TCC스틸,1차 철강 제조업,"23,000,000","23,000,000,000",3200.0,3245.0,N/A,N/A,-2.0,N/A,N/A,0.62,5176.0,0.91
118,002720,국제약품,의약품 제조업,"18,400,520","18,400,520,000",12150.0,14600.0,N/A,40.64,299.0,N/A,N/A,2.85,4269.0,N/A
119,002760,보락,기타 화학제품 제조업,"59,900,000","11,980,000,000",1915.0,1855.0,N/A,239.38,8.0,N/A,N/A,2.62,731.0,0.26
120,002780,진흥기업,토목 건설업,"145,471,745","73,311,885,500",2055.0,2060.0,N/A,36.7,56.0,N/A,N/A,2.93,702.0,N/A
121,002790,아모레퍼시픽그룹,기타 화학제품 제조업,"82,458,180","47,997,075,000",53500.0,53700.0,N/A,48.24,1109.0,63.0,848.0,1.46,36586.0,0.56
122,002810,삼영무역,기타 전문 도매업,"18,466,948","9,233,474,000",14000.0,13700.0,N/A,7.91,1771.0,N/A,N/A,0.68,20560.0,2.38
123,002820,선창산업,나무제품 제조업,"12,607,989","12,607,989,000",3405.0,3480.0,N/A,N/A,-2116.0,N/A,N/A,0.19,18320.0,N/A
124,002840,미원상사,기타 화학제품 제조업,"4,970,000","6,661,780,000",87100.0,84600.0,N/A,11.84,7356.0,N/A,N/A,1.87,46653.0,0.75
125,002870,신풍제지,"펄프, 종이 및 판지 제조업","34,958,700","17,479,350,000",1330.0,1360.0,N/A,5.41,246.0,N/A,N/A,0.59,2243.0,4.51
126,002880,대유에이텍,자동차 신품 부품 제조업,"106,915,987","53,457,993,500",638.0,631.0,N/A,25.52,25.0,N/A,N/A,0.67,949.0,N/A
127,002900,동양물산기업,특수 목적용 기계 제조업,"126,004,610","63,002,305,000",1070.0,1060.0,N/A,16.46,65.0,N/A,N/A,1.09,982.0,N/A
128,002920,유성기업,자동차 신품 부품 제조업,"25,947,500","12,973,750,000",2375.0,2360.0,N/A,6.73,353.0,N/A,N/A,0.22,10573.0,8.42
129,002960,한국쉘석유,석유 정제품 제조업,"1,300,000","7,000,000,000",238000.0,236000.0,N/A,13.95,17056.0,N/A,N/A,3.45,68899.0,6.72
130,002990,금호산업,건물 건설업,"36,633,924","184,630,950,000",7010.0,6850.0,N/A,5.7,1230.0,5.0,1480.0,0.65,10734.0,7.13
131,003000,부광약품,의약품 제조업,"64,837,978","33,289,457,500",36000.0,37500.0,N/A,N/A,-166.0,N/A,N/A,7.84,4592.0,0.53
132,003010,혜인,기계장비 및 관련 물품 도매업,"12,712,747","6,356,373,500",4680.0,4695.0,N/A,4680.0,1.0,N/A,N/A,0.5,9301.0,1.28
134,003060,에이프로젠제약,의약품 제조업,"398,575,766","199,287,883,000",1405.0,1370.0,N/A,127.73,11.0,N/A,N/A,1.42,986.0,N/A
135,003070,코오롱글로벌,토목 건설업,"25,210,438","127,616,205,000",14150.0,12700.0,N/A,6.86,2064.0,N/A,N/A,0.75,18855.0,2.47
136,003080,성보화학,"비료, 농약 및 살균, 살충제 제조업","20,020,000","10,010,000,000",4195.0,4210.0,N/A,N/A,-125.0,N/A,N/A,0.56,7499.0,3.22
138,003120,일성신약,의약품 제조업,"2,660,000","13,300,000,000",80400.0,81800.0,N/A,61.28,1312.0,N/A,N/A,0.36,224260.0,0.93
139,003160,디아이,"측정, 시험, 항해, 제어 및 기타 정밀기기 제조업; 광학기기 제외","31,496,785","17,248,392,500",3755.0,3900.0,N/A,13.18,285.0,N/A,N/A,0.75,4988.0,1.33
140,003200,일신방직,방적 및 가공사 제조업,"2,400,000","12,000,000,000",66900.0,66100.0,N/A,19.4,3448.0,N/A,N/A,0.22,310767.0,2.24
141,003220,대원제약,의약품 제조업,"20,243,603","10,121,801,500",19750.0,20850.0,N/A,13.83,1428.0,N/A,N/A,1.91,10325.0,1.28
142,003230,삼양식품,기타 식품 제조업,"7,533,015","37,665,075,000",111000.0,111000.0,N/A,11.12,9985.0,10.0,10994.0,2.6,42733.0,0.72
143,003240,태광산업,화학섬유 제조업,"1,113,400","5,567,000,000",670000.0,668000.0,N/A,5.72,117109.0,N/A,N/A,0.17,3932846.0,0.23
144,003280,흥아해운,해상 운송업,"116,732,559","58,366,279,500",258.0,258.0,N/A,N/A,-496.0,N/A,N/A,1.05,246.0,N/A
145,003300,한일홀딩스,"시멘트, 석회, 플라스터 및 그 제품 제조업","5,994,356","31,342,450,000",45200.0,44950.0,N/A,10.69,4229.0,N/A,N/A,0.28,163851.0,5.09
146,003350,한국화장품제조,기타 화학제품 제조업,"4,532,000","2,266,000,000",43500.0,45950.0,N/A,N/A,-219.0,N/A,N/A,3.21,13552.0,0.23
147,003410,쌍용양회공업,"시멘트, 석회, 플라스터 및 그 제품 제조업","503,859,595","505,403,280,000",5590.0,5580.0,N/A,21.09,265.0,19.0,301.0,1.61,3474.0,7.51
150,003480,한진중공업홀딩스,연료용 가스 제조 및 배관공급업,"29,529,812","155,149,060,000",3215.0,3200.0,N/A,2.91,1104.0,N/A,N/A,0.24,13224.0,N/A
151,003490,대한항공,항공 여객 운송업,"174,209,713","876,602,535,000",17900.0,17550.0,N/A,N/A,-6714.0,-4.0,-4024.0,0.98,18238.0,N/A
152,003520,영진약품,의약품 제조업,"182,892,731","91,446,365,500",6320.0,6210.0,N/A,486.15,13.0,N/A,N/A,9.77,647.0,N/A
156,003560,아이에이치큐,"영화, 비디오물, 방송프로그램 제작 및 배급업","146,235,748","73,117,874,000",1415.0,1385.0,N/A,N/A,-497.0,N/A,N/A,1.56,909.0,N/A
157,003570,S&T중공업,자동차 신품 부품 제조업,"33,252,697","85,631,742,500",4960.0,4910.0,N/A,10.93,454.0,N/A,N/A,0.21,23900.0,6.05
158,003580,넥스트사이언스,기타 비금속광물 광업,"32,012,942","16,006,471,000",5020.0,5020.0,N/A,N/A,-784.0,N/A,N/A,1.75,2866.0,N/A
159,003610,방림,직물직조 및 직물제품 제조업,"42,314,090","21,157,045,000",1900.0,1985.0,N/A,15.45,123.0,N/A,N/A,0.39,4921.0,2.11
160,003620,쌍용자동차,자동차용 엔진 및 자동차 제조업,"149,840,002","749,200,010,000",3580.0,3350.0,N/A,N/A,-3395.0,N/A,N/A,2.56,1401.0,N/A
161,003650,미창석유공업,석유 정제품 제조업,"1,739,672","8,698,360,000",58500.0,58700.0,N/A,5.35,10930.0,N/A,N/A,0.33,174669.0,3.42
162,003670,포스코케미칼,"내화, 비내화 요업제품 제조업","60,988,220","30,494,110,000",88500.0,87400.0,N/A,104.36,848.0,105.0,841.0,5.51,16076.0,0.45
163,003680,한성기업,수산물 가공 및 저장 처리업,"6,209,515","31,047,575,000",14300.0,14500.0,N/A,N/A,-2303.0,N/A,N/A,1.58,9054.0,N/A
164,003690,코리안리,재 보험업,"120,369,116","60,184,558,000",7030.0,7080.0,N/A,5.09,1380.0,N/A,N/A,0.32,22047.0,7.11
165,003720,삼영화학공업,플라스틱제품 제조업,"34,000,000","17,000,000,000",1710.0,1700.0,N/A,N/A,-31.0,N/A,N/A,1.32,1295.0,N/A
166,003780,진양산업,플라스틱제품 제조업,"13,000,000","6,500,000,000",3480.0,3495.0,N/A,6.6,527.0,N/A,N/A,1.07,3257.0,5.75
167,003830,대한화섬,화학섬유 제조업,"1,328,000","6,640,000,000",83900.0,82700.0,N/A,6.19,13549.0,N/A,N/A,0.17,484433.0,0.49
168,003850,보령제약,의약품 제조업,"47,620,000","23,810,000,000",15800.0,15450.0,N/A,25.2,627.0,N/A,N/A,2.15,7347.0,0.63
169,003920,남양유업,낙농제품 및 식용빙과류 제조업,"720,000","4,433,310,000",270000.0,270000.0,N/A,N/A,-25966.0,N/A,N/A,0.26,1045388.0,0.37
170,003960,사조대림,수산물 가공 및 저장 처리업,"9,164,467","45,822,335,000",14050.0,13750.0,N/A,1.44,9782.0,N/A,N/A,0.33,42880.0,1.07
171,004000,롯데정밀화학,기초 화학물질 제조업,"25,800,000","129,000,000,000",45500.0,41650.0,N/A,6.88,6612.0,7.0,6848.0,0.78,58617.0,3.74
172,004020,현대제철,1차 철강 제조업,"133,445,785","667,228,925,000",25400.0,25200.0,N/A,N/A,-1590.0,-30.0,-844.0,0.2,124463.0,2.95
173,004060,SG세계물산,상품 종합 도매업,"202,424,960","101,212,480,000",563.0,542.0,N/A,21.65,26.0,N/A,N/A,0.58,969.0,N/A
174,004080,신흥,기계장비 및 관련 물품 도매업,"9,600,000","6,733,070,000",9100.0,9100.0,N/A,11.06,823.0,N/A,N/A,0.93,9810.0,2.2
175,004090,한국석유공업,기타 비금속 광물제품 제조업,"655,200","3,276,000,000",95900.0,94000.0,N/A,N/A,-12040.0,N/A,N/A,0.42,225941.0,1.56
176,004100,태양금속공업,자동차 신품 부품 제조업,"36,700,000","20,000,000,000",986.0,974.0,N/A,N/A,-479.0,N/A,N/A,0.55,1809.0,0.51
177,004140,동방,기타 운송관련 서비스업,"34,636,700","34,636,700,000",1855.0,1865.0,N/A,N/A,-775.0,N/A,N/A,0.77,2410.0,N/A
179,004170,신세계,종합 소매업,"9,845,181","49,225,905,000",206000.0,205000.0,N/A,N/A,-14384.0,-123.0,-1675.0,0.53,386376.0,0.97
180,004250,엔피씨,플라스틱제품 제조업,"36,720,000","21,000,000,000",3040.0,3010.0,N/A,9.27,328.0,N/A,N/A,0.44,6913.0,3.29
181,004270,남성,기타 전문 도매업,"36,212,160","18,106,080,000",2445.0,2310.0,N/A,N/A,-125.0,N/A,N/A,0.89,2762.0,1.02
182,004310,현대약품,의약품 제조업,"32,000,000","16,000,000,000",5880.0,6040.0,N/A,59.39,99.0,N/A,N/A,1.87,3152.0,0.76
183,004360,세방,도로 화물 운송업,"19,308,690","11,498,970,000",9780.0,9750.0,N/A,25.47,384.0,N/A,N/A,0.26,37507.0,1.79
184,004370,농심,기타 식품 제조업,"6,082,642","30,413,210,000",361000.0,363500.0,N/A,17.96,20099.0,16.0,22618.0,1.04,346917.0,1.11
185,004380,삼익THK,일반 목적용 기계 제조업,"21,000,000","10,500,000,000",10000.0,9720.0,N/A,36.9,271.0,N/A,N/A,1.1,9113.0,1.5
186,004410,서울식품공업,기타 식품 제조업,"337,410,000","33,963,450,000",147.0,147.0,N/A,N/A,-5.0,N/A,N/A,1.99,74.0,N/A
187,004430,송원산업,기타 화학제품 제조업,"24,000,000","12,000,000,000",11600.0,11700.0,N/A,9.48,1223.0,N/A,N/A,0.62,18568.0,1.29
188,004440,대림씨엔에스,"시멘트, 석회, 플라스터 및 그 제품 제조업","12,731,947","12,731,947,000",7700.0,7660.0,N/A,43.75,176.0,N/A,N/A,0.35,21956.0,0.49
189,004450,삼화왕관,기타 금속 가공제품 제조업,"2,154,379","10,771,895,000",39750.0,39200.0,N/A,8.89,4473.0,N/A,N/A,0.51,78222.0,3.4
190,004490,세방전지,일차전지 및 축전지 제조업,"14,000,000","7,000,000,000",27950.0,27650.0,N/A,5.06,5520.0,N/A,N/A,0.34,81045.0,1.79
191,004540,깨끗한나라,"펄프, 종이 및 판지 제조업","37,240,693","37,606,853,000",4355.0,4480.0,N/A,4.33,1005.0,N/A,N/A,0.88,4927.0,N/A
192,004560,현대비앤지스틸,1차 철강 제조업,"15,078,811","75,943,315,000",7250.0,7220.0,N/A,7.32,990.0,N/A,N/A,0.27,26834.0,1.38
193,004690,삼천리,연료용 가스 제조 및 배관공급업,"4,055,025","20,275,125,000",76900.0,75200.0,N/A,23.1,3329.0,N/A,N/A,0.2,379521.0,3.9
194,004700,조광피혁,"가죽, 가방 및 유사제품 제조업","6,649,138","34,245,690,000",49300.0,48850.0,N/A,24.38,2022.0,N/A,N/A,0.64,76953.0,N/A
195,004710,한솔테크닉스,전자부품 제조업,"32,109,878","160,549,390,000",8230.0,8180.0,N/A,18.49,445.0,N/A,N/A,0.91,9069.0,N/A
196,004720,우리들제약,의약품 제조업,"13,706,224","6,853,112,000",21000.0,26350.0,N/A,N/A,-35.0,N/A,N/A,4.11,5104.0,N/A
197,004770,써니전자,반도체 제조업,"34,845,011","18,372,505,500",3840.0,3785.0,N/A,27.04,142.0,N/A,N/A,2.21,1741.0,N/A
199,004830,덕성,플라스틱제품 제조업,"15,680,000","8,536,000,000",5250.0,5430.0,N/A,52.5,100.0,N/A,N/A,1.27,4150.0,0.38
201,004870,티웨이홀딩스,"시멘트, 석회, 플라스터 및 그 제품 제조업","76,680,855","38,340,427,500",969.0,961.0,N/A,N/A,-947.0,N/A,N/A,0.69,1403.0,N/A
202,004890,동일산업,1차 철강 제조업,"2,425,215","12,126,075,000",69300.0,68800.0,N/A,74.68,928.0,N/A,N/A,0.42,164551.0,1.08
203,004910,조광페인트,기타 화학제품 제조업,"12,800,000","6,400,000,000",5030.0,5060.0,N/A,N/A,-146.0,N/A,N/A,0.26,19399.0,3.98
204,004920,씨아이테크,그외 기타 제품 제조업,"24,070,772","12,035,386,000",1030.0,1010.0,N/A,N/A,-273.0,N/A,N/A,0.63,1637.0,N/A
205,004960,한신공영,건물 건설업,"11,570,702","57,853,510,000",13700.0,13750.0,N/A,2.13,6438.0,N/A,N/A,0.29,46907.0,2.56
206,004970,신라교역,어로 어업,"16,000,000","8,000,000,000",9960.0,9830.0,N/A,40.32,247.0,N/A,N/A,0.31,32403.0,5.02
207,004980,성신양회,"시멘트, 석회, 플라스터 및 그 제품 제조업","24,516,073","128,508,590,000",7030.0,7040.0,N/A,19.92,353.0,N/A,N/A,0.46,15286.0,2.13
209,005010,휴스틸,1차 철강 제조업,"7,621,668","38,108,340,000",6750.0,6740.0,N/A,N/A,-2097.0,N/A,N/A,0.13,50422.0,4.44
210,005030,부산주공,자동차 신품 부품 제조업,"42,397,604","21,198,802,000",315.0,314.0,N/A,N/A,-577.0,N/A,N/A,0.5,624.0,N/A
211,005070,코스모신소재,기타 화학제품 제조업,"29,247,965","29,247,965,000",14100.0,13850.0,N/A,N/A,-114.0,N/A,N/A,2.76,5111.0,N/A
212,005090,삼광글라스,유리 및 유리제품 제조업,"4,854,418","24,272,090,000",34450.0,33450.0,N/A,22.06,1562.0,N/A,N/A,0.59,58443.0,2.9
213,005110,한창,기계장비 및 관련 물품 도매업,"34,790,269","17,395,134,500",1245.0,1220.0,N/A,N/A,-357.0,N/A,N/A,2.03,614.0,N/A
214,005180,빙그레,낙농제품 및 식용빙과류 제조업,"9,851,241","49,756,205,000",58200.0,58300.0,N/A,13.79,4219.0,13.0,4534.0,0.91,63618.0,2.49
215,005190,동성화학,기초 화학물질 제조업,"5,335,564","5,531,244,000",16400.0,16200.0,N/A,5.8,2830.0,N/A,N/A,0.73,22483.0,3.66
217,005300,롯데칠성음료,비알코올음료 및 얼음 제조업,"7,993,460","4,384,385,000",96500.0,95100.0,N/A,N/A,-10093.0,26.0,3716.0,0.66,145448.0,2.8
218,005320,국동,생활용품 도매업,"38,026,114","19,013,057,000",3120.0,3000.0,N/A,N/A,-317.0,N/A,N/A,1.3,2402.0,N/A
219,005360,모나미,생활용품 도매업,"18,897,307","18,897,307,000",6840.0,7010.0,N/A,N/A,-222.0,N/A,N/A,1.86,3682.0,1.02
220,005380,현대자동차,자동차용 엔진 및 자동차 제조업,"213,668,187","1,488,993,125,000",156000.0,155000.0,N/A,16.53,9438.0,16.0,9554.0,0.58,266807.0,2.56
221,005390,신성통상,기타 전문 도매업,"143,708,390","71,854,195,000",1730.0,1715.0,N/A,N/A,-26.0,N/A,N/A,1.07,1616.0,N/A
222,005420,코스모화학,기타 화학제품 제조업,"26,110,825","26,110,825,000",10800.0,10600.0,N/A,N/A,-687.0,N/A,N/A,2.02,5338.0,N/A
223,005430,한국공항,기타 운송관련 서비스업,"3,166,355","15,831,775,000",30750.0,30400.0,N/A,46.38,663.0,N/A,N/A,0.31,99710.0,3.25
224,005440,현대그린푸드,종합 소매업,"97,704,482","48,852,241,000",7350.0,7360.0,N/A,15.15,485.0,7.0,1018.0,0.38,19210.0,2.86
225,005490,포스코,1차 철강 제조업,"87,186,835","482,403,125,000",199000.0,195000.0,N/A,18.92,10520.0,17.0,11882.0,0.36,555827.0,5.03
226,005500,삼진제약,의약품 제조업,"13,900,000","13,900,000,000",29900.0,28700.0,N/A,15.12,1977.0,N/A,N/A,1.8,16623.0,2.68
227,005610,SPC삼립,기타 식품 제조업,"8,629,009","43,145,045,000",60600.0,60400.0,N/A,N/A,-1705.0,24.0,2558.0,1.64,36919.0,1.82
228,005680,삼영전자공업,전자부품 제조업,"20,000,000","10,000,000,000",7940.0,7980.0,N/A,15.01,529.0,N/A,N/A,0.33,24419.0,3.15
229,005690,파미셀,기초 의약물질 및 생물학적 제제 제조업,"59,958,950","29,979,475,000",20800.0,21500.0,N/A,203.92,102.0,N/A,N/A,22.54,923.0,N/A
230,005720,넥센,고무제품 제조업,"53,543,977","28,572,288,500",3740.0,3700.0,N/A,6.45,580.0,N/A,N/A,0.2,18431.0,2.14
232,005750,대림비앤코,"내화, 비내화 요업제품 제조업","16,672,240","16,672,240,000",4890.0,4885.0,N/A,N/A,-32.0,N/A,N/A,0.51,9525.0,2.66
233,005800,신영와코루,봉제의복 제조업,"900,000","4,500,000,000",95300.0,95300.0,N/A,18.19,5238.0,N/A,N/A,0.28,343598.0,1.57
235,005820,원림,직물직조 및 직물제품 제조업,"2,200,000","11,000,000,000",16850.0,16600.0,N/A,42.44,397.0,N/A,N/A,0.37,45581.0,1.48
237,005850,에스엘,자동차 신품 부품 제조업,"48,203,277","24,101,638,500",12350.0,12500.0,N/A,6.74,1832.0,10.0,1268.0,0.41,29776.0,3.24
238,005870,휴니드테크놀러지스,통신 및 방송 장비 제조업,"14,116,015","70,580,075,000",6180.0,5890.0,N/A,N/A,-122.0,N/A,N/A,0.73,8443.0,N/A
239,005880,대한해운,해상 운송업,"24,427,109","122,135,545,000",15650.0,15750.0,N/A,36.23,432.0,86.0,181.0,4.21,3716.0,N/A
240,005930,삼성전자,통신 및 방송 장비 제조업,"5,969,782,550","897,513,820,000",55900.0,55400.0,N/A,17.49,3196.0,15.0,3627.0,1.45,38534.0,2.53
242,005950,이수화학,기초 화학물질 제조업,"15,278,000","76,390,000,000",8080.0,7890.0,N/A,38.48,210.0,N/A,N/A,0.43,18991.0,4.48
243,005960,동부건설,토목 건설업,"22,701,669","114,637,005,000",10500.0,10200.0,N/A,4.4,2388.0,N/A,N/A,0.57,18574.0,6.67
244,006040,동원산업,어로 어업,"3,677,641","18,388,205,000",207500.0,200000.0,N/A,20.73,10012.0,N/A,N/A,0.66,314989.0,0.96
245,006060,화승인더스트리,플라스틱제품 제조업,"55,320,000","27,660,000,000",6550.0,6400.0,N/A,7.06,928.0,N/A,N/A,0.74,8867.0,0.69
246,006090,사조오양,수산물 가공 및 저장 처리업,"9,422,739","47,113,695,000",8120.0,8160.0,N/A,4.79,1695.0,N/A,N/A,0.44,18359.0,1.23
247,006110,삼아알미늄,1차 비철금속 제조업,"11,000,000","5,500,000,000",5430.0,5320.0,N/A,13.05,416.0,N/A,N/A,0.55,9945.0,2.03
252,006280,녹십자,의약품 제조업,"11,686,538","58,432,690,000",272000.0,283500.0,N/A,532.29,511.0,62.0,4391.0,2.99,91049.0,0.37
253,006340,대원전선,절연선 및 케이블 제조업,"68,107,171","35,364,185,500",950.0,925.0,N/A,N/A,N/A,N/A,N/A,0.82,1160.0,N/A
254,006360,GS건설,건물 건설업,"80,097,804","400,489,020,000",24850.0,24800.0,N/A,5.21,4768.0,4.0,5721.0,0.49,50588.0,4.02
255,006370,대구백화점,종합 소매업,"10,821,611","54,108,055,000",5620.0,5810.0,N/A,N/A,-1990.0,N/A,N/A,0.17,33316.0,1.78
256,006380,카프로,기초 화학물질 제조업,"40,000,000","20,000,000,000",2465.0,2455.0,N/A,N/A,-2500.0,N/A,N/A,0.58,4248.0,N/A
257,006390,한일현대시멘트,"시멘트, 석회, 플라스터 및 그 제품 제조업","16,821,290","84,106,450,000",27400.0,26900.0,N/A,9.99,2744.0,N/A,N/A,2.2,12452.0,3.65
258,006400,삼성SDI,일차전지 및 축전지 제조업,"68,764,530","356,712,130,000",423500.0,414500.0,N/A,155.58,2722.0,61.0,6935.0,2.3,183917.0,0.24
259,006490,인스코비,전기 통신업,"98,630,240","49,315,120,000",1985.0,1960.0,N/A,N/A,-306.0,N/A,N/A,6.42,309.0,N/A
260,006570,대림통상,기타 금속 가공제품 제조업,"15,225,000","16,425,000,000",4340.0,4350.0,N/A,N/A,-790.0,N/A,N/A,0.75,5759.0,3.23
261,006650,대한유화,기초 화학물질 제조업,"6,500,000","41,000,000,000",112500.0,111000.0,N/A,8.72,12904.0,7.0,16448.0,0.39,289341.0,2.22
262,006660,삼성공조,자동차 신품 부품 제조업,"8,126,314","4,063,157,000",6240.0,6190.0,N/A,23.03,271.0,N/A,N/A,0.23,27141.0,0.96
263,006740,영풍제지,"골판지, 종이 상자 및 종이용기 제조업","22,200,000","11,100,000,000",3250.0,3095.0,N/A,6.9,471.0,N/A,N/A,0.46,7012.0,1.23
266,006880,신송홀딩스,산업용 농·축산물 및 동·식물 도매업,"11,828,858","5,914,429,000",3595.0,3625.0,N/A,N/A,-2691.0,N/A,N/A,0.45,7984.0,2.22
267,006890,태경케미컬,기초 화학물질 제조업,"11,600,000","5,800,000,000",8410.0,8730.0,N/A,8.6,978.0,N/A,N/A,0.83,10158.0,1.78
268,006980,우성사료,"곡물가공품, 전분 및 전분제품 제조업","30,900,000","15,450,000,000",3015.0,2975.0,N/A,6.36,474.0,N/A,N/A,0.45,6656.0,0.5
269,007070,GS리테일,종합 소매업,"77,000,000","77,000,000,000",31600.0,32050.0,N/A,14.57,2169.0,13.0,2438.0,1.1,28656.0,2.37
270,007110,일신석재,"건축자재, 철물 및 난방장치 도매업","77,456,610","38,728,305,000",2060.0,2005.0,N/A,257.5,8.0,N/A,N/A,3.07,670.0,N/A
271,007120,미래아이앤지,"컴퓨터 프로그래밍, 시스템 통합 및 관리업","129,484,148","12,948,414,800",344.0,339.0,N/A,1.46,236.0,N/A,N/A,0.5,687.0,N/A
272,007160,사조산업,어로 어업,"5,000,000","25,000,000,000",29300.0,29500.0,N/A,N/A,-5016.0,N/A,N/A,0.37,80111.0,0.51
273,007210,벽산,기타 비금속 광물제품 제조업,"68,560,000","34,280,000,000",1750.0,1740.0,N/A,N/A,-37.0,N/A,N/A,0.44,3971.0,N/A
274,007280,한국특수형강,1차 철강 제조업,"32,353,490","16,176,745,000",1385.0,1385.0,N/A,N/A,-456.0,N/A,N/A,0.66,2083.0,N/A
275,007310,오뚜기,기타 식품 제조업,"3,605,237","18,026,185,000",585000.0,574000.0,N/A,16.71,35008.0,15.0,38585.0,1.48,394128.0,1.28
276,007340,디티알오토모티브,일차전지 및 축전지 제조업,"9,994,005","4,997,002,500",22450.0,22100.0,N/A,4.03,5566.0,N/A,N/A,0.32,70485.0,6.68
277,007460,에이프로젠 KIC,기타 금속 가공제품 제조업,"178,678,039","89,339,019,500",2740.0,2630.0,N/A,97.86,28.0,N/A,N/A,1.47,1858.0,N/A
279,007570,일양약품,의약품 제조업,"19,085,664","48,826,860,000",77600.0,80700.0,N/A,159.67,486.0,N/A,N/A,7.17,10827.0,0.16
280,007590,동방아그로,"비료, 농약 및 살균, 살충제 제조업","13,617,577","6,808,788,500",6130.0,6100.0,N/A,14.32,428.0,N/A,N/A,0.49,12501.0,4.08
281,007610,선도전기,"전동기, 발전기 및 전기 변환 · 공급 · 제어 장치 제조업","18,000,000","9,000,000,000",2500.0,2400.0,N/A,N/A,-58.0,N/A,N/A,0.54,4666.0,1.0
282,007630,폴루스바이오팜,상품 중개업,"39,311,572","19,655,786,000",1225.0,1225.0,N/A,N/A,-285.0,N/A,N/A,0.83,1468.0,N/A
283,007660,이수페타시스,전자부품 제조업,"41,268,398","41,268,398,000",4735.0,4650.0,N/A,N/A,-1992.0,N/A,N/A,2.65,1790.0,1.27
284,007690,국도화학,기초 화학물질 제조업,"5,810,616","29,053,080,000",37650.0,37400.0,N/A,6.68,5639.0,N/A,N/A,0.39,95868.0,3.98
285,007700,F&F,봉제의복 제조업,"15,400,000","7,700,000,000",96700.0,94600.0,N/A,14.49,6675.0,15.0,6364.0,3.0,32194.0,1.03
286,007810,코리아써키트,전자부품 제조업,"23,620,751","13,684,570,000",12350.0,12100.0,N/A,29.76,415.0,N/A,N/A,0.99,12440.0,N/A
288,007980,태평양물산,봉제의복 제조업,"48,149,587","24,955,871,000",1725.0,1550.0,N/A,N/A,-100.0,N/A,N/A,0.5,3450.0,1.74
289,008040,사조동아원,"곡물가공품, 전분 및 전분제품 제조업","141,144,600","70,572,300,000",819.0,815.0,N/A,N/A,-28.0,N/A,N/A,0.54,1513.0,N/A
290,008060,대덕,전자부품 제조업,"28,590,047","14,901,202,000",6040.0,6000.0,N/A,8.64,699.0,N/A,N/A,1.26,4804.0,4.97
291,008110,대동전자,통신 및 방송 장비 제조업,"10,490,447","5,245,223,500",4380.0,4280.0,N/A,13.99,313.0,N/A,N/A,0.27,16214.0,11.42
292,008250,이건산업,나무제품 제조업,"10,952,635","54,763,175,000",7220.0,6790.0,N/A,62.24,116.0,N/A,N/A,0.41,17512.0,2.77
293,008260,NI스틸,1차 철강 제조업,"28,600,117","14,300,058,500",2100.0,2045.0,N/A,8.43,249.0,N/A,N/A,0.52,4002.0,2.38
294,008350,남선알미늄,1차 비철금속 제조업,"110,179,090","55,243,490,000",5170.0,4770.0,N/A,34.47,150.0,N/A,N/A,3.09,1671.0,N/A
295,008420,문배철강,1차 철강 제조업,"20,503,505","10,251,752,500",2510.0,2510.0,N/A,17.55,143.0,N/A,N/A,0.43,5780.0,1.99
296,008490,서흥,기타 화학제품 제조업,"11,569,113","6,084,556,500",57800.0,57900.0,N/A,16.02,3608.0,N/A,N/A,1.99,28994.0,0.69
297,008500,일정실업,편조원단 제조업,"1,200,000","6,000,000,000",11850.0,11950.0,N/A,N/A,-8926.0,N/A,N/A,0.52,22767.0,N/A
299,008600,윌비스,생활용품 도매업,"64,894,721","70,540,861,000",1145.0,1100.0,N/A,N/A,-589.0,N/A,N/A,0.6,1908.0,N/A
300,008700,아남전자,영상 및 음향기기 제조업,"77,124,820","38,562,410,000",1470.0,1410.0,N/A,N/A,-7.0,N/A,N/A,1.92,764.0,N/A
301,008730,율촌화학,플라스틱제품 제조업,"24,800,000","14,776,380,000",15300.0,15500.0,N/A,15.61,980.0,N/A,N/A,1.11,13816.0,3.27
302,008770,호텔신라,기타 상품 전문 소매업,"39,248,121","200,000,000,000",71400.0,70700.0,N/A,N/A,-1891.0,-15.0,-4828.0,3.52,20265.0,0.49
303,008870,금비,유리 및 유리제품 제조업,"1,000,000","5,000,000,000",52500.0,51500.0,N/A,57.07,920.0,N/A,N/A,0.42,126201.0,3.24
305,008970,동양철관,1차 철강 제조업,"118,885,290","59,442,645,000",988.0,969.0,N/A,17.33,57.0,N/A,N/A,1.38,717.0,N/A
306,009070,케이씨티시,도로 화물 운송업,"30,000,000","15,000,000,000",2135.0,2090.0,N/A,10.62,201.0,N/A,N/A,0.33,6487.0,2.11
307,009140,경인전자,전자부품 제조업,"1,570,797","7,853,985,000",19450.0,19000.0,N/A,16.58,1173.0,N/A,N/A,0.46,42586.0,1.28
308,009150,삼성전기,전자부품 제조업,"74,693,696","388,003,400,000",126500.0,124500.0,N/A,19.0,6657.0,21.0,6025.0,1.78,70999.0,0.87
309,009160,SIMPAC,특수 목적용 기계 제조업,"65,429,516","32,714,758,000",2310.0,2335.0,N/A,17.37,133.0,N/A,N/A,0.31,7456.0,2.6
310,009180,한솔로지스틱스,기타 운송관련 서비스업,"27,477,425","14,340,941,000",2010.0,2005.0,N/A,7.73,260.0,N/A,N/A,1.1,1827.0,1.99
311,009190,대양금속,1차 철강 제조업,"29,565,939","14,782,969,500",3890.0,3785.0,N/A,51.18,76.0,N/A,N/A,2.14,1816.0,N/A
312,009200,무림페이퍼,"펄프, 종이 및 판지 제조업","41,609,310","104,023,275,000",2065.0,1995.0,N/A,N/A,-294.0,N/A,N/A,0.2,10539.0,2.42
313,009240,한샘,생활용품 도매업,"23,533,928","23,533,928,000",99000.0,91900.0,N/A,54.91,1803.0,35.0,2818.0,2.98,33243.0,1.21
314,009270,신원,봉제의복 제조업,"85,042,499","42,566,619,500",1465.0,1420.0,N/A,N/A,-51.0,N/A,N/A,0.56,2626.0,N/A
315,009290,광동제약,의약품 제조업,"52,420,851","52,420,851,000",8740.0,8770.0,N/A,16.25,538.0,N/A,N/A,0.8,10943.0,0.92
316,009310,참엔지니어링,특수 목적용 기계 제조업,"55,361,480","28,105,738,500",1315.0,1300.0,N/A,N/A,-274.0,N/A,N/A,1.16,1131.0,N/A
317,009320,대우부품,자동차 신품 부품 제조업,"47,646,375","23,823,187,500",2290.0,2250.0,N/A,N/A,-67.0,N/A,N/A,2.98,768.0,N/A
318,009410,태영건설,토목 건설업,"76,400,000","39,478,740,000",19000.0,18700.0,N/A,14.08,1349.0,N/A,N/A,1.12,16896.0,0.79
319,009420,한올바이오파마,의약품 제조업,"52,240,638","26,120,319,000",33900.0,29650.0,N/A,82.48,411.0,109.0,311.0,11.07,3063.0,N/A
321,009450,경동나비엔,가정용 기기 제조업,"12,739,510","12,739,510,000",51300.0,49050.0,N/A,16.67,3077.0,N/A,N/A,2.03,25234.0,0.58
322,009460,한창제지,"펄프, 종이 및 판지 제조업","59,667,486","29,833,743,000",1855.0,1840.0,N/A,13.16,141.0,N/A,N/A,1.23,1503.0,1.08
323,009470,삼화전기,전자부품 제조업,"6,613,820","6,613,820,000",17850.0,17300.0,N/A,175.0,102.0,N/A,N/A,2.64,6767.0,0.56
324,009540,한국조선해양,선박 및 보트 건조업,"70,773,116","353,865,580,000",87700.0,87500.0,N/A,20.91,4194.0,33.0,2648.0,0.53,165320.0,N/A
325,009580,무림P&P,"펄프, 종이 및 판지 제조업","62,368,324","155,920,810,000",2975.0,2935.0,N/A,N/A,-86.0,N/A,N/A,0.31,9623.0,5.88
326,009680,모토닉,자동차 신품 부품 제조업,"33,000,000","16,500,000,000",9450.0,9750.0,N/A,26.25,360.0,N/A,N/A,0.51,18595.0,3.17
327,009770,삼정펄프,"펄프, 종이 및 판지 제조업","2,499,971","12,499,855,000",28050.0,28000.0,N/A,3.87,7252.0,N/A,N/A,0.35,80724.0,N/A
328,009810,엔케이물산,기타 전문 도매업,"83,578,428","41,789,214,000",331.0,363.0,N/A,N/A,-145.0,N/A,N/A,0.07,5053.0,N/A
329,009830,한화솔루션,기초 화학물질 제조업,"159,864,497","821,170,655,000",30900.0,30400.0,N/A,N/A,-1036.0,13.0,2334.0,0.83,37273.0,0.65
331,010040,한국내화,"내화, 비내화 요업제품 제조업","22,863,632","11,431,816,000",3090.0,3075.0,N/A,60.59,51.0,N/A,N/A,0.5,6236.0,1.13
333,010060,OCI,기초 화학물질 제조업,"23,849,371","127,246,855,000",61200.0,59700.0,N/A,N/A,-33948.0,-16.0,-3926.0,0.57,107967.0,N/A
334,010100,한국프랜지공업,자동차 신품 부품 제조업,"30,450,420","30,450,420,000",2145.0,2075.0,N/A,3.75,572.0,N/A,N/A,0.29,7310.0,2.33
335,010120,엘에스일렉트릭,"전동기, 발전기 및 전기 변환 · 공급 · 제어 장치 제조업","30,000,000","150,000,000,000",50400.0,50200.0,N/A,15.25,3304.0,14.0,3549.0,1.09,46101.0,2.38
336,010130,고려아연,1차 비철금속 제조업,"18,870,000","94,350,000,000",411500.0,405500.0,N/A,12.53,32829.0,13.0,30907.0,1.1,375789.0,3.4
337,010140,삼성중공업,선박 및 보트 건조업,"630,000,000","3,150,574,225,000",5170.0,5100.0,N/A,N/A,-2895.0,-4.0,-1475.0,0.69,7489.0,N/A
338,010400,우진아이엔에스,건물설비 설치 공사업,"7,622,000","3,811,000,000",7470.0,7000.0,N/A,23.94,312.0,N/A,N/A,0.54,13934.0,3.35
339,010420,한솔피엔에스,기타 전문 도매업,"20,493,012","10,246,506,000",1400.0,1375.0,N/A,9.33,150.0,N/A,N/A,0.7,2007.0,1.79
340,010580,지코,자동차 신품 부품 제조업,"64,581,636","32,290,818,000",306.0,306.0,N/A,N/A,-271.0,N/A,N/A,1.51,203.0,N/A
341,010600,웰바이오텍,상품 중개업,"43,229,886","21,614,943,000",2310.0,2285.0,N/A,N/A,-445.0,N/A,N/A,1.32,1754.0,N/A
342,010620,현대미포조선,선박 및 보트 건조업,"39,942,149","199,710,745,000",30700.0,30300.0,N/A,16.43,1868.0,16.0,1976.0,0.52,58845.0,1.14
343,010640,진양폴리우레탄,플라스틱제품 제조업,"10,000,000","5,000,000,000",2675.0,2665.0,N/A,3.74,716.0,N/A,N/A,1.01,2653.0,3.74
344,010660,화천기계,특수 목적용 기계 제조업,"22,000,000","11,000,000,000",3000.0,2970.0,N/A,N/A,-327.0,N/A,N/A,0.49,6132.0,N/A
345,010690,화신,자동차 신품 부품 제조업,"34,920,410","17,460,205,000",2235.0,2230.0,N/A,N/A,-1706.0,N/A,N/A,0.3,7559.0,2.24
346,010770,평화홀딩스,자동차 신품 부품 제조업,"14,625,466","7,312,733,000",2830.0,2755.0,N/A,N/A,-1447.0,N/A,N/A,0.37,7594.0,5.3
347,010780,아이에스동서,"내화, 비내화 요업제품 제조업","30,892,606","15,446,303,000",41150.0,40200.0,N/A,22.77,1807.0,12.0,3550.0,1.17,35142.0,1.7
348,010820,퍼스텍,무기 및 총포탄 제조업,"48,061,460","24,030,730,000",2080.0,2005.0,N/A,N/A,-156.0,N/A,N/A,4.37,476.0,N/A
349,010950,S-Oil,석유 정제품 제조업,"112,582,792","291,511,797,500",58500.0,58100.0,N/A,N/A,-7275.0,-11.0,-5539.0,1.23,47470.0,0.34
350,010960,삼호개발,기반조성 및 시설물 축조관련 전문공사업,"25,000,000","12,500,000,000",3980.0,3985.0,N/A,4.79,831.0,N/A,N/A,0.48,8281.0,4.77
351,011000,진원생명과학,의약품 제조업,"44,618,808","44,618,808,000",14100.0,12750.0,N/A,N/A,-329.0,N/A,N/A,12.13,1162.0,N/A
352,011070,LG이노텍,전자부품 제조업,"23,667,107","118,335,535,000",146500.0,145000.0,N/A,15.17,9660.0,10.0,14325.0,1.51,96917.0,0.2
353,011090,에넥스,가구 제조업,"59,991,641","29,995,820,500",987.0,970.0,N/A,N/A,-73.0,N/A,N/A,1.08,913.0,N/A
354,011150,CJ씨푸드,기타 식품 제조업,"35,930,773","18,065,386,500",4045.0,4070.0,N/A,46.49,87.0,N/A,N/A,2.22,1825.0,N/A
355,011170,롯데케미칼,기초 화학물질 제조업,"34,275,419","171,377,095,000",171500.0,169000.0,N/A,32.72,5241.0,28.0,6069.0,0.45,380304.0,3.91
356,011200,HMM,해상 운송업,"326,726,323","1,633,631,615,000",5600.0,5560.0,N/A,N/A,-1501.0,N/A,N/A,1.72,3254.0,N/A
357,011210,현대위아,자동차 신품 부품 제조업,"27,195,083","135,975,415,000",39250.0,39150.0,N/A,16.93,2318.0,15.0,2665.0,0.33,117263.0,1.78
358,011230,삼화전자공업,영상 및 음향기기 제조업,"10,457,940","10,457,940,000",2650.0,2655.0,N/A,N/A,-399.0,N/A,N/A,2.69,985.0,N/A
359,011280,태림포장,"골판지, 종이 상자 및 종이용기 제조업","70,805,940","35,402,970,000",3135.0,3135.0,N/A,22.88,137.0,N/A,N/A,0.71,4446.0,9.25
360,011300,성안,직물직조 및 직물제품 제조업,"56,857,860","28,428,930,000",391.0,385.0,N/A,N/A,-174.0,N/A,N/A,0.33,1203.0,N/A
361,011330,유니켐,"가죽, 가방 및 유사제품 제조업","68,710,343","34,355,171,500",1345.0,1285.0,N/A,7.08,190.0,N/A,N/A,1.01,1335.0,N/A
362,011390,부산산업,"시멘트, 석회, 플라스터 및 그 제품 제조업","1,056,000","5,280,000,000",118000.0,115500.0,N/A,45.61,2587.0,N/A,N/A,2.19,53767.0,0.21
363,011420,갤럭시아에스엠,스포츠 서비스업,"27,549,644","13,774,822,000",1340.0,1380.0,N/A,N/A,-14.0,N/A,N/A,2.12,632.0,N/A
364,011500,한농화성,기타 화학제품 제조업,"15,637,042","7,818,521,000",5530.0,5600.0,N/A,6.55,844.0,N/A,N/A,0.68,8175.0,2.71
365,011690,유양디앤유,반도체 제조업,"58,494,201","29,247,100,500",1220.0,1220.0,N/A,N/A,-613.0,N/A,N/A,1.39,877.0,N/A
366,011700,한신기계공업,일반 목적용 기계 제조업,"32,446,151","16,223,075,500",1315.0,1305.0,N/A,21.92,60.0,N/A,N/A,0.51,2594.0,1.14
367,011760,현대종합상사,상품 종합 도매업,"13,228,966","66,144,830,000",13350.0,13050.0,N/A,5.98,2233.0,5.0,2439.0,0.47,28325.0,4.49
368,011780,금호석유화학,기초 화학물질 제조업,"30,467,691","167,455,885,000",101500.0,102000.0,N/A,11.61,8741.0,8.0,12087.0,1.02,99235.0,1.48
369,011790,SKC,기타 화학제품 제조업,"37,534,555","187,672,775,000",88100.0,80200.0,N/A,31.92,2760.0,23.0,3769.0,1.58,55680.0,1.13
370,011810,STX,상품 종합 도매업,"19,726,902","49,317,255,000",4885.0,4930.0,N/A,N/A,-788.0,N/A,N/A,1.83,2676.0,N/A
371,011930,신성이엔지,반도체 제조업,"184,525,352","92,372,676,000",1375.0,1160.0,N/A,37.16,37.0,N/A,N/A,1.51,908.0,N/A
372,012030,DB,"컴퓨터 프로그래밍, 시스템 통합 및 관리업","201,173,933","100,586,966,500",684.0,682.0,N/A,13.68,50.0,N/A,N/A,0.58,1174.0,N/A
373,012160,영흥,1차 철강 제조업,"85,826,509","42,913,254,500",1115.0,1095.0,N/A,N/A,-25.0,N/A,N/A,0.38,2929.0,2.69
374,012170,키위미디어그룹,"영화, 비디오물, 방송프로그램 제작 및 배급업","197,284,650","98,642,325,000",150.0,150.0,N/A,N/A,-9229.0,N/A,N/A,0.46,325.0,N/A
375,012200,계양전기,일반 목적용 기계 제조업,"32,600,000","17,000,000,000",3045.0,3010.0,N/A,1522.5,2.0,N/A,N/A,0.56,5460.0,1.15
376,012280,영화금속,자동차 신품 부품 제조업,"45,451,006","23,597,333,000",1690.0,1675.0,N/A,N/A,-99.0,N/A,N/A,1.07,1583.0,N/A
378,012330,현대모비스,자동차 신품 부품 제조업,"95,054,694","490,969,315,000",211000.0,204500.0,N/A,11.49,18356.0,12.0,18084.0,0.6,350826.0,1.9
379,012450,한화에어로스페이스,"항공기,우주선 및 부품 제조업","50,630,000","265,650,000,000",25700.0,24800.0,N/A,12.15,2115.0,11.0,2239.0,0.52,49325.0,N/A
380,012510,더존비즈온,"컴퓨터 프로그래밍, 시스템 통합 및 관리업","29,672,700","14,836,350,000",99400.0,99000.0,N/A,62.05,1602.0,58.0,1703.0,8.36,11883.0,0.47
381,012600,청호컴넷,일반 목적용 기계 제조업,"8,576,351","42,881,755,000",8650.0,8620.0,N/A,N/A,-1710.0,N/A,N/A,9.13,947.0,N/A
382,012610,경인양행,기초 화학물질 제조업,"41,196,365","20,598,182,500",7820.0,7690.0,N/A,75.92,103.0,N/A,N/A,1.48,5266.0,0.64
384,012690,모나리자,기타 종이 및 판지 제품 제조업,"36,571,255","18,885,627,500",6630.0,6780.0,N/A,38.32,173.0,N/A,N/A,3.55,1865.0,0.75
385,012750,에스원,"경비, 경호 및 탐정업","37,999,178","18,999,589,000",95500.0,95700.0,N/A,24.53,3893.0,23.0,4144.0,2.43,39224.0,2.62
386,012800,대창,1차 비철금속 제조업,"91,140,499","45,570,249,500",1090.0,1015.0,N/A,90.83,12.0,N/A,N/A,0.45,2397.0,0.92
387,013000,세우글로벌,기타 전문 도매업,"28,705,031","14,352,515,500",1800.0,1770.0,N/A,128.57,14.0,N/A,N/A,1.17,1534.0,N/A
388,013360,일성건설,토목 건설업,"54,024,880","27,012,440,000",870.0,862.0,N/A,22.31,39.0,N/A,N/A,0.51,1701.0,1.72
389,013520,화승알앤에이,자동차 신품 부품 제조업,"64,561,210","32,280,605,000",1595.0,1570.0,N/A,5.8,275.0,N/A,N/A,0.4,3992.0,1.57
391,013580,계룡건설산업,토목 건설업,"8,930,907","44,654,535,000",22250.0,22700.0,N/A,2.87,7748.0,N/A,N/A,0.43,51939.0,2.7
392,013700,까뮤이앤씨,건물 건설업,"45,152,280","22,576,140,000",1135.0,1130.0,N/A,3.75,303.0,N/A,N/A,0.68,1664.0,2.64
393,013870,지엠비코리아,자동차 신품 부품 제조업,"19,072,280","9,536,140,000",4945.0,4970.0,N/A,49.95,99.0,N/A,N/A,0.42,11888.0,0.61
394,013890,지누스,가구 제조업,"14,406,749","7,203,374,500",81900.0,80600.0,N/A,14.61,5605.0,13.0,6390.0,2.83,28935.0,1.53
395,014130,한익스프레스,도로 화물 운송업,"12,000,000","6,000,000,000",4375.0,4385.0,N/A,7.62,574.0,N/A,N/A,0.73,6018.0,1.6
396,014160,대영포장,"골판지, 종이 상자 및 종이용기 제조업","108,394,549","54,197,274,500",985.0,985.0,N/A,15.63,63.0,N/A,N/A,0.66,1483.0,N/A
397,014280,금강공업,1차 철강 제조업,"26,159,553","26,749,428,000",3535.0,3500.0,N/A,N/A,-343.0,N/A,N/A,0.3,11968.0,2.26
398,014440,영보화학,플라스틱제품 제조업,"20,000,000","10,000,000,000",3900.0,3940.0,N/A,105.41,37.0,N/A,N/A,0.53,7386.0,2.56
399,014530,극동유화,석유 정제품 제조업,"34,869,420","17,434,710,000",3050.0,3040.0,N/A,7.68,397.0,N/A,N/A,0.6,5063.0,5.25
400,014580,태경비케이,"시멘트, 석회, 플라스터 및 그 제품 제조업","27,583,100","13,791,550,000",3570.0,3485.0,N/A,17.5,204.0,N/A,N/A,0.75,4774.0,2.8
401,014680,한솔케미칼,기초 화학물질 제조업,"11,295,195","56,475,975,000",148500.0,147000.0,N/A,16.14,9201.0,15.0,10201.0,3.31,44875.0,1.01
402,014710,사조씨푸드,수산물 가공 및 저장 처리업,"17,218,543","17,218,543,000",3495.0,3370.0,N/A,N/A,-524.0,N/A,N/A,0.3,11769.0,N/A
403,014790,한라,토목 건설업,"38,874,942","194,374,710,000",3330.0,3330.0,N/A,4.0,832.0,N/A,N/A,0.56,6000.0,N/A
404,014820,동원시스템즈,플라스틱제품 제조업,"25,618,511","129,419,345,000",21500.0,21450.0,N/A,14.41,1492.0,N/A,N/A,1.17,18407.0,2.33
405,014830,유니드,기초 화학물질 제조업,"8,889,843","44,449,215,000",46100.0,46000.0,N/A,5.23,8819.0,N/A,N/A,0.54,84834.0,2.6
406,014910,성문전자,전자부품 제조업,"19,486,857","10,043,428,500",1515.0,1500.0,N/A,N/A,-51.0,N/A,N/A,1.04,1459.0,N/A
407,014990,인디에프,봉제의복 제조업,"58,932,995","29,466,497,500",1710.0,1625.0,N/A,N/A,-80.0,N/A,N/A,1.79,956.0,N/A
409,015230,대창단조,자동차 신품 부품 제조업,"2,857,223","14,286,115,000",26000.0,26000.0,N/A,5.15,5046.0,N/A,N/A,0.37,70115.0,4.23
410,015260,에이엔피,전자부품 제조업,"82,784,868","41,392,434,000",165.0,170.0,N/A,N/A,-726.0,N/A,N/A,0.04,4103.0,N/A
411,015350,부산도시가스,연료용 가스 제조 및 배관공급업,"11,000,000","55,000,000,000",46200.0,43350.0,N/A,2.81,16423.0,N/A,N/A,0.56,82680.0,2.16
413,015540,쎌마테라퓨틱스,기타 사업지원 서비스업,"11,276,903","5,638,451,500",8830.0,9710.0,N/A,N/A,-3434.0,N/A,N/A,15.46,571.0,N/A
414,015590,큐로,일반 목적용 기계 제조업,"227,211,638","113,605,819,000",543.0,549.0,N/A,25.86,21.0,N/A,N/A,1.16,470.0,N/A
415,015760,한국전력공사,전기업,"641,964,077","3,209,820,385,000",20000.0,19950.0,N/A,N/A,-2391.0,7.0,2728.0,0.19,105049.0,N/A
417,015890,태경산업,기초 화학물질 제조업,"29,228,750","14,614,375,000",4810.0,4765.0,N/A,N/A,-145.0,N/A,N/A,0.59,8104.0,7.69
418,016090,대현,봉제의복 제조업,"44,282,310","26,906,155,000",1685.0,1660.0,N/A,5.28,319.0,N/A,N/A,0.38,4445.0,5.93
420,016380,KG동부제철,1차 철강 제조업,"100,008,897","500,311,410,000",12200.0,12650.0,N/A,12.72,959.0,N/A,N/A,1.32,9238.0,N/A
421,016450,한세예스24홀딩스,봉제의복 제조업,"40,000,000","20,000,000,000",4240.0,4095.0,N/A,33.92,125.0,N/A,N/A,0.62,6800.0,5.9
422,016580,환인제약,의약품 제조업,"18,600,070","9,700,035,000",15350.0,15200.0,N/A,16.33,940.0,N/A,N/A,0.86,17869.0,1.95
423,016590,신대양제지,"골판지, 종이 상자 및 종이용기 제조업","4,029,782","20,148,910,000",53500.0,51900.0,N/A,3.76,14231.0,N/A,N/A,0.5,107414.0,1.17
426,016740,두올,자동차 신품 부품 제조업,"27,066,680","67,666,700,000",3465.0,3440.0,N/A,12.69,273.0,N/A,N/A,0.64,5395.0,2.31
427,016800,퍼시스,가구 제조업,"11,500,000","14,300,000,000",28350.0,28150.0,N/A,9.53,2976.0,N/A,N/A,0.59,48171.0,3.53
429,017040,광명전기,"전동기, 발전기 및 전기 변환 · 공급 · 제어 장치 제조업","43,337,615","21,668,807,500",1660.0,1635.0,N/A,9.07,183.0,N/A,N/A,0.71,2333.0,0.9
430,017180,명문제약,의약품 제조업,"33,953,454","16,976,727,000",5660.0,5800.0,N/A,N/A,-960.0,N/A,N/A,2.0,2831.0,N/A
431,017370,우신시스템,특수 목적용 기계 제조업,"18,314,054","9,157,027,000",2630.0,2610.0,N/A,N/A,-53.0,N/A,N/A,0.39,6781.0,N/A
432,017390,서울도시가스,연료용 가스 제조 및 배관공급업,"5,000,000","35,000,000,000",68300.0,68000.0,N/A,15.72,4345.0,N/A,N/A,0.27,252383.0,2.56
433,017550,수산중공업,특수 목적용 기계 제조업,"53,985,163","26,992,581,500",1610.0,1570.0,N/A,322.0,5.0,N/A,N/A,0.81,2000.0,0.62
434,017670,SK텔레콤,전기 통신업,"80,745,711","44,639,473,000",235500.0,227500.0,N/A,23.19,10157.0,13.0,18216.0,0.76,310286.0,4.25
435,017800,현대엘리베이터,일반 목적용 기계 제조업,"38,351,001","199,915,005,000",42000.0,41050.0,N/A,29.03,1447.0,25.0,1696.0,1.9,22125.0,1.43
436,017810,풀무원,기타 식품 제조업,"38,090,950","19,045,475,000",17800.0,18100.0,N/A,45.41,392.0,25.0,708.0,1.82,9785.0,0.57
437,017900,광전자,반도체 제조업,"57,943,763","28,971,881,500",2010.0,2085.0,N/A,28.71,70.0,N/A,N/A,0.47,4302.0,2.49
438,017940,E1,기타 전문 도매업,"6,860,000","34,300,000,000",40200.0,39150.0,N/A,N/A,-2888.0,N/A,N/A,0.24,169219.0,5.47
439,017960,한국카본,"구조용 금속제품, 탱크 및 증기발생기 제조업","43,960,757","21,980,378,500",8050.0,7740.0,N/A,13.31,605.0,8.0,1008.0,1.04,7768.0,1.49
440,018250,애경산업,기타 화학제품 제조업,"26,409,935","26,409,935,000",22500.0,22300.0,N/A,18.32,1228.0,28.0,801.0,1.79,12591.0,2.0
441,018260,삼성에스디에스,"컴퓨터 프로그래밍, 시스템 통합 및 관리업","77,377,800","38,688,900,000",158000.0,159000.0,N/A,23.46,6736.0,25.0,6236.0,1.89,83815.0,1.52
442,018470,조일알미늄,1차 비철금속 제조업,"70,155,555","35,077,777,500",603.0,576.0,N/A,N/A,-1101.0,N/A,N/A,0.38,1575.0,N/A
443,018500,동원금속,자동차 신품 부품 제조업,"46,754,933","23,377,466,500",707.0,690.0,N/A,32.14,22.0,N/A,N/A,0.64,1107.0,N/A
444,018670,SK가스,기타 전문 도매업,"9,230,244","46,151,220,000",89500.0,89500.0,N/A,3.17,28219.0,N/A,N/A,0.47,192247.0,3.32
445,018880,한온시스템,일반 목적용 기계 제조업,"533,800,000","53,380,000,000",13900.0,12600.0,N/A,44.55,312.0,54.0,257.0,3.48,3999.0,2.3
446,019170,신풍제약,의약품 제조업,"52,984,990","27,592,495,000",91000.0,93200.0,N/A,2757.58,33.0,N/A,N/A,21.37,4259.0,N/A
447,019180,티에이치엔,기타 전기장비 제조업,"18,000,000","9,000,000,000",2380.0,2445.0,N/A,N/A,-172.0,N/A,N/A,0.76,3125.0,2.52
448,019440,세아특수강,1차 철강 제조업,"8,570,000","42,850,000,000",10650.0,10600.0,N/A,10.35,1029.0,N/A,N/A,0.29,36896.0,8.45
449,019490,하이트론씨스템즈,영상 및 음향기기 제조업,"5,530,735","13,826,837,500",2745.0,2690.0,N/A,N/A,-3007.0,N/A,N/A,0.39,7067.0,N/A
450,019680,대교,초등 교육기관,"84,702,850","52,064,920,000",3870.0,3860.0,N/A,N/A,-65.0,N/A,N/A,0.58,6715.0,4.39
451,020000,한섬,봉제의복 제조업,"24,630,000","12,315,000,000",31050.0,31450.0,N/A,9.39,3306.0,9.0,3531.0,0.65,48109.0,1.45
452,020120,키다리스튜디오,"자료처리, 호스팅, 포털 및 기타 인터넷 정보매개 서비스업","17,015,245","8,507,622,500",7750.0,8020.0,N/A,38.75,200.0,N/A,N/A,6.1,1270.0,N/A
453,020150,일진머티리얼즈,전자부품 제조업,"46,110,835","23,055,417,500",49700.0,48900.0,N/A,43.37,1146.0,39.0,1263.0,3.98,12496.0,0.1
454,020560,아시아나항공,항공 여객 운송업,"223,235,294","1,116,176,470,000",4095.0,3950.0,N/A,N/A,-4929.0,-1.0,-3009.0,1.88,2184.0,N/A
455,020760,일진디스플,반도체 제조업,"28,314,440","14,157,220,000",2765.0,2680.0,N/A,N/A,-1103.0,N/A,N/A,2.26,1221.0,N/A
456,021050,서원,금속 주조업,"47,474,590","23,737,295,000",3510.0,2900.0,N/A,3510.0,1.0,N/A,N/A,1.57,2242.0,0.28
457,021240,코웨이,그외 기타 개인 서비스업,"73,799,619","40,662,398,000",83100.0,84400.0,N/A,17.47,4757.0,15.0,5675.0,4.59,18100.0,2.89
458,021820,세원정공,자동차 신품 부품 제조업,"10,000,000","5,000,000,000",8090.0,8090.0,N/A,36.12,224.0,N/A,N/A,0.19,41567.0,0.31
459,023000,삼원강재,자동차 신품 부품 제조업,"40,000,000","20,000,000,000",2065.0,2095.0,N/A,9.79,211.0,N/A,N/A,0.39,5266.0,5.57
460,023150,MH에탄올,알코올음료 제조업,"7,378,526","4,596,763,000",9810.0,10300.0,N/A,N/A,-41.0,N/A,N/A,1.11,8812.0,3.57
461,023350,한국종합기술,"건축기술, 엔지니어링 및 관련 기술 서비스업","10,950,000","5,475,000,000",3870.0,3840.0,N/A,N/A,-463.0,N/A,N/A,0.44,8852.0,2.58
462,023450,동남합성,기초 화학물질 제조업,"3,610,000","3,125,564,000",33950.0,33050.0,N/A,5.95,5703.0,N/A,N/A,1.78,19063.0,0.59
463,023530,롯데쇼핑,종합 소매업,"28,288,755","141,443,775,000",76700.0,75800.0,N/A,N/A,-37696.0,-9.0,-8077.0,0.21,369312.0,4.95
464,023590,다우기술,"자료처리, 호스팅, 포털 및 기타 인터넷 정보매개 서비스업","44,866,617","22,433,308,500",19100.0,18900.0,N/A,6.65,2873.0,N/A,N/A,0.63,30107.0,2.09
465,023800,인지컨트롤스,자동차 신품 부품 제조업,"15,160,128","7,580,064,000",7820.0,8400.0,N/A,N/A,-434.0,N/A,N/A,0.62,12627.0,1.28
466,023810,인팩,자동차 신품 부품 제조업,"10,000,000","5,000,000,000",4400.0,4395.0,N/A,N/A,-491.0,N/A,N/A,0.49,9024.0,2.73
467,023960,에쓰씨엔지니어링,토목 건설업,"25,016,587","12,508,293,500",1200.0,1070.0,N/A,N/A,-41.0,N/A,N/A,1.21,988.0,N/A
468,024070,WISCOM,플라스틱제품 제조업,"15,326,438","7,663,219,000",2200.0,2180.0,N/A,N/A,-84.0,N/A,N/A,0.29,7627.0,2.27
469,024090,디씨엠,1차 철강 제조업,"11,700,000","6,000,000,000",10600.0,10600.0,N/A,6.18,1714.0,N/A,N/A,0.55,19269.0,4.72
472,024890,대원화성,플라스틱제품 제조업,"41,249,152","20,624,576,000",1695.0,1655.0,N/A,47.08,36.0,N/A,N/A,0.87,1943.0,0.59
473,024900,덕양산업,자동차 신품 부품 제조업,"32,564,980","16,282,490,000",1740.0,1805.0,N/A,N/A,-424.0,N/A,N/A,1.28,1360.0,N/A
474,025000,KPX케미칼,기초 화학물질 제조업,"4,840,000","24,200,000,000",45200.0,45050.0,N/A,5.75,7866.0,6.0,8113.0,0.46,97646.0,5.53
475,025530,에스제이엠홀딩스,자동차 부품 및 내장품 판매업,"14,934,008","7,467,004,000",2445.0,2445.0,N/A,5.81,421.0,N/A,N/A,0.22,10984.0,7.16
476,025540,한국단자공업,"전동기, 발전기 및 전기 변환 · 공급 · 제어 장치 제조업","10,415,000","5,207,500,000",44200.0,41500.0,N/A,12.43,3556.0,N/A,N/A,0.63,70260.0,1.58
477,025560,미래산업,"측정, 시험, 항해, 제어 및 기타 정밀기기 제조업; 광학기기 제외","16,864,368","1,686,436,800",2765.0,2760.0,N/A,N/A,-247.0,N/A,N/A,0.7,3934.0,N/A
478,025620,제이준코스메틱,기타 화학제품 제조업,"36,402,552","18,201,276,000",2815.0,2800.0,N/A,N/A,-1700.0,N/A,N/A,1.42,1984.0,N/A
479,025750,한솔홈데코,제재 및 목재 가공업,"80,565,149","83,765,149,000",1075.0,1055.0,N/A,N/A,-46.0,N/A,N/A,0.55,1962.0,N/A
480,025820,이구산업,1차 비철금속 제조업,"33,442,000","16,721,000,000",1410.0,1390.0,N/A,N/A,-189.0,N/A,N/A,0.48,2951.0,2.13
481,025860,남해화학,"비료, 농약 및 살균, 살충제 제조업","49,678,843","49,678,843,000",7750.0,7760.0,N/A,18.95,409.0,N/A,N/A,0.85,9134.0,0.77
482,025890,한국주강,특수 목적용 기계 제조업,"11,309,259","5,654,629,500",1315.0,1320.0,N/A,N/A,-1026.0,N/A,N/A,0.47,2777.0,N/A
483,026890,디피씨,"전동기, 발전기 및 전기 변환 · 공급 · 제어 장치 제조업","41,678,175","20,839,087,500",18150.0,17700.0,N/A,54.34,334.0,N/A,N/A,4.2,4324.0,0.44
484,026940,부국철강,1차 철강 제조업,"20,000,000","10,000,000,000",5270.0,4790.0,N/A,219.58,24.0,N/A,N/A,0.95,5528.0,1.42
485,026960,동서,음·식료품 및 담배 도매업,"99,700,000","49,850,000,000",24700.0,23550.0,N/A,18.11,1364.0,N/A,N/A,1.86,13247.0,2.83
487,027740,마니커,"도축, 육류 가공 및 저장 처리업","158,472,594","79,236,297,000",709.0,700.0,N/A,N/A,-246.0,N/A,N/A,1.92,370.0,N/A
488,027970,세하,"펄프, 종이 및 판지 제조업","29,562,997","29,562,997,000",1315.0,1300.0,N/A,3.22,408.0,N/A,N/A,1.07,1229.0,N/A
489,028050,삼성엔지니어링,"건축기술, 엔지니어링 및 관련 기술 서비스업","196,000,000","980,000,000,000",11500.0,11400.0,N/A,8.58,1340.0,8.0,1440.0,1.59,7224.0,N/A
490,028100,동아지질,기반조성 및 시설물 축조관련 전문공사업,"11,500,000","5,750,000,000",14400.0,14200.0,N/A,14.88,968.0,N/A,N/A,0.83,17378.0,1.39
491,028260,삼성물산,기타 전문 도매업,"186,887,081","18,851,450,600",115500.0,114500.0,N/A,19.67,5871.0,19.0,5984.0,0.91,126794.0,1.73
492,028670,팬오션,해상 운송업,"534,569,207","534,569,207,000",3485.0,3455.0,N/A,12.63,276.0,12.0,302.0,0.61,5719.0,N/A
493,029460,케이씨,"측정, 시험, 항해, 제어 및 기타 정밀기기 제조업; 광학기기 제외","13,554,044","6,777,022,000",20200.0,20250.0,N/A,5.25,3849.0,N/A,N/A,0.56,36326.0,1.24
494,029530,신도리코,컴퓨터 및 주변장치 제조업,"10,080,029","50,400,145,000",22300.0,22300.0,N/A,N/A,-607.0,N/A,N/A,0.26,86808.0,4.48
496,030000,제일기획,광고업,"115,041,225","23,008,245,000",17050.0,17050.0,N/A,15.25,1118.0,14.0,1228.0,1.87,9129.0,4.81
497,030200,케이티,전기 통신업,"261,111,808","1,564,498,835,000",23900.0,23650.0,N/A,10.46,2284.0,9.0,2769.0,0.43,55326.0,4.6
500,030720,동원수산,어로 어업,"4,653,805","23,269,025,000",8440.0,8410.0,N/A,14.6,578.0,N/A,N/A,0.72,11680.0,N/A
501,030790,비케이탑스,"컴퓨터 프로그래밍, 시스템 통합 및 관리업","11,896,974","5,948,487,000",5490.0,5150.0,N/A,N/A,-8544.0,N/A,N/A,0.87,6335.0,N/A
502,031430,신세계인터내셔날,"섬유, 의복, 신발 및 가죽제품 소매업","7,140,000","35,700,000,000",144500.0,142500.0,N/A,18.48,7819.0,22.0,6490.0,1.74,83180.0,0.76
503,031440,신세계푸드,음식점업,"3,872,480","19,362,400,000",52100.0,51400.0,N/A,N/A,-221.0,50.0,1042.0,0.65,79711.0,1.44
504,031820,콤텍시스템,"컴퓨터 프로그래밍, 시스템 통합 및 관리업","67,851,466","33,925,733,000",1040.0,1030.0,N/A,208.0,5.0,N/A,N/A,0.77,1349.0,N/A
505,032350,롯데관광개발,여행사 및 기타 여행보조 서비스업,"69,275,662","34,637,831,000",18900.0,18900.0,N/A,N/A,-659.0,N/A,N/A,4.61,4100.0,N/A
506,032560,황금에스티,1차 비철금속 제조업,"14,000,000","7,000,000,000",6490.0,6470.0,N/A,4.29,1512.0,N/A,N/A,0.36,18010.0,1.54
507,032640,LG유플러스,전기 통신업,"436,611,361","2,573,969,175,000",11850.0,11500.0,N/A,11.46,1034.0,9.0,1314.0,0.73,16147.0,3.38
509,033180,필룩스,전자부품 제조업,"90,043,128","45,171,564,000",3155.0,3080.0,N/A,N/A,-674.0,N/A,N/A,1.03,3065.0,N/A
510,033240,자화전자,전자부품 제조업,"17,900,000","8,950,000,000",11900.0,10650.0,N/A,N/A,-562.0,N/A,N/A,0.75,15867.0,N/A
511,033250,체시스,자동차 신품 부품 제조업,"24,000,000","12,000,000,000",2720.0,2750.0,N/A,N/A,-55.0,N/A,N/A,2.42,1126.0,N/A
512,033270,유나이티드,의약품 제조업,"16,244,822","8,122,411,000",39900.0,47350.0,N/A,20.79,1919.0,N/A,N/A,2.22,17959.0,0.83
513,033530,세종공업,자동차 신품 부품 제조업,"25,035,775","12,517,887,500",7380.0,7120.0,N/A,N/A,-335.0,N/A,N/A,0.44,16768.0,0.68
515,033780,케이티앤지,담배 제조업,"137,292,497","954,959,485,000",84200.0,83100.0,N/A,11.26,7479.0,10.0,8037.0,1.23,68202.0,5.23
516,033920,무학,알코올음료 제조업,"28,500,000","5,700,000,000",5490.0,5510.0,N/A,N/A,-1843.0,N/A,N/A,0.33,16706.0,N/A
517,034020,두산중공업,일반 목적용 기계 제조업,"253,140,778","1,265,703,890,000",9910.0,10050.0,N/A,N/A,-5075.0,N/A,N/A,1.26,7857.0,N/A
518,034120,SBS,텔레비전 방송업,"18,252,582","91,262,910,000",15100.0,15150.0,N/A,30.32,498.0,43.0,354.0,0.47,31825.0,0.99
519,034220,LG디스플레이,전자부품 제조업,"357,815,700","1,789,078,500,000",13350.0,12550.0,N/A,N/A,-8129.0,-6.0,-2360.0,0.44,30335.0,N/A
520,034300,신세계건설,건물 건설업,"4,000,000","20,000,000,000",22250.0,22250.0,N/A,5.78,3852.0,N/A,N/A,0.45,48914.0,3.6
522,034590,인천도시가스,연료용 가스 제조 및 배관공급업,"4,374,754","21,873,770,000",24550.0,24500.0,N/A,14.65,1676.0,N/A,N/A,0.55,44616.0,5.09
524,034830,한국토지신탁,신탁업 및 집합투자업,"252,489,230","252,489,230,000",1720.0,1690.0,N/A,3.82,450.0,N/A,N/A,0.46,3755.0,6.39
526,035150,백산,플라스틱제품 제조업,"24,200,000","14,000,000,000",4310.0,4295.0,N/A,10.19,423.0,N/A,N/A,0.68,6360.0,2.32
527,035250,강원랜드,유원지 및 기타 오락관련 서비스업,"213,940,500","106,970,250,000",20650.0,20900.0,N/A,58.01,356.0,-18.0,-1122.0,1.24,16650.0,4.36
528,035420,NAVER,"자료처리, 호스팅, 포털 및 기타 인터넷 정보매개 서비스업","164,263,395","16,481,339,500",312500.0,305500.0,N/A,72.84,4290.0,55.0,5632.0,6.57,47560.0,0.12
529,035510,신세계I&C,"컴퓨터 프로그래밍, 시스템 통합 및 관리업","1,720,000","8,600,000,000",119000.0,118500.0,N/A,3.4,34979.0,N/A,N/A,1.02,116282.0,1.68
530,035720,카카오,"자료처리, 호스팅, 포털 및 기타 인터넷 정보매개 서비스업","88,013,995","44,056,997,500",370000.0,364500.0,N/A,N/A,-2962.0,79.0,4663.0,5.65,65538.0,0.03
531,036420,제이콘텐트리,"영화, 비디오물, 방송프로그램 제작 및 배급업","16,385,071","81,925,355,000",27450.0,27000.0,N/A,N/A,-1194.0,-19.0,-1416.0,1.44,19074.0,N/A
532,036460,한국가스공사,연료용 가스 제조 및 배관공급업,"92,313,000","461,565,000,000",23800.0,23700.0,N/A,48.37,492.0,240.0,99.0,0.25,94349.0,1.6
534,036570,엔씨소프트,소프트웨어 개발 및 공급업,"21,954,022","10,977,011,000",823000.0,783000.0,N/A,37.68,21842.0,25.0,33582.0,6.54,125855.0,0.63
535,036580,팜스코,"곡물가공품, 전분 및 전분제품 제조업","36,727,943","18,363,971,500",5290.0,5360.0,N/A,39.77,133.0,N/A,N/A,0.61,8687.0,0.94
536,037270,YG PLUS,"자료처리, 호스팅, 포털 및 기타 인터넷 정보매개 서비스업","58,170,704","29,710,352,000",4010.0,4070.0,N/A,N/A,-133.0,N/A,N/A,2.7,1486.0,N/A
537,037560,LG헬로비전,텔레비전 방송업,"77,446,865","193,617,162,500",3890.0,3820.0,N/A,N/A,-1259.0,12.0,323.0,0.32,12263.0,1.93
538,037710,광주신세계,종합 소매업,"1,600,000","8,000,000,000",143000.0,142500.0,N/A,5.07,28231.0,N/A,N/A,0.34,425460.0,2.45
539,039130,하나투어,여행사 및 기타 여행보조 서비스업,"13,939,185","6,969,592,500",37300.0,36450.0,N/A,N/A,-3771.0,-4.0,-8350.0,1.78,20924.0,2.68
541,039570,HDC아이콘트롤스,전기 및 통신 공사업,"16,460,000","8,230,000,000",8190.0,8130.0,N/A,N/A,-306.0,N/A,N/A,0.81,10065.0,4.27
542,041650,상신브레이크,자동차 신품 부품 제조업,"21,471,450","10,735,725,000",2345.0,2330.0,N/A,N/A,-361.0,N/A,N/A,0.29,8140.0,4.26
543,042660,대우조선해양,선박 및 보트 건조업,"107,205,752","541,028,760,000",22300.0,22100.0,N/A,2787.5,8.0,6.0,3557.0,0.6,37306.0,N/A
544,042670,두산인프라코어,특수 목적용 기계 제조업,"209,352,765","1,046,763,825,000",7700.0,7720.0,N/A,11.68,659.0,10.0,739.0,0.67,11564.0,N/A
545,042700,한미반도체,특수 목적용 기계 제조업,"51,501,501","12,716,420,500",9980.0,9910.0,N/A,13.32,749.0,N/A,N/A,2.1,4745.0,1.0
546,044380,주연테크,컴퓨터 및 주변장치 제조업,"54,612,089","10,922,417,800",1075.0,1035.0,N/A,N/A,-53.0,N/A,N/A,1.36,792.0,N/A
547,044450,KSS해운,해상 운송업,"23,185,880","11,592,940,000",8280.0,8270.0,N/A,8.21,1009.0,N/A,N/A,0.64,12990.0,3.26
549,047040,대우건설,건물 건설업,"415,622,638","2,078,113,190,000",3235.0,3200.0,N/A,7.32,442.0,5.0,636.0,0.51,6352.0,N/A
550,047050,포스코인터내셔널,상품 중개업,"123,375,149","616,875,745,000",14250.0,14200.0,N/A,9.81,1453.0,7.0,2181.0,0.56,25537.0,4.91
551,047400,유니온머티리얼,"내화, 비내화 요업제품 제조업","42,000,000","21,000,000,000",4200.0,4290.0,N/A,41.58,101.0,N/A,N/A,2.03,2070.0,1.19
552,047810,한국항공우주,"항공기,우주선 및 부품 제조업","97,475,107","487,375,535,000",22900.0,22900.0,N/A,10.77,2126.0,13.0,1772.0,1.89,12146.0,1.75
553,049770,동원F&B,기타 식품 제조업,"3,859,124","19,295,620,000",174500.0,172500.0,N/A,10.47,16665.0,10.0,18120.0,0.96,182022.0,1.72
554,049800,우진플라임,특수 목적용 기계 제조업,"10,000,000","5,000,000,000",3360.0,3385.0,N/A,N/A,-683.0,N/A,N/A,0.62,5424.0,N/A
555,051600,한전KPS,전기 및 통신 공사업,"45,000,000","9,000,000,000",28150.0,27950.0,N/A,7.89,3570.0,10.0,2747.0,1.25,22502.0,6.82
556,051630,진양화학,플라스틱제품 제조업,"12,000,000","6,000,000,000",3330.0,3295.0,N/A,N/A,-44.0,N/A,N/A,1.46,2281.0,N/A
557,051900,LG생활건강,기타 화학제품 제조업,"15,618,197","88,589,470,000",1563000.0,1500000.0,N/A,35.65,43849.0,35.0,44813.0,5.89,265193.0,0.7
558,051910,LG화학,기초 화학물질 제조업,"70,592,343","391,405,715,000",699000.0,667000.0,N/A,390.94,1788.0,52.0,13545.0,3.15,221970.0,0.29
559,052690,한전기술,"건축기술, 엔지니어링 및 관련 기술 서비스업","38,220,000","7,644,000,000",15900.0,15900.0,N/A,27.27,583.0,25.0,628.0,1.25,12685.0,1.95
560,053210,케이티스카이라이프,텔레비전 방송업,"47,821,966","119,554,915,000",9040.0,8880.0,N/A,7.37,1226.0,6.0,1452.0,0.61,14715.0,3.87
561,053690,한미글로벌,"건축기술, 엔지니어링 및 관련 기술 서비스업","10,957,550","5,478,775,000",7560.0,7620.0,N/A,12.19,620.0,N/A,N/A,0.64,11799.0,2.65
562,055490,테이팩스,플라스틱제품 제조업,"4,717,650","3,771,825,000",23150.0,23150.0,N/A,9.25,2503.0,N/A,N/A,1.01,22828.0,N/A
564,057050,현대홈쇼핑,무점포 소매업,"12,000,000","60,000,000,000",58300.0,57900.0,N/A,8.5,6858.0,5.0,11001.0,0.39,150306.0,3.43
565,058430,포스코강판,1차 철강 제조업,"6,000,000","30,000,000,000",12200.0,12250.0,N/A,21.63,564.0,N/A,N/A,0.34,36228.0,3.28
566,058650,세아홀딩스,1차 철강 제조업,"4,000,000","20,000,000,000",72600.0,72600.0,N/A,22.53,3222.0,N/A,N/A,0.14,512044.0,3.1
567,058730,다스코,"구조용 금속제품, 탱크 및 증기발생기 제조업","15,400,000","8,000,000,000",4350.0,4335.0,N/A,N/A,-213.0,N/A,N/A,0.53,8239.0,N/A
568,058850,KTcs,기타 정보 서비스업,"42,685,000","23,842,500,000",1900.0,1860.0,N/A,10.33,184.0,N/A,N/A,0.5,3767.0,4.21
569,058860,KTis,기타 정보 서비스업,"34,802,000","17,401,000,000",2145.0,2135.0,N/A,9.01,238.0,N/A,N/A,0.43,5014.0,4.2
571,063160,종근당바이오,의약품 제조업,"5,485,962","13,714,905,000",51000.0,54400.0,N/A,22.15,2303.0,N/A,N/A,1.68,30313.0,0.37
572,064350,현대로템,철도장비 제조업,"85,000,000","425,000,000,000",15250.0,15150.0,N/A,N/A,-4318.0,82.0,187.0,1.2,12697.0,N/A
573,064960,S&T모티브,자동차 신품 부품 제조업,"14,623,136","73,115,680,000",52000.0,50700.0,N/A,10.87,4785.0,11.0,4822.0,0.96,54344.0,2.69
574,066570,LG전자,통신 및 방송 장비 제조업,"163,647,814","904,169,030,000",90300.0,84900.0,N/A,36.24,2492.0,11.0,8120.0,1.07,84382.0,0.83
575,067830,세이브존I&C,종합 소매업,"41,040,895","41,040,895,000",2435.0,2385.0,N/A,6.31,386.0,N/A,N/A,0.2,12059.0,1.23
576,068270,셀트리온,기초 의약물질 및 생물학적 제제 제조업,"134,939,385","134,939,385,000",301000.0,305000.0,N/A,119.73,2514.0,73.0,4133.0,13.89,21666.0,N/A
577,068290,삼성출판사,"서적, 잡지 및 기타 인쇄물 출판업","10,000,000","5,000,000,000",18950.0,18950.0,N/A,48.1,394.0,N/A,N/A,2.04,9274.0,0.53
578,068400,SK렌터카,운송장비 임대업,"35,765,140","17,882,570,000",8510.0,8490.0,N/A,11.77,723.0,N/A,N/A,0.81,10543.0,N/A
579,069260,휴켐스,기타 화학제품 제조업,"40,878,588","40,878,588,000",15600.0,15550.0,N/A,10.24,1523.0,9.0,1784.0,0.92,17014.0,6.41
580,069460,대호에이엘,1차 비철금속 제조업,"27,134,839","13,567,419,500",1945.0,1825.0,N/A,N/A,-186.0,N/A,N/A,2.27,856.0,N/A
581,069620,대웅제약,의약품 제조업,"11,586,575","28,966,437,500",117000.0,115000.0,N/A,N/A,-214.0,N/A,N/A,2.39,48904.0,0.51
582,069640,한세엠케이,"섬유, 의복, 신발 및 가죽제품 소매업","12,909,322","6,454,661,000",2655.0,2625.0,N/A,N/A,-3398.0,N/A,N/A,0.3,8803.0,N/A
583,069730,DSR제강,1차 철강 제조업,"14,400,000","7,200,000,000",4010.0,3945.0,N/A,8.12,494.0,N/A,N/A,0.4,10150.0,1.0
584,069960,현대백화점,종합 소매업,"23,402,441","117,012,205,000",57700.0,58300.0,N/A,8.66,6662.0,10.0,5823.0,0.3,189387.0,1.73
585,070960,용평리조트,일반 및 생활 숙박시설 운영업,"48,133,333","240,666,665,000",3970.0,3845.0,N/A,N/A,-342.0,N/A,N/A,0.49,8137.0,N/A
587,071090,하이스틸,1차 철강 제조업,"1,999,944","9,999,720,000",15650.0,15500.0,N/A,N/A,-2253.0,N/A,N/A,0.25,62494.0,0.64
588,071320,지역난방공사,"증기, 냉·온수 및 공기조절 공급업","11,578,744","57,893,720,000",33700.0,33200.0,N/A,70.21,480.0,N/A,N/A,0.24,139583.0,N/A
589,071840,롯데하이마트,가전제품 및 정보통신장비 소매업,"23,607,712","118,038,560,000",29700.0,29200.0,N/A,N/A,-4402.0,8.0,3687.0,0.37,80809.0,3.37
590,071950,코아스,가구 제조업,"30,907,210","15,453,605,000",1030.0,1020.0,N/A,29.43,35.0,N/A,N/A,1.25,827.0,N/A
591,071970,STX중공업,일반 목적용 기계 제조업,"28,365,976","70,914,940,000",2205.0,2205.0,N/A,N/A,-1246.0,N/A,N/A,0.48,4636.0,N/A
592,072130,유엔젤,"자료처리, 호스팅, 포털 및 기타 인터넷 정보매개 서비스업","13,195,454","6,597,727,000",2870.0,2770.0,N/A,N/A,-310.0,N/A,N/A,0.96,2990.0,N/A
594,073240,금호타이어,고무제품 제조업,"287,260,287","1,436,301,435,000",3205.0,3150.0,N/A,N/A,-315.0,N/A,N/A,0.75,4298.0,N/A
595,074610,이엔플러스,일반 목적용 기계 제조업,"39,324,219","19,662,109,500",4830.0,4730.0,N/A,N/A,-797.0,N/A,N/A,4.5,1073.0,N/A
596,075180,새론오토모티브,자동차 신품 부품 제조업,"19,200,000","9,600,000,000",4200.0,4200.0,N/A,N/A,-421.0,N/A,N/A,0.38,11032.0,3.33
597,075580,세진중공업,선박 및 보트 건조업,"38,372,720","21,986,360,000",4915.0,4935.0,N/A,N/A,-19.0,N/A,N/A,1.2,4096.0,0.41
598,077500,유니퀘스트,기계장비 및 관련 물품 도매업,"27,280,975","13,640,487,500",8750.0,8790.0,N/A,16.63,526.0,N/A,N/A,1.08,8113.0,1.71
599,077970,STX엔진,일반 목적용 기계 제조업,"23,008,904","57,522,260,000",5390.0,5380.0,N/A,50.85,106.0,N/A,N/A,0.62,8644.0,N/A
600,078000,텔코웨어,"자료처리, 호스팅, 포털 및 기타 인터넷 정보매개 서비스업","9,702,706","5,026,353,000",11900.0,11550.0,N/A,39.14,304.0,N/A,N/A,0.63,18888.0,4.62
601,078520,에이블씨엔씨,기타 화학제품 제조업,"27,033,459","13,516,729,500",7960.0,8000.0,N/A,N/A,-707.0,N/A,N/A,0.87,9161.0,N/A
603,079160,CJ CGV,"영화, 비디오물, 방송프로그램 제작 및 배급업","35,100,000","17,550,000,000",20300.0,19950.0,N/A,N/A,-15643.0,-2.0,-11152.0,27.96,726.0,N/A
604,079430,현대리바트,가구 제조업,"20,535,282","20,535,282,000",15850.0,15300.0,N/A,14.87,1066.0,9.0,1833.0,0.68,23176.0,0.95
605,079550,LIG넥스원,무기 및 총포탄 제조업,"22,000,000","110,000,000,000",34000.0,33700.0,N/A,28.05,1212.0,17.0,2008.0,1.16,29280.0,1.76
606,079980,휴비스,화학섬유 제조업,"34,500,000","172,500,000,000",7040.0,6840.0,N/A,14.37,490.0,N/A,N/A,0.57,12406.0,2.13
607,081000,일진다이아,기타 화학제품 제조업,"14,202,975","14,202,975,000",55100.0,55700.0,N/A,111.09,496.0,N/A,N/A,4.35,12658.0,0.54
608,081660,휠라홀딩스,생활용품 도매업,"60,752,222","61,674,420,000",33250.0,30300.0,N/A,8.83,3767.0,11.0,2958.0,1.54,21586.0,0.66
610,082740,HSD엔진,일반 목적용 기계 제조업,"32,947,142","32,947,142,000",4460.0,4490.0,N/A,N/A,-704.0,12.0,366.0,0.76,5904.0,N/A
611,083420,그린케미칼,기타 화학제품 제조업,"24,000,000","12,000,000,000",3600.0,3515.0,N/A,8.24,437.0,N/A,N/A,0.76,4729.0,4.49
612,084010,대한제강,1차 철강 제조업,"24,646,734","24,646,734,000",6290.0,6200.0,N/A,5.04,1249.0,N/A,N/A,0.29,21965.0,3.18
613,084670,동양고속,육상 여객 운송업,"2,895,569","16,959,295,000",26100.0,26100.0,N/A,2.88,9063.0,N/A,N/A,0.57,46151.0,18.01
614,084680,이월드,유원지 및 기타 오락관련 서비스업,"103,139,897","103,139,897,000",3415.0,3175.0,N/A,N/A,-24.0,N/A,N/A,1.29,2639.0,N/A
616,084870,티비에이치글로벌,봉제의복 제조업,"20,856,819","10,428,409,500",1465.0,1420.0,N/A,N/A,-5110.0,N/A,N/A,0.39,3725.0,N/A
617,085310,엔케이,"구조용 금속제품, 탱크 및 증기발생기 제조업","79,983,352","39,991,676,000",904.0,900.0,N/A,N/A,-335.0,N/A,N/A,0.81,1114.0,N/A
619,086280,현대글로비스,기타 운송관련 서비스업,"37,500,000","18,750,000,000",120500.0,120000.0,N/A,8.21,14676.0,9.0,13297.0,0.95,127149.0,2.9
623,088790,진도,기타 전문 도매업,"12,447,744","6,223,872,000",3000.0,2840.0,N/A,N/A,-2.0,N/A,N/A,0.38,7871.0,3.33
625,089470,HDC현대EP,기타 화학제품 제조업,"31,900,000","17,200,000,000",4590.0,4600.0,N/A,10.88,422.0,N/A,N/A,0.46,10072.0,2.61
626,089590,제주항공,항공 여객 운송업,"26,356,758","131,783,790,000",14400.0,14100.0,N/A,N/A,-6032.0,-2.0,-7914.0,1.88,7659.0,N/A
627,090080,평화산업,자동차 신품 부품 제조업,"54,902,259","27,451,129,500",1060.0,1065.0,N/A,N/A,-154.0,N/A,N/A,1.93,550.0,N/A
628,090350,노루페인트,기타 화학제품 제조업,"20,000,000","10,231,563,000",7030.0,7030.0,N/A,7.0,1005.0,N/A,N/A,0.45,15731.0,3.91
629,090370,메타랩스,봉제의복 제조업,"63,689,937","31,844,968,500",1210.0,1175.0,N/A,N/A,-345.0,N/A,N/A,1.16,1047.0,N/A
630,090430,아모레퍼시픽,기타 화학제품 제조업,"58,458,490","34,508,160,000",174000.0,172500.0,N/A,87.48,1989.0,76.0,2293.0,2.64,65846.0,0.57
631,091090,세원셀론텍,"구조용 금속제품, 탱크 및 증기발생기 제조업","61,908,841","30,954,420,500",2650.0,2535.0,N/A,N/A,-63.0,N/A,N/A,0.91,2917.0,N/A
632,091810,티웨이항공,항공 여객 운송업,"46,974,812","23,487,406,000",2640.0,2590.0,N/A,N/A,-2089.0,-1.0,-2991.0,0.81,3273.0,N/A
633,092200,디아이씨,자동차 신품 부품 제조업,"38,888,569","19,444,284,500",1555.0,1525.0,N/A,N/A,-1567.0,N/A,N/A,0.4,3876.0,N/A
634,092220,KEC,반도체 제조업,"116,706,940","58,353,470,000",752.0,747.0,N/A,N/A,-178.0,N/A,N/A,0.42,1785.0,N/A
635,092230,KPX홀딩스,기초 화학물질 제조업,"4,224,646","21,123,230,000",41700.0,42150.0,N/A,2.98,13997.0,N/A,N/A,0.26,161656.0,6.24
636,092440,기신정기,특수 목적용 기계 제조업,"29,200,000","14,600,000,000",3000.0,3000.0,N/A,10.38,289.0,N/A,N/A,0.37,8060.0,5.0
637,092780,동양피스톤,자동차용 엔진 및 자동차 제조업,"13,168,460","6,584,230,000",4675.0,4655.0,N/A,6.09,768.0,N/A,N/A,0.55,8468.0,2.57
638,093050,LF,봉제의복 제조업,"29,240,000","146,200,000,000",12900.0,12750.0,N/A,8.83,1461.0,N/A,N/A,0.3,42668.0,3.88
639,093230,이아이디,기타 전문 도매업,"553,342,542","110,668,508,400",212.0,207.0,N/A,17.67,12.0,N/A,N/A,0.85,250.0,N/A
640,093240,형지엘리트,봉제의복 제조업,"31,154,798","15,577,399,000",2180.0,2205.0,N/A,N/A,-319.0,N/A,N/A,1.1,1980.0,N/A
641,093370,후성,기초 화학물질 제조업,"92,606,819","46,303,409,500",7830.0,7770.0,N/A,N/A,-15.0,N/A,N/A,3.42,2290.0,0.19
642,094280,효성 ITX,기타 사업지원 서비스업,"11,558,200","5,779,100,000",26200.0,25000.0,N/A,27.35,958.0,N/A,N/A,6.49,4034.0,1.91
644,095570,AJ네트웍스,산업용 기계 및 장비 임대업,"46,822,295","46,822,295,000",3015.0,2960.0,N/A,N/A,-1690.0,N/A,N/A,0.45,6659.0,9.95
645,095720,웅진씽크빅,초등 교육기관,"117,401,592","58,700,796,000",2500.0,2400.0,N/A,N/A,-1234.0,N/A,N/A,0.79,3176.0,12.42
648,096770,SK이노베이션,석유 정제품 제조업,"92,465,564","468,569,950,000",155000.0,155000.0,N/A,N/A,-24418.0,-9.0,-18211.0,0.86,180581.0,1.93
649,097230,한진중공업,토목 건설업,"83,274,281","416,371,405,000",6310.0,6250.0,N/A,6.81,926.0,N/A,N/A,2.19,2879.0,N/A
650,097950,CJ제일제당,기타 식품 제조업,"15,054,186","81,908,095,000",397000.0,400500.0,N/A,10.0,39714.0,8.0,47468.0,1.16,343497.0,0.88
651,100220,비상교육,"서적, 잡지 및 기타 인쇄물 출판업","12,996,741","6,498,370,500",7400.0,7120.0,N/A,N/A,-70.0,N/A,N/A,0.45,16341.0,3.38
652,100250,진양홀딩스,플라스틱제품 제조업,"55,895,292","27,947,646,000",2450.0,2440.0,N/A,3.66,669.0,N/A,N/A,0.41,5982.0,6.94
653,100840,S&TC,일반 목적용 기계 제조업,"7,506,711","3,753,355,500",15150.0,14600.0,N/A,5.88,2577.0,N/A,N/A,0.42,36017.0,5.28
654,101060,SBS미디어홀딩스,텔레비전 방송업,"139,896,190","69,948,095,000",1850.0,1840.0,N/A,N/A,-504.0,N/A,N/A,0.42,4417.0,N/A
655,101140,비티원,생활용품 도매업,"41,244,464","20,622,232,000",3535.0,3535.0,N/A,10.34,342.0,N/A,N/A,2.09,1695.0,N/A
656,101530,해태제과식품,기타 식품 제조업,"29,116,822","14,558,411,000",8110.0,8130.0,N/A,N/A,-1065.0,N/A,N/A,0.89,9126.0,1.85
658,102280,쌍방울,봉제의복 제조업,"139,359,627","69,679,813,500",779.0,788.0,N/A,N/A,-412.0,N/A,N/A,0.74,1048.0,N/A
659,102460,이연제약,의약품 제조업,"16,770,000","8,385,000,000",17400.0,17600.0,N/A,92.06,189.0,N/A,N/A,1.34,12973.0,2.01
660,103140,풍산,1차 비철금속 제조업,"28,024,278","140,121,390,000",23900.0,22800.0,N/A,69.08,346.0,12.0,1949.0,0.48,49354.0,1.67
661,103590,일진전기,절연선 및 케이블 제조업,"37,080,390","37,080,390,000",2575.0,2550.0,N/A,N/A,-12.0,N/A,N/A,0.31,8288.0,N/A
662,104700,한국철강,1차 철강 제조업,"46,050,000","46,050,000,000",4430.0,4390.0,N/A,6.07,730.0,N/A,N/A,0.28,16042.0,4.51
664,105630,한세실업,봉제의복 제조업,"40,000,000","20,000,000,000",15400.0,13750.0,N/A,N/A,-418.0,47.0,326.0,1.62,9483.0,3.25
665,105840,우진,"측정, 시험, 항해, 제어 및 기타 정밀기기 제조업; 광학기기 제외","20,202,234","10,101,117,000",3485.0,3475.0,N/A,N/A,-435.0,N/A,N/A,0.62,5587.0,2.87
667,108670,LG하우시스,플라스틱제품 제조업,"8,967,670","50,000,000,000",56100.0,54300.0,N/A,32.94,1703.0,18.0,3153.0,0.61,92677.0,0.45
668,109070,컨버즈,"골판지, 종이 상자 및 종이용기 제조업","3,590,507","1,795,253,500",4100.0,4100.0,N/A,N/A,-3636.0,N/A,N/A,1.39,2941.0,N/A
669,111110,호전실업,봉제의복 제조업,"8,000,000","4,657,880,000",8220.0,8300.0,N/A,31.74,259.0,N/A,N/A,0.55,14962.0,3.04
670,111770,영원무역,상품 종합 도매업,"44,311,468","22,155,734,000",28000.0,24700.0,N/A,8.81,3177.0,9.0,3121.0,0.65,43109.0,1.43
671,112610,씨에스윈드,"구조용 금속제품, 탱크 및 증기발생기 제조업","17,285,715","8,642,857,500",78000.0,78500.0,N/A,40.88,1908.0,23.0,3450.0,3.42,22798.0,0.59
672,114090,GKL,유원지 및 기타 오락관련 서비스업,"61,855,670","30,927,835,000",12300.0,12050.0,N/A,21.89,562.0,-20.0,-610.0,1.4,8788.0,5.36
673,115390,락앤락,플라스틱제품 제조업,"54,186,600","27,500,000,000",10750.0,10550.0,N/A,47.15,228.0,N/A,N/A,0.83,12916.0,N/A
674,117580,대성에너지,연료용 가스 제조 및 배관공급업,"27,500,000","27,500,000,000",4950.0,4910.0,N/A,13.31,372.0,N/A,N/A,0.44,11328.0,5.05
675,118000,우리들휴브레인,기계장비 및 관련 물품 도매업,"41,993,250","20,996,625,000",3660.0,4470.0,N/A,N/A,-156.0,N/A,N/A,3.56,1028.0,N/A
676,119650,KC코트렐,일반 목적용 기계 제조업,"13,000,000","6,500,000,000",5070.0,4990.0,N/A,N/A,-293.0,N/A,N/A,0.93,5432.0,0.59
677,120030,조선선재,기타 금속 가공제품 제조업,"1,257,651","628,825,500",99100.0,97400.0,N/A,8.56,11573.0,N/A,N/A,0.92,107528.0,1.51
678,120110,코오롱인더,화학섬유 제조업,"26,978,840","148,733,500,000",32050.0,31750.0,N/A,5.5,5824.0,4.0,7382.0,0.45,70894.0,2.81
679,122900,아이마켓코리아,상품 종합 도매업,"35,393,340","18,166,670,000",7700.0,7750.0,N/A,17.0,453.0,N/A,N/A,0.71,10836.0,7.79
680,123690,한국화장품,생활용품 도매업,"16,068,000","8,034,000,000",13800.0,14150.0,N/A,N/A,-469.0,N/A,N/A,5.49,2513.0,N/A
681,123700,에스제이엠,자동차 신품 부품 제조업,"15,604,898","7,802,449,000",2400.0,2355.0,N/A,3.87,620.0,N/A,N/A,0.23,10466.0,5.21
682,123890,한국자산신탁,신탁업 및 집합투자업,"123,977,752","61,988,876,000",3285.0,3215.0,N/A,4.28,767.0,N/A,N/A,0.6,5472.0,5.54
683,126560,현대에이치씨엔,텔레비전 방송업,"112,876,596","56,438,298,000",3730.0,3775.0,N/A,11.77,317.0,N/A,N/A,0.55,6748.0,1.61
684,128820,대성산업,연료 소매업,"45,235,478","226,177,390,000",3395.0,3295.0,N/A,N/A,-1768.0,N/A,N/A,0.28,12325.0,N/A
685,128940,한미약품,의약품 제조업,"11,843,029","29,607,572,500",289500.0,299000.0,N/A,73.09,3961.0,77.0,3755.0,4.68,61812.0,0.17
686,129260,인터지스,도로 화물 운송업,"29,747,874","14,873,937,000",3150.0,3300.0,N/A,N/A,-771.0,N/A,N/A,0.49,6490.0,N/A
687,130660,한전산업,"건축기술, 엔지니어링 및 관련 기술 서비스업","32,600,000","16,300,000,000",3295.0,3195.0,N/A,6.39,516.0,N/A,N/A,1.29,2555.0,6.89
688,133820,화인베스틸,1차 철강 제조업,"29,550,000","16,050,000,000",2130.0,2115.0,N/A,N/A,-338.0,N/A,N/A,0.7,3034.0,N/A
689,134380,미원화학,기타 화학제품 제조업,"2,199,268","2,404,080,000",52100.0,52300.0,N/A,7.16,7278.0,N/A,N/A,0.97,53884.0,1.92
690,134790,시디즈,가구 제조업,"2,000,000","1,000,000,000",63900.0,63100.0,N/A,14.03,4553.0,N/A,N/A,3.04,21002.0,0.47
691,136490,선진,동물용 사료 및 조제식품 제조업,"23,779,604","11,889,802,000",10200.0,10000.0,N/A,8.88,1149.0,N/A,N/A,0.73,13947.0,0.49
693,138250,엔에스쇼핑,무점포 소매업,"33,696,000","16,848,000,000",11450.0,11450.0,N/A,133.14,86.0,N/A,N/A,0.9,12753.0,1.31
694,138490,코오롱플라스틱,합성고무 및 플라스틱 물질 제조업,"38,000,000","38,000,000,000",4035.0,4070.0,N/A,45.34,89.0,N/A,N/A,0.79,5087.0,1.74
697,139480,이마트,종합 소매업,"27,875,819","139,379,095,000",118000.0,119000.0,N/A,15.31,7705.0,7.0,16826.0,0.37,316506.0,1.7
699,143210,핸즈코퍼레이션,자동차 신품 부품 제조업,"21,863,268","10,931,634,000",6440.0,6370.0,N/A,19.4,332.0,N/A,N/A,0.42,15176.0,2.02
700,144620,코오롱머티리얼,화학섬유 제조업,"68,658,635","68,658,635,000",2980.0,2980.0,N/A,N/A,-378.0,N/A,N/A,2.97,1003.0,N/A
701,145210,세화아이엠씨,특수 목적용 기계 제조업,"81,094,734","40,547,367,000",1190.0,1110.0,N/A,N/A,-101.0,N/A,N/A,2.04,582.0,N/A
703,145720,덴티움,의료용 기기 제조업,"11,068,830","6,184,415,000",38550.0,38350.0,N/A,47.71,808.0,17.0,2229.0,1.57,24534.0,N/A
704,145990,삼양사,기타 식품 제조업,"10,313,449","53,417,595,000",66600.0,68000.0,N/A,14.1,4724.0,N/A,N/A,0.6,110369.0,1.5
705,152330,코리아오토글라스,유리 및 유리제품 제조업,"20,000,000","100,000,000,000",14300.0,14000.0,N/A,9.83,1454.0,N/A,N/A,0.78,18217.0,6.29
708,155660,DSR,1차 비철금속 제조업,"16,000,000","8,000,000,000",3760.0,3690.0,N/A,6.47,581.0,N/A,N/A,0.38,9925.0,1.33
710,161000,애경유화,기초 화학물질 제조업,"32,040,000","16,020,000,000",6790.0,6720.0,N/A,5.63,1205.0,N/A,N/A,0.59,11586.0,5.16
711,161390,한국타이어앤테크놀로지,고무제품 제조업,"123,875,069","61,937,534,500",28650.0,28950.0,N/A,9.02,3178.0,11.0,2678.0,0.49,58634.0,1.92
712,161890,한국콜마,기타 화학제품 제조업,"22,881,180","11,440,590,000",47750.0,47750.0,N/A,39.79,1200.0,22.0,2154.0,2.29,20882.0,0.69
713,163560,동일고무벨트,고무제품 제조업,"13,650,000","6,825,000,000",11100.0,11500.0,N/A,12.32,901.0,N/A,N/A,0.76,14564.0,0.88
715,170900,동아에스티,의약품 제조업,"8,443,868","42,219,340,000",91100.0,91100.0,N/A,7.92,11509.0,N/A,N/A,1.1,82868.0,1.1
718,180640,한진칼,항공 여객 운송업,"59,170,458","149,268,060,000",75000.0,75400.0,N/A,N/A,-6495.0,N/A,N/A,4.79,15664.0,0.34
719,181710,엔에이치엔,소프트웨어 개발 및 공급업,"19,565,025","9,782,512,500",73100.0,72600.0,N/A,74.74,978.0,19.0,3773.0,0.86,84732.0,N/A
720,183190,아세아시멘트,"시멘트, 석회, 플라스터 및 그 제품 제조업","3,895,809","19,479,045,000",55200.0,54300.0,N/A,7.97,6927.0,N/A,N/A,0.28,200271.0,2.72
721,185750,종근당,의약품 제조업,"10,885,685","27,214,212,500",198500.0,210500.0,N/A,35.47,5596.0,30.0,6614.0,4.47,44440.0,0.43
722,192080,더블유게임즈,소프트웨어 개발 및 공급업,"18,374,502","9,187,251,000",72000.0,71400.0,N/A,11.39,6320.0,9.0,7998.0,1.69,42480.0,0.49
724,192650,드림텍,전자부품 제조업,"62,075,008","6,280,956,600",13050.0,13500.0,N/A,37.61,347.0,N/A,N/A,3.58,3646.0,1.23
725,192820,코스맥스,기타 화학제품 제조업,"10,049,509","5,024,754,500",106500.0,104500.0,N/A,38.74,2749.0,21.0,4968.0,3.08,34588.0,0.85
726,194370,제이에스코퍼레이션,"가죽, 가방 및 유사제품 제조업","13,335,601","1,333,560,100",6890.0,6580.0,N/A,13.48,511.0,N/A,N/A,0.56,12203.0,7.26
727,195870,해성디에스,전자부품 제조업,"17,000,000","85,000,000,000",18300.0,18000.0,N/A,11.55,1585.0,9.0,2129.0,1.47,12452.0,1.91
728,200880,서연이화,자동차 신품 부품 제조업,"27,028,437","13,514,218,500",3820.0,3825.0,N/A,N/A,-2226.0,N/A,N/A,0.17,22821.0,2.62
730,204320,만도,자동차 신품 부품 제조업,"46,957,120","46,957,120,000",28500.0,28300.0,N/A,13.12,2172.0,-65.0,-440.0,0.87,32859.0,1.93
731,207940,삼성바이오로직스,기초 의약물질 및 생물학적 제제 제조업,"66,165,000","165,412,500,000",799000.0,794000.0,N/A,153.92,5191.0,242.0,3299.0,11.9,67153.0,N/A
732,210540,디와이파워,특수 목적용 기계 제조업,"11,041,708","5,520,854,000",9880.0,10000.0,N/A,6.58,1501.0,N/A,N/A,0.62,15951.0,2.02
734,213500,한솔제지,"펄프, 종이 및 판지 제조업","23,800,576","119,002,880,000",13050.0,13250.0,N/A,4.17,3127.0,N/A,N/A,0.49,26665.0,4.6
735,214320,이노션,광고업,"20,000,000","10,000,000,000",53200.0,49800.0,N/A,14.07,3782.0,16.0,3362.0,1.42,37366.0,2.82
736,214330,금호에이치티,자동차 신품 부품 제조업,"28,877,149","14,438,574,500",2575.0,2510.0,N/A,N/A,-91.0,N/A,N/A,1.2,2152.0,N/A
737,214390,경보제약,기초 의약물질 및 생물학적 제제 제조업,"23,906,860","11,953,430,000",10800.0,11200.0,N/A,50.23,215.0,N/A,N/A,1.74,6212.0,0.93
738,214420,토니모리,기타 화학제품 제조업,"17,640,000","3,528,000,000",10600.0,10800.0,N/A,N/A,-716.0,N/A,N/A,2.08,5104.0,N/A
739,226320,잇츠한불,기타 화학제품 제조업,"21,929,315","10,964,657,500",32650.0,35900.0,N/A,N/A,-205.0,N/A,N/A,1.4,23304.0,0.31
740,227840,현대코퍼레이션홀딩스,음·식료품 및 담배 도매업,"9,100,836","45,504,180,000",9840.0,9670.0,N/A,6.48,1518.0,N/A,N/A,0.46,21388.0,5.08
742,234080,JW생명과학,의약품 제조업,"15,834,554","39,586,385,000",18650.0,18550.0,N/A,12.84,1453.0,N/A,N/A,2.43,7682.0,2.68
743,241560,두산밥캣,특수 목적용 기계 제조업,"100,249,166","50,124,583,000",27550.0,27950.0,N/A,15.09,1826.0,15.0,1844.0,0.67,41141.0,4.36
744,241590,화승엔터프라이즈,신발 및 신발 부분품 제조업,"60,536,670","30,268,335,000",11300.0,10800.0,N/A,13.68,826.0,18.0,637.0,1.38,8176.0,0.4
745,248170,샘표식품,기타 식품 제조업,"4,568,286","2,284,143,000",47600.0,48500.0,N/A,7.06,6741.0,N/A,N/A,1.31,36223.0,0.42
746,249420,일동제약,의약품 제조업,"23,803,285","23,803,285,000",16350.0,15900.0,N/A,N/A,-859.0,N/A,N/A,1.55,10558.0,0.0
747,251270,넷마블,소프트웨어 개발 및 공급업,"85,800,897","8,580,089,700",148000.0,148000.0,N/A,74.37,1990.0,47.0,3125.0,2.56,57764.0,N/A
748,264900,크라운제과,기타 식품 제조업,"12,523,850","2,659,482,000",8290.0,8290.0,N/A,5.62,1476.0,N/A,N/A,0.76,10923.0,3.02
749,267250,현대중공업지주,석유 정제품 제조업,"15,798,617","81,433,085,000",235500.0,236000.0,N/A,N/A,-7856.0,-36.0,-6467.0,0.45,521122.0,7.86
750,267260,현대일렉트릭,"전동기, 발전기 및 전기 변환 · 공급 · 제어 장치 제조업","36,047,135","180,235,675,000",10650.0,10450.0,N/A,N/A,-8384.0,23.0,459.0,0.54,19597.0,N/A
751,267270,현대건설기계,일반 목적용 기계 제조업,"19,700,793","98,503,965,000",22100.0,22100.0,N/A,N/A,-1717.0,18.0,1240.0,0.34,64204.0,N/A
752,267290,경동도시가스,연료용 가스 제조 및 배관공급업,"5,895,406","14,738,515,000",16350.0,16250.0,N/A,4.62,3536.0,N/A,N/A,0.28,57956.0,5.35
753,267850,아시아나IDT,"컴퓨터 프로그래밍, 시스템 통합 및 관리업","11,100,000","5,550,000,000",20850.0,19650.0,N/A,N/A,-751.0,N/A,N/A,1.7,12241.0,2.4
754,268280,미원에스씨,기초 화학물질 제조업,"5,100,000","2,633,945,500",83400.0,82900.0,N/A,10.57,7887.0,N/A,N/A,1.7,49016.0,2.04
755,271560,오리온,기타 식품 제조업,"39,536,132","19,768,066,000",148000.0,151000.0,N/A,24.65,6004.0,20.0,7438.0,3.46,42788.0,0.41
756,271980,제일약품,의약품 제조업,"14,704,872","7,352,436,000",50800.0,53900.0,N/A,N/A,-484.0,N/A,N/A,4.3,11827.0,0.14
757,272210,한화시스템,전자부품 제조업,"110,230,389","551,151,945,000",9950.0,9630.0,N/A,14.09,706.0,17.0,582.0,1.14,8694.0,3.12
758,272450,진에어,항공 여객 운송업,"30,000,000","30,000,000,000",8990.0,9020.0,N/A,N/A,-4475.0,-2.0,-5295.0,1.84,4885.0,N/A
759,272550,삼양패키징,플라스틱제품 제조업,"14,209,804","71,049,020,000",17850.0,17850.0,N/A,8.47,2107.0,N/A,N/A,0.91,19530.0,4.2
760,280360,롯데제과,기타 식품 제조업,"6,416,717","3,208,358,500",102000.0,101500.0,N/A,19.99,5102.0,N/A,N/A,0.54,189564.0,1.27
761,281820,케이씨텍,"측정, 시험, 항해, 제어 및 기타 정밀기기 제조업; 광학기기 제외","19,839,340","9,919,670,000",19800.0,19200.0,N/A,10.1,1960.0,N/A,N/A,1.34,14788.0,1.01
762,282330,BGF리테일,종합 소매업,"17,283,906","17,283,906,000",122500.0,123500.0,N/A,14.86,8241.0,16.0,7728.0,3.6,34021.0,2.2
763,282690,동아타이어,고무제품 제조업,"13,733,015","6,866,507,500",10150.0,10200.0,N/A,6.08,1669.0,N/A,N/A,0.4,25655.0,4.93
764,284740,쿠쿠홈시스,개인 및 가정용품 임대업,"22,437,330","2,243,733,000",46350.0,45600.0,N/A,17.43,2659.0,N/A,N/A,2.32,19947.0,1.21
765,285130,SK케미칼,합성고무 및 플라스틱 물질 제조업,"11,741,396","66,000,330,000",395500.0,401500.0,N/A,169.89,2328.0,21.0,19167.0,7.21,54853.0,0.11
766,286940,롯데정보통신,"컴퓨터 프로그래밍, 시스템 통합 및 관리업","15,396,331","76,981,655,000",32550.0,32600.0,N/A,9.01,3613.0,12.0,2721.0,1.28,25476.0,2.15
767,293480,하나제약,의약품 제조업,"16,200,000","8,100,000,000",23900.0,23600.0,N/A,14.28,1674.0,N/A,N/A,1.72,13930.0,1.92
769,294870,HDC현대산업개발,건물 건설업,"65,907,330","329,536,650,000",20250.0,20000.0,N/A,2.87,7055.0,4.0,5700.0,0.49,41489.0,2.16
770,298000,효성화학,기초 화학물질 제조업,"3,190,126","15,950,630,000",98600.0,97800.0,N/A,4.17,23632.0,13.0,7707.0,0.69,142339.0,5.07
771,298020,효성티앤씨,화학섬유 제조업,"4,327,682","21,638,410,000",101000.0,101500.0,N/A,4.91,20589.0,11.0,9169.0,0.86,117148.0,1.98
772,298040,효성중공업,"전동기, 발전기 및 전기 변환 · 공급 · 제어 장치 제조업","9,324,548","46,622,740,000",40400.0,41200.0,N/A,N/A,-5348.0,N/A,N/A,0.44,91524.0,N/A
773,298050,효성첨단소재,화학섬유 제조업,"4,479,948","22,399,740,000",137000.0,137000.0,N/A,N/A,-19449.0,-28.0,-4946.0,1.76,77646.0,N/A
774,298690,에어부산,항공 여객 운송업,"52,070,000","52,070,000,000",3525.0,3455.0,N/A,N/A,-2623.0,N/A,N/A,3.95,892.0,N/A
775,300720,한일시멘트,"시멘트, 석회, 플라스터 및 그 제품 제조업","4,144,970","20,724,850,000",79000.0,78200.0,N/A,7.68,10286.0,N/A,N/A,0.37,210892.0,5.95
776,306200,세아제강,1차 철강 제조업,"2,836,300","14,181,500,000",75100.0,72600.0,N/A,9.62,7804.0,N/A,N/A,0.36,208633.0,2.66
777,307950,현대오토에버,소프트웨어 개발 및 공급업,"21,000,000","10,500,000,000",39400.0,39600.0,N/A,14.86,2652.0,N/A,N/A,1.64,24039.0,1.8
778,308170,센트랄모텍,자동차 신품 부품 제조업,"8,610,000","4,305,000,000",24850.0,25300.0,N/A,31.78,782.0,N/A,N/A,2.14,11628.0,N/A
781,322000,현대에너지솔루션,반도체 제조업,"11,200,000","56,000,000,000",27300.0,26900.0,N/A,9.79,2788.0,N/A,N/A,0.95,28650.0,N/A
782,326030,에스케이바이오팜,자연과학 및 공학 연구개발업,"78,313,250","39,156,625,000",162500.0,167000.0,N/A,N/A,-1100.0,N/A,N/A,N/A,-1188.0,N/A
785,336260,두산퓨얼셀,"전동기, 발전기 및 전기 변환 · 공급 · 제어 장치 제조업","55,493,726","7,184,422,600",38300.0,38300.0,N/A,58.38,656.0,N/A,N/A,16.84,2274.0,N/A
786,336370,두산솔루스,전자부품 제조업,"30,589,758","3,960,220,800",40150.0,40600.0,N/A,89.02,451.0,53.0,752.0,10.39,3865.0,N/A
788,344820,케이씨씨글라스,유리 및 유리제품 제조업,"8,350,210","8,350,210,000",26700.0,26550.0,N/A,N/A,N/A,N/A,N/A,0.25,108824.0,N/A
791,353200,대덕전자,전자부품 제조업,"49,416,925","25,756,222,000",10700.0,10300.0,N/A,N/A,N/A,N/A,N/A,N/A,N/A,N/A
793,900140,엘브이엠씨,자동차 판매업,"51,120,439","12,780,110",3670.0,3755.0,N/A,N/A,-843.0,N/A,N/A,0.56,6502.0,N/A
