Unnamed: 0,CODE,NAME,SECT.,STOCK NO.,CAPT.,2017.12,2018.12,2019.12,2020.12(E),2019.06,2019.09,2019.12,2020.03,2020.06,2020.09(E)
0,000020,동화약품,의약품 제조업,"27,931,470","27,931,470,000",110.0,112.0,99.0,N/A,-9.0,7.0,78.0,27.0,62.0,N/A
1,000040,KR모터스,그외 기타 운송장비 제조업,"91,661,018","45,830,509,000",-260,-163,-247,N/A,-23.0,-38.0,-156.0,4.0,8.0,N/A
2,000050,경방,종합 소매업,"27,415,270","13,707,635,000",423.0,410.0,320.0,N/A,80.0,44.0,107.0,32.0,33.0,N/A
5,000080,하이트진로,알코올음료 제조업,"70,133,611","368,818,745,000",872.0,904.0,882.0,2008.0,106.0,492.0,327.0,561.0,541.0,566.0
6,000100,유한양행,의약품 제조업,"66,856,810","68,037,750,000",887.0,501.0,125.0,731.0,-54.0,33.0,85.0,11.0,357.0,129.0
7,000120,CJ대한통운,도로 화물 운송업,"22,812,344","114,061,720,000",2357,2427,3072,3454,718.0,887.0,1013.0,582.0,839.0,945.0
11,000210,대림산업,토목 건설업,"34,800,000","218,500,000,000",5459.0,8454.0,11301.0,12029.0,2977.0,2230.0,3685.0,2902.0,3071.0,2506.0
12,000220,유유제약,의약품 제조업,"6,753,200","8,427,585,000",36.0,53.0,81.0,N/A,29.0,15.0,18.0,30.0,17.0,N/A
13,000230,일동홀딩스,의약품 제조업,"11,540,400","11,540,400,000",7.0,-7.0,-238.0,N/A,26.0,24.0,-104.0,-184.0,-37.0,N/A
15,000270,기아자동차,자동차용 엔진 및 자동차 제조업,"405,363,347","2,139,316,735,000",6622.0,11575.0,20097.0,17033.0,5336.0,2915.0,5905.0,4445.0,1452.0,4671.0
16,000300,대유플러스,통신 및 방송 장비 제조업,"114,588,434","57,294,217,000",71,364,396,N/A,50.0,136.0,83.0,127.0,22.0,N/A
19,000390,삼화페인트공업,기타 화학제품 제조업,"26,438,751","13,219,375,500",88.0,79.0,112.0,N/A,70.0,32.0,37.0,-18.0,57.0,N/A
21,000430,대원강업,자동차 신품 부품 제조업,"62,000,000","31,000,000,000",382.0,422.0,269.0,N/A,84.0,47.0,111.0,42.0,-121.0,N/A
22,000480,조선내화,"내화, 비내화 요업제품 제조업","4,000,000","20,000,000,000",-32.0,394.0,213.0,N/A,7.0,82.0,35.0,73.0,-18.0,N/A
23,000490,대동공업,특수 목적용 기계 제조업,"23,728,210","23,728,210,000",172.0,52.0,245.0,N/A,226.0,75.0,-166.0,163.0,265.0,N/A
24,000500,가온전선,절연선 및 케이블 제조업,"4,160,347","20,801,735,000",79.0,52.0,71.0,N/A,14.0,28.0,14.0,16.0,32.0,N/A
25,000520,삼일제약,의약품 제조업,"6,500,000","6,500,000,000",13.0,-57.0,48.0,N/A,11.0,2.0,10.0,33.0,21.0,N/A
29,000650,천일고속,육상 여객 운송업,"1,429,220","7,146,100,000",-20.0,-22.0,6.0,N/A,-4.0,-,3.0,5.0,-27.0,N/A
30,000660,SK하이닉스,반도체 제조업,"728,002,365","3,657,652,050,000",137213.0,208438.0,27127.0,57110.0,6376.0,4726.0,2360.0,8003.0,19467.0,15344.0
31,000670,영풍,1차 비철금속 제조업,"1,842,040","9,210,200,000",1594.0,-1089.0,844.0,N/A,305.0,428.0,181.0,150.0,122.0,N/A
32,000680,LS네트웍스,상품 종합 도매업,"78,803,016","394,015,080,000",28,38,-215,N/A,-54.0,-46.0,-130.0,-52.0,-39.0,N/A
34,000720,현대건설,토목 건설업,"111,355,765","557,273,105,000",9861.0,8400.0,8597.0,7701.0,2052.0,2451.0,2392.0,1702.0,1653.0,2080.0
35,000760,이화산업,기타 전문 도매업,"2,800,000","14,000,000,000",8,5,-17,N/A,7.0,-9.0,-18.0,7.0,1.0,N/A
37,000850,화천기공,특수 목적용 기계 제조업,"2,200,000","11,000,000,000",110.0,86.0,69.0,N/A,38.0,17.0,-21.0,13.0,6.0,N/A
38,000860,강남제비스코,기타 화학제품 제조업,"6,500,000","6,500,000,000",151.0,17.0,-20.0,N/A,43.0,-27.0,-41.0,-13.0,28.0,N/A
39,000880,한화,기타 화학제품 제조업,"74,958,735","489,550,145,000",21589.0,18061.0,11257.0,14428.0,3636.0,3878.0,1148.0,2964.0,5013.0,4156.0
40,000890,보해양조,알코올음료 제조업,"127,449,373","63,724,686,500",21,-110,-111,N/A,6.0,4.0,2.0,-122.0,-2,N/A
41,000910,유니온,"시멘트, 석회, 플라스터 및 그 제품 제조업","15,611,619","7,805,809,500",5.0,-7.0,109.0,N/A,-2.0,49.0,26.0,37.0,8.0,N/A
42,000950,전방,방적 및 가공사 제조업,"1,680,000","8,400,000,000",-181.0,-87,-305,N/A,-42.0,-73.0,-106.0,-36.0,-42.0,N/A
43,000970,한국주철관공업,1차 철강 제조업,"22,800,500","12,000,000,000",192.0,66.0,156.0,N/A,55.0,27.0,38.0,36.0,25.0,N/A
44,000990,DB하이텍,반도체 제조업,"44,398,588","222,554,520,000",1432.0,1130.0,1813.0,2847.0,493.0,618.0,478.0,647.0,771.0,811.0
45,001020,페이퍼코리아,"펄프, 종이 및 판지 제조업","35,166,280","17,583,140,000",-394,22,-13,N/A,-55.0,42.0,18.0,52.0,132.0,N/A
47,001060,JW중외제약,의약품 제조업,"20,920,054","52,956,972,500",217.0,216.0,-190.0,N/A,14.0,26.0,-267.0,-5.0,-54.0,N/A
48,001070,대한방직,직물직조 및 직물제품 제조업,"5,300,000","5,300,000,000",-99,-125.0,-130.0,N/A,-25.0,-17.0,-16.0,-72.0,9.0,N/A
49,001080,만호제강,1차 철강 제조업,"4,150,000","4,150,000,000",29.0,20.0,-14.0,N/A,-8.0,2.0,-2.0,-4.0,2.0,N/A
50,001120,LG상사,상품 중개업,"38,760,000","193,800,000,000",2123.0,1657.0,1348.0,1559.0,533.0,506.0,292.0,17.0,499.0,374.0
51,001130,대한제분,"곡물가공품, 전분 및 전분제품 제조업","1,690,000","8,450,000,000",362.0,328.0,235.0,N/A,84.0,64.0,9.0,111.0,108.0,N/A
52,001140,국보,도로 화물 운송업,"44,596,337","22,298,168,500",-39,-53,-10,N/A,-11.0,-20.0,-13.0,34.0,-37.0,N/A
54,001210,금호전기,전구 및 조명장치 제조업,"11,981,820","5,990,910,000",-77.0,-243,-42,N/A,-23.0,-24.0,13.0,-30.0,-9.0,N/A
55,001230,동국제강,1차 철강 제조업,"95,432,737","589,228,035,000",2413.0,1450,1646,2472,483.0,792.0,567.0,-197.0,562.0,766.0
56,001250,GS글로벌,상품 종합 도매업,"82,533,764","206,334,410,000",480.0,561.0,583,N/A,177.0,131.0,122.0,195.0,143.0,N/A
57,001260,남광토건,토목 건설업,"9,828,611","49,143,055,000",18,111,48,N/A,4.0,26.0,3.0,17.0,25.0,N/A
60,001340,백광산업,기초 화학물질 제조업,"44,918,407","22,459,203,500",90.0,275.0,212.0,N/A,56.0,48.0,27.0,41.0,49.0,N/A
61,001360,삼성제약,의약품 제조업,"61,549,713","30,774,856,500",-69,-48,-65,N/A,-16.0,-34.0,-22.0,-5.0,-44.0,N/A
62,001380,SG충방,자동차 신품 부품 제조업,"44,964,143","22,482,071,500",-18,52,39,N/A,12.0,-4.0,5.0,8.0,3.0,N/A
63,001390,KG케미칼,기초 화학물질 제조업,"13,013,232","67,374,405,000",762.0,725.0,1180.0,N/A,241.0,274.0,391.0,274.0,585.0,N/A
64,001420,태원물산,자동차 신품 부품 제조업,"7,600,000","3,800,000,000",3.0,-,1.0,N/A,3.0,-2.0,3.0,-4.0,-,N/A
65,001430,세아베스틸,1차 철강 제조업,"35,862,119","219,310,595,000",1885.0,559.0,440.0,587.0,166.0,251.0,-4.0,27.0,108.0,46.0
66,001440,대한전선,절연선 및 케이블 제조업,"856,473,009","428,236,504,500",496,495,332,N/A,3.0,34.0,83.0,212.0,59.0,N/A
68,001460,BYC,봉제의복 제조업,"624,615","4,200,000,000",172.0,213.0,234.0,N/A,62.0,61.0,59.0,23.0,85.0,N/A
69,001470,삼부토건,토목 건설업,"137,546,368","137,546,368,000",-194,-94,50.0,N/A,34.0,11.0,19.0,7.0,22.0,N/A
72,001520,동양,"시멘트, 석회, 플라스터 및 그 제품 제조업","238,684,063","119,850,042,500",68.0,7.0,-201.0,N/A,-56.0,-7.0,-90.0,-48.0,-41.0,N/A
73,001530,디아이동일,상품 중개업,"2,465,609","12,328,045,000",220.0,445.0,486.0,N/A,183.0,133.0,73.0,98.0,193.0,N/A
74,001550,조비,"비료, 농약 및 살균, 살충제 제조업","5,192,239","25,961,195,000",16,19,10.0,N/A,6.0,25.0,-19.0,-2,14.0,N/A
75,001560,제일연마,기타 비금속 광물제품 제조업,"10,000,000","5,000,000,000",63.0,54.0,69.0,N/A,18.0,16.0,19.0,13.0,4.0,N/A
76,001570,금양,기초 화학물질 제조업,"44,048,135","22,024,067,500",131,135.0,92,N/A,35.0,18.0,12.0,31.0,10.0,N/A
77,001620,케이비아이동국실업,자동차 신품 부품 제조업,"66,042,072","33,021,036,000",-367,-121,-140,N/A,-5.0,-76.0,-51.0,-44.0,-141.0,N/A
78,001630,종근당홀딩스,의약품 제조업,"5,009,861","12,524,652,500",435.0,537.0,862.0,1323.0,274.0,262.0,123.0,324.0,265.0,332.0
79,001680,대상,기타 식품 제조업,"34,648,025","36,018,248,000",967.0,1202.0,1298.0,1850.0,337.0,423.0,156.0,498.0,610.0,549.0
81,001740,SK네트웍스,기타 전문 도매업,"248,187,647","620,753,237,500",1428.0,1335.0,1094.0,1850.0,351.0,519.0,833.0,-609.0,409.0,426.0
83,001770,신화실업,1차 철강 제조업,"1,214,878","6,074,390,000",36.0,32.0,10.0,N/A,4.0,-,3.0,3.0,-,N/A
84,001780,알루코,1차 비철금속 제조업,"74,714,941","37,357,470,500",208.0,121.0,122,N/A,41.0,40.0,20.0,21.0,45.0,N/A
85,001790,대한제당,"곡물가공품, 전분 및 전분제품 제조업","8,969,658","24,044,835,000",165.0,327.0,295.0,N/A,81.0,108.0,77.0,73.0,64.0,N/A
87,001820,삼화콘덴서공업,전자부품 제조업,"10,395,000","10,395,000,000",220.0,813.0,373.0,298.0,108.0,66.0,13.0,75.0,69.0,86.0
88,001880,대림건설,건물 건설업,"22,053,284","110,266,420,000",838,909.0,1430.0,N/A,457.0,334.0,281.0,699.0,463.0,N/A
89,001940,KISCO홀딩스,1차 철강 제조업,"18,476,380","18,476,380,000",974.0,657.0,576.0,N/A,212.0,127.0,178.0,59.0,173.0,N/A
92,002070,비비안,봉제의복 제조업,"68,679,450","6,867,945,000",-15.0,-45.0,-5,N/A,7.0,3.0,-13.0,-2.0,-29.0,N/A
93,002100,경농,"비료, 농약 및 살균, 살충제 제조업","21,691,750","10,845,875,000",84.0,148.0,87.0,N/A,39.0,-85.0,-89.0,258.0,34.0,N/A
94,002140,고려산업,"곡물가공품, 전분 및 전분제품 제조업","24,939,425","24,939,425,000",59.0,58.0,58.0,N/A,-7.0,17.0,21.0,26.0,9.0,N/A
95,002150,도화엔지니어링,"건축기술, 엔지니어링 및 관련 기술 서비스업","33,720,000","16,860,000,000",165.0,173.0,271.0,N/A,109.0,17.0,116.0,67.0,40.0,N/A
96,002170,삼양통상,"가죽, 가방 및 유사제품 제조업","3,000,000","15,000,000,000",302.0,321.0,494.0,N/A,106.0,143.0,160.0,94.0,156.0,N/A
97,002200,한국수출포장공업,"골판지, 종이 상자 및 종이용기 제조업","4,000,000","20,000,000,000",-69.0,231.0,193.0,N/A,57.0,49.0,53.0,46.0,40.0,N/A
98,002210,동성제약,의약품 제조업,"26,100,970","26,100,970,000",10,-18,-75,N/A,-8.0,-12.0,-15.0,-40.0,-13.0,N/A
99,002220,한일철강,1차 철강 제조업,"22,841,537","11,420,768,500",45.0,-21,-73,N/A,-27.0,-8.0,-26.0,-19.0,-14.0,N/A
100,002240,고려제강,1차 철강 제조업,"20,000,000","20,000,000,000",388.0,380.0,317.0,N/A,166.0,50.0,-7.0,25.0,-185.0,N/A
101,002270,롯데푸드,낙농제품 및 식용빙과류 제조업,"1,131,870","5,659,350,000",662.0,676.0,495.0,527.0,186.0,212.0,12.0,99.0,140.0,N/A
102,002310,아세아제지,"골판지, 종이 상자 및 종이용기 제조업","8,956,502","44,782,510,000",54.0,983.0,711.0,N/A,210.0,202.0,136.0,179.0,156.0,N/A
103,002320,한진,도로 화물 운송업,"11,974,656","59,873,280,000",216.0,421.0,907.0,1111.0,219.0,257.0,246.0,254.0,289.0,293.0
104,002350,넥센타이어,고무제품 제조업,"97,667,877","54,083,938,500",1854.0,1824.0,2074.0,642.0,485.0,629.0,558.0,402.0,254.0,74.0
105,002360,SH에너지화학,기초 화학물질 제조업,"111,133,730","55,566,865,000",142.0,21.0,-31,20,-14.0,-1.0,-16.0,-29.0,-36.0,12.0
106,002380,케이씨씨,기타 화학제품 제조업,"8,886,471","48,084,660,000",3298.0,2009.0,1332.0,N/A,228.0,531.0,499.0,74.0,206.0,N/A
107,002390,한독,의약품 제조업,"13,763,533","6,881,766,500",-19.0,221.0,275.0,N/A,59.0,71.0,76.0,70.0,72.0,N/A
108,002410,범양건영,건물 건설업,"24,831,982","24,831,982,000",26,68,115,N/A,25.0,50.0,17.0,22.0,19.0,N/A
109,002420,세기상사,"영화, 비디오물, 방송프로그램 제작 및 배급업","407,592","2,037,960,000",-4,-4,-5.0,N/A,-,-2.0,-,-2.0,-2.0,N/A
110,002450,삼익악기,악기 제조업,"90,530,915","45,265,457,500",219.0,237.0,277.0,N/A,59.0,57.0,60.0,104.0,13.0,N/A
111,002460,화성산업,건물 건설업,"12,450,800","62,254,000,000",590.0,671.0,296.0,N/A,34.0,63.0,63.0,136.0,232.0,N/A
112,002600,조흥,기타 식품 제조업,"600,000","3,000,000,000",141.0,114.0,123.0,N/A,32.0,35.0,31.0,23.0,21.0,N/A
114,002630,오리엔트바이오,의약품 제조업,"101,798,996","50,899,498,000",-79,-101,-112.0,N/A,-23.0,-69.0,-5.0,-15.0,-1.0,N/A
115,002690,동일제강,1차 철강 제조업,"15,000,000","7,500,000,000",11.0,-3,10.0,N/A,5.0,-5.0,9.0,-5.0,11.0,N/A
116,002700,신일전자,기계장비 및 관련 물품 도매업,"71,047,521","35,523,760,500",106.0,148.0,16.0,N/A,36.0,12.0,-18.0,-12,66.0,N/A
117,002710,TCC스틸,1차 철강 제조업,"23,000,000","23,000,000,000",81,171.0,129.0,N/A,39.0,49.0,37.0,3.0,-12.0,N/A
118,002720,국제약품,의약품 제조업,"18,400,520","18,400,520,000",26.0,33.0,56,N/A,14.0,12.0,4.0,61.0,13.0,N/A
119,002760,보락,기타 화학제품 제조업,"59,900,000","11,980,000,000",13.0,13.0,6.0,N/A,6.0,-,3.0,1.0,-,N/A
120,002780,진흥기업,토목 건설업,"145,471,745","73,311,885,500",416,351,280,N/A,79.0,80.0,53.0,21.0,48.0,N/A
121,002790,아모레퍼시픽그룹,기타 화학제품 제조업,"82,458,180","47,997,075,000",7315.0,5495.0,4982.0,2409.0,2048.0,1104.0,1205.0,625.0,679.0,444.0
122,002810,삼영무역,기타 전문 도매업,"18,466,948","9,233,474,000",99.0,68.0,92.0,N/A,26.0,17.0,29.0,51.0,49.0,N/A
123,002820,선창산업,나무제품 제조업,"12,607,989","12,607,989,000",-8,-50.0,-187,N/A,-14.0,-20.0,-87.0,-67.0,-36.0,N/A
124,002840,미원상사,기타 화학제품 제조업,"4,970,000","6,661,780,000",110,272.0,323.0,N/A,44.0,107.0,96.0,76.0,88.0,N/A
125,002870,신풍제지,"펄프, 종이 및 판지 제조업","34,958,700","17,479,350,000",-21,122.0,114.0,N/A,41.0,50.0,17.0,-41.0,-22.0,N/A
126,002880,대유에이텍,자동차 신품 부품 제조업,"106,915,987","53,457,993,500",184.0,67,313,N/A,55.0,119.0,280.0,-146.0,79.0,N/A
127,002900,동양물산기업,특수 목적용 기계 제조업,"126,004,610","63,002,305,000",-19.0,-54.0,137,N/A,62.0,4.0,-1.0,71.0,141.0,N/A
128,002920,유성기업,자동차 신품 부품 제조업,"25,947,500","12,973,750,000",32.0,18.0,122.0,N/A,25.0,22.0,21.0,33.0,-37.0,N/A
129,002960,한국쉘석유,석유 정제품 제조업,"1,300,000","7,000,000,000",300.0,310.0,257.0,N/A,79.0,66.0,51.0,81.0,79.0,N/A
130,002990,금호산업,건물 건설업,"36,633,924","184,630,950,000",311.0,423.0,555.0,780.0,146.0,167.0,173.0,166.0,182.0,199.0
131,003000,부광약품,의약품 제조업,"64,837,978","33,289,457,500",77.0,351.0,95.0,N/A,17.0,38.0,-21.0,61.0,8.0,34.0
132,003010,혜인,기계장비 및 관련 물품 도매업,"12,712,747","6,356,373,500",25.0,62.0,118.0,N/A,16.0,44.0,30.0,-8.0,22.0,N/A
134,003060,에이프로젠제약,의약품 제조업,"398,575,766","199,287,883,000",-15,-8,-20,N/A,-2.0,-8.0,-,-5.0,-7.0,N/A
135,003070,코오롱글로벌,토목 건설업,"25,210,438","127,616,205,000",725.0,768.0,1256.0,1566.0,281.0,278.0,284.0,412.0,307.0,356.0
136,003080,성보화학,"비료, 농약 및 살균, 살충제 제조업","20,020,000","10,010,000,000",-28.0,3.0,-44.0,N/A,48.0,-16.0,-24.0,-51.0,58.0,N/A
138,003120,일성신약,의약품 제조업,"2,660,000","13,300,000,000",26.0,23.0,-13.0,N/A,-4.0,-6.0,1.0,1.0,-5,N/A
139,003160,디아이,"측정, 시험, 항해, 제어 및 기타 정밀기기 제조업; 광학기기 제외","31,496,785","17,248,392,500",115.0,215.0,-65.0,N/A,-35.0,22.0,-32.0,-48.0,62.0,N/A
140,003200,일신방직,방적 및 가공사 제조업,"2,400,000","12,000,000,000",240.0,299.0,136.0,N/A,54.0,27.0,60.0,37.0,17.0,N/A
141,003220,대원제약,의약품 제조업,"20,243,603","10,121,801,500",253.0,307.0,351.0,382.0,79.0,84.0,84.0,104.0,101.0,83.0
142,003230,삼양식품,기타 식품 제조업,"7,533,015","37,665,075,000",433.0,552.0,783.0,1070.0,208.0,210.0,212.0,267.0,295.0,253.0
143,003240,태광산업,화학섬유 제조업,"1,113,400","5,567,000,000",2412.0,3315.0,2914.0,N/A,1216.0,721.0,411.0,411.0,137.0,N/A
144,003280,흥아해운,해상 운송업,"116,732,559","58,366,279,500",-130,-112,-124,N/A,-210.0,-115.0,259.0,-69.0,39.0,N/A
145,003300,한일홀딩스,"시멘트, 석회, 플라스터 및 그 제품 제조업","5,994,356","31,342,450,000",1126.0,411.0,836.0,N/A,-50.0,532.0,176.0,179.0,-8.0,N/A
146,003350,한국화장품제조,기타 화학제품 제조업,"4,532,000","2,266,000,000",29.0,48.0,13.0,N/A,15.0,-9.0,3.0,8.0,-4.0,N/A
147,003410,쌍용양회공업,"시멘트, 석회, 플라스터 및 그 제품 제조업","503,859,595","505,403,280,000",2509.0,2469.0,2284.0,2495.0,844.0,530.0,696.0,307.0,907.0,566.0
150,003480,한진중공업홀딩스,연료용 가스 제조 및 배관공급업,"29,529,812","155,149,060,000",-618,277,384,N/A,216.0,-45.0,23.0,190.0,244.0,N/A
151,003490,대한항공,항공 여객 운송업,"174,209,713","876,602,535,000",9398.0,6712.0,2575,1742,-986.0,964.0,1191.0,-828.0,1102.0,630.0
152,003520,영진약품,의약품 제조업,"182,892,731","91,446,365,500",30,-22,100.0,N/A,45.0,37.0,-4.0,25.0,14.0,N/A
156,003560,아이에이치큐,"영화, 비디오물, 방송프로그램 제작 및 배급업","146,235,748","73,117,874,000",153,99.0,-70,N/A,-1.0,-52.0,-23.0,-87.0,-21.0,N/A
157,003570,S&T중공업,자동차 신품 부품 제조업,"33,252,697","85,631,742,500",-375,161.0,192.0,N/A,38.0,27.0,85.0,37.0,34.0,N/A
158,003580,넥스트사이언스,기타 비금속광물 광업,"32,012,942","16,006,471,000",-5,-40,-44,N/A,-37.0,-45.0,-43.0,81.0,-32.0,N/A
159,003610,방림,직물직조 및 직물제품 제조업,"42,314,090","21,157,045,000",63.0,19.0,21.0,N/A,8.0,2.0,16.0,-,-12.0,N/A
160,003620,쌍용자동차,자동차용 엔진 및 자동차 제조업,"149,840,002","749,200,010,000",-653,-642,-2819,N/A,-278.0,-491.0,-1052.0,-998.0,-986.0,N/A
161,003650,미창석유공업,석유 정제품 제조업,"1,739,672","8,698,360,000",136.0,126.0,175.0,N/A,45.0,36.0,51.0,51.0,56.0,N/A
162,003670,포스코케미칼,"내화, 비내화 요업제품 제조업","60,988,220","30,494,110,000",1040.0,1063.0,899.0,710.0,167.0,280.0,232.0,160.0,41.0,218.0
163,003680,한성기업,수산물 가공 및 저장 처리업,"6,209,515","31,047,575,000",67.0,8,-83,N/A,12.0,4.0,-113.0,17.0,33.0,N/A
164,003690,코리안리,재 보험업,"120,369,116","60,184,558,000",1756.0,1436.0,2498.0,2350.0,842.0,881.0,507.0,268.0,552.0,N/A
165,003720,삼영화학공업,플라스틱제품 제조업,"34,000,000","17,000,000,000",-138,-63,-9,N/A,-5.0,-2.0,-8.0,6.0,4.0,N/A
166,003780,진양산업,플라스틱제품 제조업,"13,000,000","6,500,000,000",18.0,30.0,91.0,N/A,23.0,26.0,25.0,20.0,21.0,N/A
167,003830,대한화섬,화학섬유 제조업,"1,328,000","6,640,000,000",57.0,22.0,49.0,N/A,16.0,19.0,3.0,36.0,3.0,N/A
168,003850,보령제약,의약품 제조업,"47,620,000","23,810,000,000",10.0,250.0,391.0,411.0,114.0,119.0,64.0,134.0,97.0,106.0
169,003920,남양유업,낙농제품 및 식용빙과류 제조업,"720,000","4,433,310,000",51.0,86.0,4.0,N/A,6.0,-9.0,-6.0,-206.0,-120.0,N/A
170,003960,사조대림,수산물 가공 및 저장 처리업,"9,164,467","45,822,335,000",554.0,363.0,496.0,N/A,38.0,96.0,227.0,135.0,90.0,N/A
171,004000,롯데정밀화학,기초 화학물질 제조업,"25,800,000","129,000,000,000",1111.0,2107.0,1897.0,1574.0,377.0,522.0,514.0,484.0,510.0,354.0
172,004020,현대제철,1차 철강 제조업,"133,445,785","667,228,925,000",13676.0,10261.0,3313.0,1227.0,2124.0,2326.0,341.0,-1479.0,-297.0,-212.0
173,004060,SG세계물산,상품 종합 도매업,"202,424,960","101,212,480,000",-67,39,5,N/A,-21.0,59.0,-73.0,-40.0,-68.0,N/A
174,004080,신흥,기계장비 및 관련 물품 도매업,"9,600,000","6,733,070,000",40.0,11.0,30.0,N/A,4.0,9.0,14.0,17.0,6.0,N/A
175,004090,한국석유공업,기타 비금속 광물제품 제조업,"655,200","3,276,000,000",142.0,83.0,61.0,N/A,27.0,19.0,-2.0,20.0,60.0,N/A
176,004100,태양금속공업,자동차 신품 부품 제조업,"36,700,000","20,000,000,000",100.0,72.0,-176.0,N/A,-24.0,-24.0,-131.0,-3.0,-38.0,N/A
177,004140,동방,기타 운송관련 서비스업,"34,636,700","34,636,700,000",146.0,142.0,209.0,N/A,60.0,65.0,50.0,42.0,48.0,N/A
179,004170,신세계,종합 소매업,"9,845,181","49,225,905,000",3457.0,3974.0,4678.0,1108.0,1096.0,681.0,959.0,1942.0,33.0,143.0
180,004250,엔피씨,플라스틱제품 제조업,"36,720,000","21,000,000,000",167.0,149.0,198.0,N/A,89.0,65.0,-4.0,68.0,42.0,N/A
181,004270,남성,기타 전문 도매업,"36,212,160","18,106,080,000",72.0,10.0,5.0,N/A,10.0,5.0,-21.0,4.0,-2.0,N/A
182,004310,현대약품,의약품 제조업,"32,000,000","16,000,000,000",20.0,12.0,16.0,N/A,4.0,5.0,3.0,3.0,38.0,N/A
183,004360,세방,도로 화물 운송업,"19,308,690","11,498,970,000",115.0,114.0,161.0,N/A,60.0,52.0,9.0,65.0,51.0,N/A
184,004370,농심,기타 식품 제조업,"6,082,642","30,413,210,000",964.0,886.0,788.0,1652.0,82.0,186.0,204.0,636.0,414.0,319.0
185,004380,삼익THK,일반 목적용 기계 제조업,"21,000,000","10,500,000,000",349.0,255.0,75.0,N/A,24.0,15.0,16.0,31.0,38.0,N/A
186,004410,서울식품공업,기타 식품 제조업,"337,410,000","33,963,450,000",9,11,4.0,N/A,7.0,-4.0,-9.0,3.0,2.0,N/A
187,004430,송원산업,기타 화학제품 제조업,"24,000,000","12,000,000,000",545.0,543.0,593.0,715.0,233.0,140.0,82.0,181.0,162.0,218.0
188,004440,대림씨엔에스,"시멘트, 석회, 플라스터 및 그 제품 제조업","12,731,947","12,731,947,000",129.0,37,36.0,N/A,10.0,11.0,2.0,7.0,10.0,N/A
189,004450,삼화왕관,기타 금속 가공제품 제조업,"2,154,379","10,771,895,000",110.0,108.0,91.0,N/A,20.0,34.0,26.0,11.0,26.0,N/A
190,004490,세방전지,일차전지 및 축전지 제조업,"14,000,000","7,000,000,000",698.0,1113.0,1057.0,N/A,260.0,287.0,209.0,204.0,176.0,N/A
191,004540,깨끗한나라,"펄프, 종이 및 판지 제조업","37,240,693","37,606,853,000",-253,-292,51,N/A,-46.0,55.0,104.0,187.0,176.0,N/A
192,004560,현대비앤지스틸,1차 철강 제조업,"15,078,811","75,943,315,000",307.0,350.0,365.0,N/A,126.0,79.0,125.0,44.0,45.0,N/A
193,004690,삼천리,연료용 가스 제조 및 배관공급업,"4,055,025","20,275,125,000",611.0,839.0,856.0,783.0,64.0,7.0,72.0,645.0,23.0,-4.0
194,004700,조광피혁,"가죽, 가방 및 유사제품 제조업","6,649,138","34,245,690,000",246,150,158.0,N/A,54.0,47.0,29.0,33.0,25.0,N/A
195,004710,한솔테크닉스,전자부품 제조업,"32,109,878","160,549,390,000",305,156,255,340,82.0,120.0,-16.0,108.0,114.0,129.0
196,004720,우리들제약,의약품 제조업,"13,706,224","6,853,112,000",60,50,12,N/A,11.0,1.0,-6.0,-9.0,19.0,N/A
197,004770,써니전자,반도체 제조업,"34,845,011","18,372,505,500",13,6,42,N/A,-,21.0,17.0,5.0,6.0,N/A
199,004830,덕성,플라스틱제품 제조업,"15,680,000","8,536,000,000",18.0,-23.0,5.0,N/A,1,-7.0,1.0,10.0,17.0,N/A
201,004870,티웨이홀딩스,"시멘트, 석회, 플라스터 및 그 제품 제조업","76,680,855","38,340,427,500",455,433,-238,N/A,-273.0,-109.0,-219.0,-232.0,-495.0,N/A
202,004890,동일산업,1차 철강 제조업,"2,425,215","12,126,075,000",235.0,173.0,-10.0,N/A,20.0,8.0,-52.0,-2.0,13.0,N/A
203,004910,조광페인트,기타 화학제품 제조업,"12,800,000","6,400,000,000",52.0,1.0,-4.0,N/A,23.0,-9.0,-6.0,-15.0,-7.0,N/A
204,004920,씨아이테크,그외 기타 제품 제조업,"24,070,772","12,035,386,000",-29,-20,-31,N/A,-18.0,-6.0,-4.0,-3.0,-13.0,N/A
205,004960,한신공영,건물 건설업,"11,570,702","57,853,510,000",1333.0,2145.0,1245.0,N/A,153.0,242.0,608.0,286.0,262.0,N/A
206,004970,신라교역,어로 어업,"16,000,000","8,000,000,000",294.0,74.0,-42.0,N/A,13.0,-26.0,-79.0,13.0,-30.0,N/A
207,004980,성신양회,"시멘트, 석회, 플라스터 및 그 제품 제조업","24,516,073","128,508,590,000",328,298.0,208.0,117.0,-70.0,227.0,14.0,37.0,-144.0,167.0
209,005010,휴스틸,1차 철강 제조업,"7,621,668","38,108,340,000",227.0,179.0,-129.0,N/A,34.0,30.0,-3.0,-190.0,-11.0,N/A
210,005030,부산주공,자동차 신품 부품 제조업,"42,397,604","21,198,802,000",-23,-69,-89,N/A,11.0,-,-17.0,-76.0,-16.0,N/A
211,005070,코스모신소재,기타 화학제품 제조업,"29,247,965","29,247,965,000",85,151,-36.0,157,-17.0,-28.0,-11.0,16.0,22.0,37.0
212,005090,삼광글라스,유리 및 유리제품 제조업,"4,854,418","24,272,090,000",-170.0,-248.0,11.0,N/A,21.0,13.0,-4.0,32.0,12.0,N/A
213,005110,한창,기계장비 및 관련 물품 도매업,"34,790,269","17,395,134,500",45,56,74,N/A,86.0,24.0,-10.0,-26.0,-29.0,N/A
214,005180,빙그레,낙농제품 및 식용빙과류 제조업,"9,851,241","49,756,205,000",347.0,393.0,458.0,509.0,62.0,206.0,204.0,-15.0,63.0,220.0
215,005190,동성화학,기초 화학물질 제조업,"5,335,564","5,531,244,000",82.0,68.0,253.0,266.0,54.0,62.0,87.0,51.0,90.0,N/A
217,005300,롯데칠성음료,비알코올음료 및 얼음 제조업,"7,993,460","4,384,385,000",754.0,850.0,1077.0,937.0,463.0,490.0,-69.0,63.0,293.0,509.0
218,005320,국동,생활용품 도매업,"38,026,114","19,013,057,000",-59,57,-42,N/A,15.0,25.0,-78.0,-4.0,-36.0,N/A
219,005360,모나미,생활용품 도매업,"18,897,307","18,897,307,000",76.0,69.0,18.0,N/A,-1.0,-5.0,7.0,4.0,-6.0,N/A
220,005380,현대자동차,자동차용 엔진 및 자동차 제조업,"213,668,187","1,488,993,125,000",45747.0,24222.0,36055.0,36612.0,8249.0,12377.0,3785.0,11644.0,8638.0,3062.0
221,005390,신성통상,기타 전문 도매업,"143,708,390","71,854,195,000",91,194,408,N/A,68.0,122.0,101.0,294.0,-68.0,N/A
222,005420,코스모화학,기타 화학제품 제조업,"26,110,825","26,110,825,000",207,62,-52,N/A,12.0,-21.0,-28.0,-15.0,16.0,N/A
223,005430,한국공항,기타 운송관련 서비스업,"3,166,355","15,831,775,000",270.0,247.0,220.0,N/A,29.0,55.0,87.0,50.0,-126.0,N/A
224,005440,현대그린푸드,종합 소매업,"97,704,482","48,852,241,000",871.0,1372.0,899.0,1106.0,281.0,300.0,49.0,311.0,220.0,322.0
225,005490,포스코,1차 철강 제조업,"87,186,835","482,403,125,000",46218.0,55426.0,38689.0,19427.0,10686.0,10398.0,5576.0,7053.0,1677.0,4363.0
226,005500,삼진제약,의약품 제조업,"13,900,000","13,900,000,000",469.0,595.0,441.0,N/A,139.0,118.0,36.0,104.0,100.0,N/A
227,005610,SPC삼립,기타 식품 제조업,"8,629,009","43,145,045,000",547.0,599.0,470.0,487.0,166.0,23.0,185.0,68.0,93.0,92.0
228,005680,삼영전자공업,전자부품 제조업,"20,000,000","10,000,000,000",89.0,131.0,46.0,67.0,21.0,14.0,-6.0,16.0,37.0,14.0
229,005690,파미셀,기초 의약물질 및 생물학적 제제 제조업,"59,958,950","29,979,475,000",-46,3,20,N/A,9.0,-3.0,5.0,8.0,39.0,N/A
230,005720,넥센,고무제품 제조업,"53,543,977","28,572,288,500",734.0,1436.0,2251.0,N/A,692.0,605.0,419.0,319.0,-195.0,N/A
232,005750,대림비앤코,"내화, 비내화 요업제품 제조업","16,672,240","16,672,240,000",121.0,74.0,41.0,N/A,18.0,5.0,6.0,12.0,-15.0,N/A
233,005800,신영와코루,봉제의복 제조업,"900,000","4,500,000,000",60.0,8.0,14.0,N/A,2.0,-,13.0,-,13.0,N/A
235,005820,원림,직물직조 및 직물제품 제조업,"2,200,000","11,000,000,000",50.0,20,42.0,N/A,10.0,-,18.0,1.0,12.0,N/A
237,005850,에스엘,자동차 신품 부품 제조업,"48,203,277","24,101,638,500",634.0,46.0,436.0,688.0,-35.0,351.0,5.0,116.0,307.0,-
238,005870,휴니드테크놀러지스,통신 및 방송 장비 제조업,"14,116,015","70,580,075,000",168,299,88.0,N/A,63.0,59.0,-11.0,-5.0,-24.0,N/A
239,005880,대한해운,해상 운송업,"24,427,109","122,135,545,000",949,1350,1288,1422,373.0,327.0,399.0,189.0,338.0,343.0
240,005930,삼성전자,통신 및 방송 장비 제조업,"5,969,782,550","897,513,820,000",536450.0,588867.0,277685.0,325283.0,65971.0,77779.0,71603.0,64473.0,81463.0,90273.0
242,005950,이수화학,기초 화학물질 제조업,"15,278,000","76,390,000,000",311.0,74.0,94.0,442.0,113.0,98.0,-101.0,15.0,165.0,182.0
243,005960,동부건설,토목 건설업,"22,701,669","114,637,005,000",256,318.0,555.0,668.0,138.0,143.0,246.0,170.0,132.0,167.0
244,006040,동원산업,어로 어업,"3,677,641","18,388,205,000",2246.0,1777.0,1936.0,2638.0,576.0,578.0,582.0,199.0,624.0,692.0
245,006060,화승인더스트리,플라스틱제품 제조업,"55,320,000","27,660,000,000",948.0,577.0,1136.0,899.0,134.0,239.0,328.0,434.0,229.0,N/A
246,006090,사조오양,수산물 가공 및 저장 처리업,"9,422,739","47,113,695,000",242.0,125.0,226.0,N/A,56.0,84.0,71.0,51.0,65.0,N/A
247,006110,삼아알미늄,1차 비철금속 제조업,"11,000,000","5,500,000,000",35.0,55.0,64.0,N/A,18.0,18.0,9.0,17.0,22.0,N/A
252,006280,녹십자,의약품 제조업,"11,686,538","58,432,690,000",903.0,502.0,403.0,719.0,196.0,366.0,-173.0,61.0,156.0,442.0
253,006340,대원전선,절연선 및 케이블 제조업,"68,107,171","35,364,185,500",10,43,10,N/A,8.0,3.0,-7.0,4.0,15.0,N/A
254,006360,GS건설,건물 건설업,"80,097,804","400,489,020,000",3187.0,10645.0,7673.0,7262.0,2059.0,1877.0,1823,1710.0,1651.0,1942.0
255,006370,대구백화점,종합 소매업,"10,821,611","54,108,055,000",-131.0,-184.0,-142.0,N/A,-33.0,-43.0,-42.0,-48.0,-23.0,N/A
256,006380,카프로,기초 화학물질 제조업,"40,000,000","20,000,000,000",242.0,156.0,-474.0,N/A,33.0,-69.0,-105.0,-333.0,-149.0,N/A
257,006390,한일현대시멘트,"시멘트, 석회, 플라스터 및 그 제품 제조업","16,821,290","84,106,450,000",249,205.0,352.0,387.0,215.0,130.0,56.0,-48.0,260.0,71.0
258,006400,삼성SDI,일차전지 및 축전지 제조업,"68,764,530","356,712,130,000",1169.0,7150.0,4622.0,6396.0,1573.0,1660.0,201.0,540.0,1038.0,1972.0
259,006490,인스코비,전기 통신업,"98,630,240","49,315,120,000",-2,53,47.0,N/A,61.0,-,-14.0,-9.0,-8.0,N/A
260,006570,대림통상,기타 금속 가공제품 제조업,"15,225,000","16,425,000,000",20.0,-11.0,-25.0,N/A,7.0,-,-32.0,-17.0,-8.0,N/A
261,006650,대한유화,기초 화학물질 제조업,"6,500,000","41,000,000,000",2842.0,3188.0,1138.0,1254.0,-157.0,608.0,118.0,-457.0,724.0,548.0
262,006660,삼성공조,자동차 신품 부품 제조업,"8,126,314","4,063,157,000",43.0,-11.0,-41.0,N/A,-14.0,-13.0,-24.0,-4.0,-6.0,N/A
263,006740,영풍제지,"골판지, 종이 상자 및 종이용기 제조업","22,200,000","11,100,000,000",33.0,181.0,109.0,N/A,37.0,28.0,27.0,38.0,30.0,N/A
266,006880,신송홀딩스,산업용 농·축산물 및 동·식물 도매업,"11,828,858","5,914,429,000",38,-30,-3.0,N/A,-3.0,-23.0,20.0,11.0,21.0,N/A
267,006890,태경케미컬,기초 화학물질 제조업,"11,600,000","5,800,000,000",18.0,32.0,12.0,N/A,1.0,3.0,3.0,19.0,15.0,N/A
268,006980,우성사료,"곡물가공품, 전분 및 전분제품 제조업","30,900,000","15,450,000,000",-19.0,-41,-36.0,N/A,-3.0,11.0,-21.0,-4.0,11.0,N/A
269,007070,GS리테일,종합 소매업,"77,000,000","77,000,000,000",1657.0,1803.0,2388.0,2933.0,770.0,906.0,499.0,888.0,592.0,885.0
270,007110,일신석재,"건축자재, 철물 및 난방장치 도매업","77,456,610","38,728,305,000",10,14,18.0,N/A,4.0,5.0,4.0,5.0,1,N/A
271,007120,미래아이앤지,"컴퓨터 프로그래밍, 시스템 통합 및 관리업","129,484,148","12,948,414,800",-29,-14,1,N/A,-1.0,2.0,1.0,-2.0,1.0,N/A
272,007160,사조산업,어로 어업,"5,000,000","25,000,000,000",591.0,543.0,182.0,N/A,165.0,47.0,149.0,-179.0,2.0,N/A
273,007210,벽산,기타 비금속 광물제품 제조업,"68,560,000","34,280,000,000",216.0,99.0,-38,N/A,-6.0,-30.0,-4.0,4.0,36.0,N/A
274,007280,한국특수형강,1차 철강 제조업,"32,353,490","16,176,745,000",85,45,-82.0,N/A,-54.0,38.0,-17.0,-49.0,19.0,N/A
275,007310,오뚜기,기타 식품 제조업,"3,605,237","18,026,185,000",1461.0,1517.0,1483.0,1814.0,379.0,366.0,209.0,572.0,529.0,449.0
276,007340,디티알오토모티브,일차전지 및 축전지 제조업,"9,994,005","4,997,002,500",595.0,717.0,802.0,N/A,215.0,240.0,161.0,203.0,27.0,N/A
277,007460,에이프로젠 KIC,기타 금속 가공제품 제조업,"178,678,039","89,339,019,500",35,16,26,N/A,12.0,2.0,2.0,9.0,21.0,N/A
279,007570,일양약품,의약품 제조업,"19,085,664","48,826,860,000",244,167,325.0,N/A,78.0,89.0,61.0,68.0,75.0,N/A
280,007590,동방아그로,"비료, 농약 및 살균, 살충제 제조업","13,617,577","6,808,788,500",67.0,68.0,78.0,N/A,27.0,-41.0,-49.0,123.0,39.0,N/A
281,007610,선도전기,"전동기, 발전기 및 전기 변환 · 공급 · 제어 장치 제조업","18,000,000","9,000,000,000",15.0,11.0,-17.0,N/A,-3.0,-16.0,-2.0,-19.0,31.0,N/A
282,007630,폴루스바이오팜,상품 중개업,"39,311,572","19,655,786,000",-35,-96,-43,N/A,-17.0,-9.0,-10.0,-7.0,-3.0,N/A
283,007660,이수페타시스,전자부품 제조업,"41,268,398","41,268,398,000",-80.0,75.0,-240.0,171.0,-12.0,23.0,-197.0,-30.0,34.0,94.0
284,007690,국도화학,기초 화학물질 제조업,"5,810,616","29,053,080,000",565.0,686.0,421.0,N/A,103.0,83.0,110.0,97.0,155.0,N/A
285,007700,F&F,봉제의복 제조업,"15,400,000","7,700,000,000",981.0,915.0,1507.0,1299.0,289.0,325.0,704.0,173.0,205.0,254.0
286,007810,코리아써키트,전자부품 제조업,"23,620,751","13,684,570,000",111,-179,139,339,-11.0,15.0,57.0,77.0,89.0,80.0
288,007980,태평양물산,봉제의복 제조업,"48,149,587","24,955,871,000",237,325.0,432.0,385.0,96.0,295.0,18.0,4.0,-82.0,290.0
289,008040,사조동아원,"곡물가공품, 전분 및 전분제품 제조업","141,144,600","70,572,300,000",293,248,125,N/A,44.0,21.0,17.0,40.0,57.0,N/A
290,008060,대덕,전자부품 제조업,"28,590,047","14,901,202,000",306.0,348.0,464.0,N/A,91.0,227.0,62.0,84.0,-4.0,N/A
291,008110,대동전자,통신 및 방송 장비 제조업,"10,490,447","5,245,223,500",-3,-2,17.0,N/A,6.0,11.0,14.0,-14.0,-9.0,N/A
292,008250,이건산업,나무제품 제조업,"10,952,635","54,763,175,000",160.0,237.0,96.0,N/A,34.0,57.0,7.0,-1.0,40.0,N/A
293,008260,NI스틸,1차 철강 제조업,"28,600,117","14,300,058,500",156.0,165.0,121.0,N/A,41.0,34.0,10.0,26.0,55.0,N/A
294,008350,남선알미늄,1차 비철금속 제조업,"110,179,090","55,243,490,000",208,94,116,N/A,16.0,39.0,6.0,54.0,23.0,N/A
295,008420,문배철강,1차 철강 제조업,"20,503,505","10,251,752,500",65.0,33.0,26.0,N/A,8.0,6.0,4.0,4.0,4.0,N/A
296,008490,서흥,기타 화학제품 제조업,"11,569,113","6,084,556,500",373.0,393.0,474.0,685.0,136.0,125.0,88.0,185.0,213.0,168.0
297,008500,일정실업,편조원단 제조업,"1,200,000","6,000,000,000",-64.0,-84,-163,N/A,-42.0,-33.0,-59.0,-29.0,-17.0,N/A
299,008600,윌비스,생활용품 도매업,"64,894,721","70,540,861,000",70,34,-197,N/A,3.0,6.0,19.0,-225.0,25.0,N/A
300,008700,아남전자,영상 및 음향기기 제조업,"77,124,820","38,562,410,000",35,-120,31,N/A,9,15.0,2.0,-13.0,14.0,N/A
301,008730,율촌화학,플라스틱제품 제조업,"24,800,000","14,776,380,000",404.0,178.0,258.0,N/A,53.0,74.0,76.0,88.0,57.0,N/A
302,008770,호텔신라,기타 상품 전문 소매업,"39,248,121","200,000,000,000",731.0,2091.0,2959.0,-1788.0,792.0,574.0,776.0,-668.0,-634.0,-406.0
303,008870,금비,유리 및 유리제품 제조업,"1,000,000","5,000,000,000",117.0,127.0,124.0,N/A,39.0,25.0,9.0,23.0,12.0,N/A
305,008970,동양철관,1차 철강 제조업,"118,885,290","59,442,645,000",-65,-40,37,N/A,12.0,10.0,21.0,15.0,37.0,N/A
306,009070,케이씨티시,도로 화물 운송업,"30,000,000","15,000,000,000",116.0,150.0,190.0,N/A,51.0,65.0,51.0,23.0,36.0,N/A
307,009140,경인전자,전자부품 제조업,"1,570,797","7,853,985,000",-7.0,-17.0,-16.0,N/A,-4,-3.0,-4.0,-5.0,5.0,N/A
308,009150,삼성전기,전자부품 제조업,"74,693,696","388,003,400,000",3062.0,11499.0,7340.0,6649.0,1903.0,1452.0,1802.0,1661.0,1646.0,958.0
309,009160,SIMPAC,특수 목적용 기계 제조업,"65,429,516","32,714,758,000",117.0,102.0,111.0,N/A,57.0,34.0,69.0,-49.0,16.0,N/A
310,009180,한솔로지스틱스,기타 운송관련 서비스업,"27,477,425","14,340,941,000",23.0,39.0,95.0,N/A,29.0,28.0,19.0,28.0,38.0,N/A
311,009190,대양금속,1차 철강 제조업,"29,565,939","14,782,969,500",129,75,32,N/A,12.0,15.0,-2.0,7.0,-4.0,N/A
312,009200,무림페이퍼,"펄프, 종이 및 판지 제조업","41,609,310","104,023,275,000",698.0,1241.0,688.0,N/A,225.0,246.0,142.0,76.0,164.0,N/A
313,009240,한샘,생활용품 도매업,"23,533,928","23,533,928,000",1405.0,560.0,558.0,875.0,185.0,84.0,71.0,217.0,171.0,175.0
314,009270,신원,봉제의복 제조업,"85,042,499","42,566,619,500",8,15,90,N/A,37.0,12.0,19.0,13.0,-61.0,N/A
315,009290,광동제약,의약품 제조업,"52,420,851","52,420,851,000",357.0,339.0,418.0,N/A,142.0,85.0,67.0,110.0,137.0,N/A
316,009310,참엔지니어링,특수 목적용 기계 제조업,"55,361,480","28,105,738,500",297,139,-136,N/A,-38.0,-68.0,-14.0,-17.0,-40.0,N/A
317,009320,대우부품,자동차 신품 부품 제조업,"47,646,375","23,823,187,500",30,21,-10.0,N/A,3.0,-2.0,-3.0,-8.0,1.0,N/A
318,009410,태영건설,토목 건설업,"76,400,000","39,478,740,000",3111.0,4582.0,3912.0,N/A,1106.0,1313.0,511.0,982.0,1078.0,1161.0
319,009420,한올바이오파마,의약품 제조업,"52,240,638","26,120,319,000",35,55,171,156,70.0,45.0,30.0,28.0,16.0,41.0
321,009450,경동나비엔,가정용 기기 제조업,"12,739,510","12,739,510,000",478.0,408.0,448.0,710.0,75.0,92.0,203.0,125.0,137.0,N/A
322,009460,한창제지,"펄프, 종이 및 판지 제조업","59,667,486","29,833,743,000",175.0,117.0,109.0,N/A,26.0,33.0,25.0,31.0,37.0,N/A
323,009470,삼화전기,전자부품 제조업,"6,613,820","6,613,820,000",86.0,70.0,51.0,N/A,33.0,19.0,-19.0,8.0,6.0,N/A
324,009540,한국조선해양,선박 및 보트 건조업,"70,773,116","353,865,580,000",146,-4814,2902,3444.0,555.0,303.0,1699.0,1217.0,930.0,628.0
325,009580,무림P&P,"펄프, 종이 및 판지 제조업","62,368,324","155,920,810,000",447.0,1022.0,494.0,290.0,171.0,73.0,52.0,36.0,155.0,50.0
326,009680,모토닉,자동차 신품 부품 제조업,"33,000,000","16,500,000,000",128.0,59.0,97.0,N/A,17.0,39.0,23.0,30.0,10.0,N/A
327,009770,삼정펄프,"펄프, 종이 및 판지 제조업","2,499,971","12,499,855,000",77.0,-43,67.0,N/A,17.0,25.0,33.0,46.0,43.0,N/A
328,009810,엔케이물산,기타 전문 도매업,"83,578,428","41,789,214,000",-27,-12,-14,N/A,-5.0,-3.0,-4.0,-2.0,-7.0,N/A
329,009830,한화솔루션,기초 화학물질 제조업,"159,864,497","821,170,655,000",7564.0,3543.0,3783.0,5881.0,975.0,1525.0,300.0,1590.0,1285.0,1655.0
331,010040,한국내화,"내화, 비내화 요업제품 제조업","22,863,632","11,431,816,000",108.0,115.0,90.0,N/A,23.0,14.0,21.0,-12.0,19.0,N/A
333,010060,OCI,기초 화학물질 제조업,"23,849,371","127,246,855,000",2844.0,1587.0,-1806,-1227,-199.0,-564.0,-642.0,-929.0,-443.0,-20.0
334,010100,한국프랜지공업,자동차 신품 부품 제조업,"30,450,420","30,450,420,000",-171,20,149.0,N/A,26.0,11.0,48.0,64.0,63.0,N/A
335,010120,엘에스일렉트릭,"전동기, 발전기 및 전기 변환 · 공급 · 제어 장치 제조업","30,000,000","150,000,000,000",1584.0,2050.0,1685.0,1691.0,287.0,435.0,532.0,432.0,405.0,448.0
336,010130,고려아연,1차 비철금속 제조업,"18,870,000","94,350,000,000",8948.0,7647.0,8053.0,7914.0,1775.0,2421.0,2088.0,1769.0,2043.0,2054.0
337,010140,삼성중공업,선박 및 보트 건조업,"630,000,000","3,150,574,225,000",-5242,-4093,-6166,-6923,-563.0,-3120.0,-2150.0,-478.0,-7077.0,-563.0
338,010400,우진아이엔에스,건물설비 설치 공사업,"7,622,000","3,811,000,000",228,180.0,9.0,N/A,-27.0,30.0,27.0,-22.0,-16.0,N/A
339,010420,한솔피엔에스,기타 전문 도매업,"20,493,012","10,246,506,000",34.0,50.0,40.0,N/A,14.0,3.0,11.0,11.0,6.0,N/A
340,010580,지코,자동차 신품 부품 제조업,"64,581,636","32,290,818,000",-29,25,-46,N/A,-6.0,-17.0,-26.0,-15.0,-22.0,N/A
341,010600,웰바이오텍,상품 중개업,"43,229,886","21,614,943,000",-51,-85,-114,N/A,-14.0,-36.0,-24.0,-39.0,-20.0,N/A
342,010620,현대미포조선,선박 및 보트 건조업,"39,942,149","199,710,745,000",1079,709.0,926.0,962.0,262.0,319.0,237.0,108.0,336.0,268.0
343,010640,진양폴리우레탄,플라스틱제품 제조업,"10,000,000","5,000,000,000",-8,11,31.0,N/A,9.0,9.0,5.0,6.0,7.0,N/A
344,010660,화천기계,특수 목적용 기계 제조업,"22,000,000","11,000,000,000",3.0,-31.0,-93.0,N/A,4.0,-17.0,-61.0,-15.0,-8.0,N/A
345,010690,화신,자동차 신품 부품 제조업,"34,920,410","17,460,205,000",-228.0,-211.0,19.0,N/A,20.0,82.0,-47.0,-122.0,-196.0,N/A
346,010770,평화홀딩스,자동차 신품 부품 제조업,"14,625,466","7,312,733,000",-60.0,-248.0,-36.0,N/A,-39.0,-43.0,-41.0,87.0,-15.0,N/A
347,010780,아이에스동서,"내화, 비내화 요업제품 제조업","30,892,606","15,446,303,000",3245.0,3802.0,662.0,1978.0,145.0,74.0,296.0,147.0,270.0,591.0
348,010820,퍼스텍,무기 및 총포탄 제조업,"48,061,460","24,030,730,000",11,-221,-47.0,N/A,-54.0,35.0,-11.0,-17.0,-17.0,N/A
349,010950,S-Oil,석유 정제품 제조업,"112,582,792","291,511,797,500",13733.0,6395.0,4201.0,-6808.0,-905.0,2307.0,95.0,-10073.0,-1643.0,2645.0
350,010960,삼호개발,기반조성 및 시설물 축조관련 전문공사업,"25,000,000","12,500,000,000",242.0,244.0,236.0,N/A,51.0,80.0,85.0,31.0,35.0,N/A
351,011000,진원생명과학,의약품 제조업,"44,618,808","44,618,808,000",-249,-113,-82,N/A,-22.0,-37.0,-5.0,-18.0,-29.0,N/A
352,011070,LG이노텍,전자부품 제조업,"23,667,107","118,335,535,000",2965.0,2635.0,4031.0,5837.0,188.0,1865.0,2093.0,1380.0,429.0,1102.0
353,011090,에넥스,가구 제조업,"59,991,641","29,995,820,500",35.0,9.0,-28,N/A,-42.0,40.0,-30.0,-14.0,-24.0,N/A
354,011150,CJ씨푸드,기타 식품 제조업,"35,930,773","18,065,386,500",66,41,37.0,N/A,6.0,6.0,23.0,17.0,6.0,N/A
355,011170,롯데케미칼,기초 화학물질 제조업,"34,275,419","171,377,095,000",29297.0,19462.0,11073.0,2832.0,3461.0,3146.0,1508.0,-860.0,329.0,1427.0
356,011200,HMM,해상 운송업,"326,726,323","1,633,631,615,000",-4068,-5587,-2997,N/A,-1057.0,-1129.0,-466.0,-345.0,-20.0,N/A
357,011210,현대위아,자동차 신품 부품 제조업,"27,195,083","135,975,415,000",167.0,50.0,1019.0,1046.0,299.0,373.0,202.0,845.0,-386.0,165.0
358,011230,삼화전자공업,영상 및 음향기기 제조업,"10,457,940","10,457,940,000",-68,-32,-2,N/A,-,2.0,-4.0,-9.0,-4.0,N/A
359,011280,태림포장,"골판지, 종이 상자 및 종이용기 제조업","70,805,940","35,402,970,000",33,357.0,208.0,N/A,98.0,68.0,-23.0,39.0,5.0,N/A
360,011300,성안,직물직조 및 직물제품 제조업,"56,857,860","28,428,930,000",-50,-107,-130,N/A,-5.0,3.0,-31.0,-98.0,8.0,N/A
361,011330,유니켐,"가죽, 가방 및 유사제품 제조업","68,710,343","34,355,171,500",36,132,179,N/A,46.0,43.0,47.0,42.0,27.0,N/A
362,011390,부산산업,"시멘트, 석회, 플라스터 및 그 제품 제조업","1,056,000","5,280,000,000",68.0,45.0,86.0,N/A,35.0,21.0,15.0,12.0,16.0,N/A
363,011420,갤럭시아에스엠,스포츠 서비스업,"27,549,644","13,774,822,000",-35,-67,-5,N/A,-9.0,-2.0,5.0,1.0,-2.0,N/A
364,011500,한농화성,기타 화학제품 제조업,"15,637,042","7,818,521,000",79.0,57.0,120.0,N/A,17.0,41.0,38.0,35.0,39.0,N/A
365,011690,유양디앤유,반도체 제조업,"58,494,201","29,247,100,500",-32,-184,-51,N/A,-35.0,-1.0,-4.0,-11.0,-23.0,N/A
366,011700,한신기계공업,일반 목적용 기계 제조업,"32,446,151","16,223,075,500",62.0,48.0,22.0,N/A,3.0,5.0,5.0,9.0,8.0,N/A
367,011760,현대종합상사,상품 종합 도매업,"13,228,966","66,144,830,000",340.0,505.0,435.0,346.0,116.0,130.0,66.0,142.0,38.0,80.0
368,011780,금호석유화학,기초 화학물질 제조업,"30,467,691","167,455,885,000",2626.0,5546.0,3678.0,4959.0,1389.0,687.0,159.0,1331.0,1201.0,1347.0
369,011790,SKC,기타 화학제품 제조업,"37,534,555","187,672,775,000",1757.0,2011.0,1551.0,2052.0,482.0,405.0,301.0,274.0,499.0,628.0
370,011810,STX,상품 종합 도매업,"19,726,902","49,317,255,000",441,-148,17,N/A,18.0,126.0,-136.0,3.0,38.0,N/A
371,011930,신성이엔지,반도체 제조업,"184,525,352","92,372,676,000",-58,-42,97,230,28.0,14.0,26.0,49.0,34.0,N/A
372,012030,DB,"컴퓨터 프로그래밍, 시스템 통합 및 관리업","201,173,933","100,586,966,500",38,16,185.0,N/A,48.0,45.0,34.0,78.0,86.0,N/A
373,012160,영흥,1차 철강 제조업,"85,826,509","42,913,254,500",11.0,-17.0,34.0,N/A,-11.0,4.0,2.0,-14.0,-81.0,N/A
374,012170,키위미디어그룹,"영화, 비디오물, 방송프로그램 제작 및 배급업","197,284,650","98,642,325,000",-43,-132,-108,N/A,-15.0,-41.0,4.0,-56.0,-22.0,N/A
375,012200,계양전기,일반 목적용 기계 제조업,"32,600,000","17,000,000,000",113.0,87.0,32.0,N/A,15.0,16.0,-,-,-2.0,N/A
376,012280,영화금속,자동차 신품 부품 제조업,"45,451,006","23,597,333,000",72.0,11,20.0,N/A,11.0,-2.0,1.0,3.0,-23.0,N/A
378,012330,현대모비스,자동차 신품 부품 제조업,"95,054,694","490,969,315,000",20249.0,20250.0,23593.0,16482.0,6272.0,6039.0,6344.0,3609.0,1687.0,4876.0
379,012450,한화에어로스페이스,"항공기,우주선 및 부품 제조업","50,630,000","265,650,000,000",829,532,1652,2056,788.0,571.0,351.0,32.0,702.0,660.0
380,012510,더존비즈온,"컴퓨터 프로그래밍, 시스템 통합 및 관리업","29,672,700","14,836,350,000",505.0,540.0,668.0,772.0,152.0,134.0,243.0,163.0,176.0,166.0
381,012600,청호컴넷,일반 목적용 기계 제조업,"8,576,351","42,881,755,000",-56,-60,-80,N/A,-17.0,-20.0,-30.0,-13.0,-8.0,N/A
382,012610,경인양행,기초 화학물질 제조업,"41,196,365","20,598,182,500",74.0,197.0,236.0,N/A,93.0,36.0,71.0,27.0,7.0,N/A
384,012690,모나리자,기타 종이 및 판지 제품 제조업,"36,571,255","18,885,627,500",50.0,-25.0,28.0,N/A,8.0,4.0,13.0,34.0,29.0,N/A
385,012750,에스원,"경비, 경호 및 탐정업","37,999,178","18,999,589,000",2026.0,1991.0,1968.0,2140.0,591.0,492.0,425.0,479.0,646.0,533.0
386,012800,대창,1차 비철금속 제조업,"91,140,499","45,570,249,500",406.0,173.0,170.0,N/A,47.0,6.0,59,-20.0,46.0,N/A
387,013000,세우글로벌,기타 전문 도매업,"28,705,031","14,352,515,500",17,5,11,N/A,2.0,4.0,-2.0,7.0,2.0,N/A
388,013360,일성건설,토목 건설업,"54,024,880","27,012,440,000",129.0,99,74.0,N/A,23.0,14.0,21.0,9.0,31.0,N/A
389,013520,화승알앤에이,자동차 신품 부품 제조업,"64,561,210","32,280,605,000",358.0,539.0,650.0,N/A,133.0,215.0,137.0,165.0,76.0,N/A
391,013580,계룡건설산업,토목 건설업,"8,930,907","44,654,535,000",1150,1537.0,1359.0,N/A,240.0,420.0,298.0,401.0,246.0,N/A
392,013700,까뮤이앤씨,건물 건설업,"45,152,280","22,576,140,000",101.0,41.0,148.0,N/A,47.0,59.0,55.0,-13.0,18.0,N/A
393,013870,지엠비코리아,자동차 신품 부품 제조업,"19,072,280","9,536,140,000",135.0,41.0,85.0,N/A,29.0,-17.0,73.0,4.0,-88.0,N/A
394,013890,지누스,가구 제조업,"14,406,749","7,203,374,500",872,531,1039.0,1308.0,199.0,320.0,296.0,233.0,288.0,394.0
395,014130,한익스프레스,도로 화물 운송업,"12,000,000","6,000,000,000",101.0,95.0,119.0,N/A,15.0,48.0,38.0,18.0,21.0,N/A
396,014160,대영포장,"골판지, 종이 상자 및 종이용기 제조업","108,394,549","54,197,274,500",-27,95,134,N/A,43.0,29.0,28.0,29.0,-3.0,N/A
397,014280,금강공업,1차 철강 제조업,"26,159,553","26,749,428,000",460.0,253.0,26.0,N/A,36.0,16.0,15.0,-41.0,13.0,N/A
398,014440,영보화학,플라스틱제품 제조업,"20,000,000","10,000,000,000",125.0,72.0,84.0,N/A,27.0,8.0,22.0,1.0,-7.0,N/A
399,014530,극동유화,석유 정제품 제조업,"34,869,420","17,434,710,000",136.0,186.0,167.0,N/A,57.0,41.0,33.0,44.0,39.0,N/A
400,014580,태경비케이,"시멘트, 석회, 플라스터 및 그 제품 제조업","27,583,100","13,791,550,000",74.0,88.0,39.0,N/A,8.0,17.0,4.0,24.0,24.0,N/A
401,014680,한솔케미칼,기초 화학물질 제조업,"11,295,195","56,475,975,000",792.0,936.0,1114.0,1426.0,311.0,348.0,173.0,352.0,387.0,425.0
402,014710,사조씨푸드,수산물 가공 및 저장 처리업,"17,218,543","17,218,543,000",158.0,172.0,97.0,N/A,39.0,21.0,-11.0,33.0,17.0,N/A
403,014790,한라,토목 건설업,"38,874,942","194,374,710,000",1495.0,599,677,954,-22.0,245.0,338.0,211.0,291.0,240.0
404,014820,동원시스템즈,플라스틱제품 제조업,"25,618,511","129,419,345,000",880.0,788.0,752.0,880.0,258.0,161.0,116.0,181.0,275.0,N/A
405,014830,유니드,기초 화학물질 제조업,"8,889,843","44,449,215,000",671.0,801.0,848.0,879.0,302.0,216.0,116.0,195.0,317.0,232.0
406,014910,성문전자,전자부품 제조업,"19,486,857","10,043,428,500",-5.0,8,-16,N/A,-3.0,-6.0,-3.0,-1,2.0,N/A
407,014990,인디에프,봉제의복 제조업,"58,932,995","29,466,497,500",16,20,-16,N/A,1.0,-14.0,39.0,-44.0,-11.0,N/A
409,015230,대창단조,자동차 신품 부품 제조업,"2,857,223","14,286,115,000",189.0,139.0,187.0,N/A,63.0,44.0,35.0,60.0,50.0,N/A
410,015260,에이엔피,전자부품 제조업,"82,784,868","41,392,434,000",-60,-47,-66,N/A,-9.0,-14.0,-21.0,-11.0,-59.0,N/A
411,015350,부산도시가스,연료용 가스 제조 및 배관공급업,"11,000,000","55,000,000,000",378.0,413.0,435.0,N/A,99.0,12.0,55.0,243.0,58.0,N/A
413,015540,쎌마테라퓨틱스,기타 사업지원 서비스업,"11,276,903","5,638,451,500",-58,-83,-127,N/A,-19.0,-36.0,-41.0,-31.0,-20.0,N/A
414,015590,큐로,일반 목적용 기계 제조업,"227,211,638","113,605,819,000",67,-97,198,N/A,83.0,43.0,50.0,40.0,15.0,N/A
415,015760,한국전력공사,전기업,"641,964,077","3,209,820,385,000",49532.0,-2080,-12765,39265.0,-2987.0,12393.0,-15872.0,4306.0,3898.0,27348.0
417,015890,태경산업,기초 화학물질 제조업,"29,228,750","14,614,375,000",196.0,234.0,108.0,N/A,44.0,46.0,-3.0,31.0,47.0,N/A
418,016090,대현,봉제의복 제조업,"44,282,310","26,906,155,000",139.0,179.0,202.0,N/A,61.0,44.0,14.0,83.0,31.0,N/A
420,016380,KG동부제철,1차 철강 제조업,"100,008,897","500,311,410,000",-118,-164,346,N/A,46.0,55.0,337.0,287.0,280.0,N/A
421,016450,한세예스24홀딩스,봉제의복 제조업,"40,000,000","20,000,000,000",784.0,565.0,977.0,600.0,261.0,398.0,89.0,141.0,89.0,N/A
422,016580,환인제약,의약품 제조업,"18,600,070","9,700,035,000",297.0,273.0,262.0,N/A,90.0,66.0,64.0,41.0,72.0,N/A
423,016590,신대양제지,"골판지, 종이 상자 및 종이용기 제조업","4,029,782","20,148,910,000",288.0,1166.0,947.0,N/A,235.0,283.0,215.0,213.0,220.0,N/A
426,016740,두올,자동차 신품 부품 제조업,"27,066,680","67,666,700,000",220.0,307.0,276.0,N/A,71.0,60.0,89.0,33.0,54.0,N/A
427,016800,퍼시스,가구 제조업,"11,500,000","14,300,000,000",230.0,277.0,251.0,N/A,71.0,39.0,96.0,67.0,51.0,N/A
429,017040,광명전기,"전동기, 발전기 및 전기 변환 · 공급 · 제어 장치 제조업","43,337,615","21,668,807,500",22,29,80.0,N/A,25.0,-2,46.0,11.0,16.0,N/A
430,017180,명문제약,의약품 제조업,"33,953,454","16,976,727,000",75.0,49,-143,N/A,-8.0,-51.0,-6.0,-78.0,-40.0,N/A
431,017370,우신시스템,특수 목적용 기계 제조업,"18,314,054","9,157,027,000",67.0,-11.0,13,N/A,-26.0,-9.0,43.0,-30.0,-30.0,N/A
432,017390,서울도시가스,연료용 가스 제조 및 배관공급업,"5,000,000","35,000,000,000",101.0,43.0,105.0,N/A,11.0,-128.0,42.0,196.0,-23.0,N/A
433,017550,수산중공업,특수 목적용 기계 제조업,"53,985,163","26,992,581,500",33,4,72.0,N/A,38.0,12.0,4.0,26.0,29.0,N/A
434,017670,SK텔레콤,전기 통신업,"80,745,711","44,639,473,000",15366.0,12018.0,11100.0,12626.0,3228.0,3021.0,1625.0,3020.0,3595.0,3438.0
435,017800,현대엘리베이터,일반 목적용 기계 제조업,"38,351,001","199,915,005,000",1353.0,1431.0,1362.0,1388.0,385.0,327.0,434.0,229.0,444.0,388.0
436,017810,풀무원,기타 식품 제조업,"38,090,950","19,045,475,000",528.0,402.0,306.0,546.0,108.0,112.0,70.0,45.0,147.0,175.0
437,017900,광전자,반도체 제조업,"57,943,763","28,971,881,500",83.0,25.0,-15.0,N/A,6.0,-5.0,4.0,-20.0,-6.0,N/A
438,017940,E1,기타 전문 도매업,"6,860,000","34,300,000,000",937.0,140.0,1063.0,1374.0,284.0,48.0,603.0,128.0,707.0,290.0
439,017960,한국카본,"구조용 금속제품, 탱크 및 증기발생기 제조업","43,960,757","21,980,378,500",58.0,62.0,253.0,575.0,24.0,19.0,27.0,183.0,126.0,139.0
440,018250,애경산업,기타 화학제품 제조업,"26,409,935","26,409,935,000",497,792.0,606.0,347.0,230.0,61.0,149.0,166.0,126.0,60.0
441,018260,삼성에스디에스,"컴퓨터 프로그래밍, 시스템 통합 및 관리업","77,377,800","38,688,900,000",7316.0,8774.0,9901.0,8324.0,2587.0,2066.0,3262.0,1712.0,1967.0,1843.0
442,018470,조일알미늄,1차 비철금속 제조업,"70,155,555","35,077,777,500",-4.0,-82,-122,N/A,-16.0,-38.0,-24.0,-43.0,-22.0,N/A
443,018500,동원금속,자동차 신품 부품 제조업,"46,754,933","23,377,466,500",-62,-135,201.0,N/A,36.0,51.0,78.0,37.0,-11.0,N/A
444,018670,SK가스,기타 전문 도매업,"9,230,244","46,151,220,000",977.0,1030.0,1896.0,2072.0,181.0,564.0,675.0,476.0,863.0,498.0
445,018880,한온시스템,일반 목적용 기계 제조업,"533,800,000","53,380,000,000",4684.0,4338.0,4838.0,2462.0,1123.0,1070.0,1711.0,597.0,-578.0,853.0
446,019170,신풍제약,의약품 제조업,"52,984,990","27,592,495,000",90,69,20,N/A,11.0,41.0,-48.0,21.0,25.0,N/A
447,019180,티에이치엔,기타 전기장비 제조업,"18,000,000","9,000,000,000",97.0,112.0,215.0,N/A,44.0,60.0,55.0,57.0,20.0,N/A
448,019440,세아특수강,1차 철강 제조업,"8,570,000","42,850,000,000",351.0,197.0,195.0,N/A,32.0,54.0,44.0,64.0,16.0,N/A
449,019490,하이트론씨스템즈,영상 및 음향기기 제조업,"5,530,735","13,826,837,500",-114,-10,-153,N/A,-9.0,-15.0,-2.0,-127.0,-5.0,N/A
450,019680,대교,초등 교육기관,"84,702,850","52,064,920,000",455.0,256.0,294.0,-64.0,36.0,91.0,93.0,-19.0,-119.0,22.0
451,020000,한섬,봉제의복 제조업,"24,630,000","12,315,000,000",550.0,912.0,1065.0,1083.0,339.0,149.0,244.0,333.0,293.0,148.0
452,020120,키다리스튜디오,"자료처리, 호스팅, 포털 및 기타 인터넷 정보매개 서비스업","17,015,245","8,507,622,500",-5.0,3,7,N/A,3.0,-,2,2.0,11.0,N/A
453,020150,일진머티리얼즈,전자부품 제조업,"46,110,835","23,055,417,500",495.0,487,469.0,634.0,118.0,174.0,157.0,20.0,110.0,125.0
454,020560,아시아나항공,항공 여객 운송업,"223,235,294","1,116,176,470,000",2456,282,-4437,-1050,-1241.0,-570.0,-2698.0,-2920.0,234.0,511.0
455,020760,일진디스플,반도체 제조업,"28,314,440","14,157,220,000",197.0,2.0,-308,-211,-75.0,-76.0,-74.0,-79.0,-83.0,-43.0
456,021050,서원,금속 주조업,"47,474,590","23,737,295,000",128,86.0,80.0,N/A,26.0,8.0,15.0,-,19.0,N/A
457,021240,코웨이,그외 기타 개인 서비스업,"73,799,619","40,662,398,000",4727.0,5198.0,4583.0,5860.0,1382.0,1403.0,446.0,1389.0,1692.0,1472.0
458,021820,세원정공,자동차 신품 부품 제조업,"10,000,000","5,000,000,000",-95.0,-220.0,-262.0,N/A,27.0,-88.0,-34.0,13.0,-31.0,N/A
459,023000,삼원강재,자동차 신품 부품 제조업,"40,000,000","20,000,000,000",126.0,131.0,108.0,N/A,33.0,30.0,17.0,23.0,23.0,N/A
460,023150,MH에탄올,알코올음료 제조업,"7,378,526","4,596,763,000",81.0,12.0,78.0,N/A,43.0,-5.0,36.0,-51.0,54.0,N/A
461,023350,한국종합기술,"건축기술, 엔지니어링 및 관련 기술 서비스업","10,950,000","5,475,000,000",-73.0,-62.0,-21.0,N/A,-9.0,-1.0,-11.0,5.0,8.0,N/A
462,023450,동남합성,기초 화학물질 제조업,"3,610,000","3,125,564,000",9.0,80.0,98.0,N/A,31.0,23.0,25.0,35.0,37.0,N/A
463,023530,롯데쇼핑,종합 소매업,"28,288,755","141,443,775,000",8010.0,5970.0,4279.0,2594.0,2053.0,915.0,876.0,436.0,521.0,288.0
464,023590,다우기술,"자료처리, 호스팅, 포털 및 기타 인터넷 정보매개 서비스업","44,866,617","22,433,308,500",3302.0,3241.0,5075.0,4792.0,2119.0,747.0,987.0,1225.0,219.0,N/A
465,023800,인지컨트롤스,자동차 신품 부품 제조업,"15,160,128","7,580,064,000",50.0,111.0,56.0,N/A,13.0,-4.0,9,38.0,16.0,N/A
466,023810,인팩,자동차 신품 부품 제조업,"10,000,000","5,000,000,000",-24.0,32.0,-4.0,N/A,10.0,18.0,2.0,36.0,-1.0,N/A
467,023960,에쓰씨엔지니어링,토목 건설업,"25,016,587","12,508,293,500",47,-33,29,N/A,11.0,10.0,-21.0,29.0,8.0,N/A
468,024070,WISCOM,플라스틱제품 제조업,"15,326,438","7,663,219,000",3,-3.0,8.0,N/A,7.0,1.0,-3.0,2.0,-13.0,N/A
469,024090,디씨엠,1차 철강 제조업,"11,700,000","6,000,000,000",166.0,85.0,175.0,N/A,55.0,57.0,6.0,44.0,25.0,N/A
472,024890,대원화성,플라스틱제품 제조업,"41,249,152","20,624,576,000",100,52,67.0,N/A,10.0,26.0,9.0,14.0,-8.0,N/A
473,024900,덕양산업,자동차 신품 부품 제조업,"32,564,980","16,282,490,000",44,36.0,-86,N/A,-40.0,-32.0,6.0,-41.0,-29.0,N/A
474,025000,KPX케미칼,기초 화학물질 제조업,"4,840,000","24,200,000,000",300.0,239.0,484.0,457.0,76.0,121.0,143.0,145.0,124.0,100.0
475,025530,에스제이엠홀딩스,자동차 부품 및 내장품 판매업,"14,934,008","7,467,004,000",104.0,18.0,63.0,N/A,7.0,9.0,34.0,14.0,27.0,N/A
476,025540,한국단자공업,"전동기, 발전기 및 전기 변환 · 공급 · 제어 장치 제조업","10,415,000","5,207,500,000",661.0,462.0,335.0,N/A,51.0,55.0,119.0,175.0,63.0,N/A
477,025560,미래산업,"측정, 시험, 항해, 제어 및 기타 정밀기기 제조업; 광학기기 제외","16,864,368","1,686,436,800",-95,-114,-57,N/A,-24.0,-22.0,-19.0,8.0,5.0,N/A
478,025620,제이준코스메틱,기타 화학제품 제조업,"36,402,552","18,201,276,000",223,71,-520,N/A,-139.0,-35.0,-277.0,-27.0,3.0,N/A
479,025750,한솔홈데코,제재 및 목재 가공업,"80,565,149","83,765,149,000",95.0,92.0,-17,N/A,4.0,-19.0,-13.0,8.0,22.0,N/A
480,025820,이구산업,1차 비철금속 제조업,"33,442,000","16,721,000,000",142.0,-1,6.0,N/A,19.0,-4.0,-26.0,8.0,-15.0,N/A
481,025860,남해화학,"비료, 농약 및 살균, 살충제 제조업","49,678,843","49,678,843,000",281.0,170.0,153.0,N/A,16.0,101.0,9.0,27.0,91.0,N/A
482,025890,한국주강,특수 목적용 기계 제조업,"11,309,259","5,654,629,500",-21,-89,-49.0,N/A,-12.0,-12.0,-14.0,-2.0,1.0,N/A
483,026890,디피씨,"전동기, 발전기 및 전기 변환 · 공급 · 제어 장치 제조업","41,678,175","20,839,087,500",122.0,133.0,140.0,N/A,51.0,36.0,33.0,68.0,41.0,N/A
484,026940,부국철강,1차 철강 제조업,"20,000,000","10,000,000,000",13.0,9.0,3.0,N/A,5.0,4.0,-6.0,3.0,4.0,N/A
485,026960,동서,음·식료품 및 담배 도매업,"99,700,000","49,850,000,000",477.0,432.0,385.0,N/A,82.0,80.0,106.0,110.0,88.0,N/A
487,027740,마니커,"도축, 육류 가공 및 저장 처리업","158,472,594","79,236,297,000",69,5,-150,N/A,-33.0,-54.0,-84.0,-109.0,-89.0,N/A
488,027970,세하,"펄프, 종이 및 판지 제조업","29,562,997","29,562,997,000",7,100,141.0,N/A,37.0,39.0,45.0,54.0,71.0,N/A
489,028050,삼성엔지니어링,"건축기술, 엔지니어링 및 관련 기술 서비스업","196,000,000","980,000,000,000",469,2061,3855,3420.0,1190.0,1000.0,998.0,667.0,855.0,807.0
490,028100,동아지질,기반조성 및 시설물 축조관련 전문공사업,"11,500,000","5,750,000,000",203.0,261.0,229.0,N/A,52.0,48.0,57.0,29.0,5.0,N/A
491,028260,삼성물산,기타 전문 도매업,"186,887,081","18,851,450,600",8813.0,11039.0,8668.0,9180.0,2207.0,2163.0,3247.0,1470.0,2381.0,2438.0
492,028670,팬오션,해상 운송업,"534,569,207","534,569,207,000",1950,2039,2100,2290.0,505.0,634.0,511.0,378.0,643.0,638.0
493,029460,케이씨,"측정, 시험, 항해, 제어 및 기타 정밀기기 제조업; 광학기기 제외","13,554,044","6,777,022,000",555.0,761.0,676.0,N/A,128.0,211.0,139.0,198.0,169.0,N/A
494,029530,신도리코,컴퓨터 및 주변장치 제조업,"10,080,029","50,400,145,000",326.0,249.0,63.0,N/A,31.0,-16.0,31.0,-120.0,-76.0,N/A
496,030000,제일기획,광고업,"115,041,225","23,008,245,000",1565.0,1811.0,2058.0,2046.0,694.0,527.0,516.0,305.0,538.0,544.0
497,030200,케이티,전기 통신업,"261,111,808","1,564,498,835,000",13753.0,12615.0,11511.0,12536.0,2883.0,3124.0,1483.0,3831.0,3419.0,3359.0
500,030720,동원수산,어로 어업,"4,653,805","23,269,025,000",66,50,151,N/A,85.0,28.0,-10.0,33.0,8.0,N/A
501,030790,비케이탑스,"컴퓨터 프로그래밍, 시스템 통합 및 관리업","11,896,974","5,948,487,000",-78,-198,-140,N/A,-24.0,-53.0,-62.0,-1.0,-14.0,N/A
502,031430,신세계인터내셔날,"섬유, 의복, 신발 및 가죽제품 소매업","7,140,000","35,700,000,000",254.0,555.0,845.0,426.0,292.0,146.0,191.0,217.0,120.0,114.0
503,031440,신세계푸드,음식점업,"3,872,480","19,362,400,000",298.0,274.0,222.0,114.0,32.0,72.0,62.0,54.0,-40.0,10.0
504,031820,콤텍시스템,"컴퓨터 프로그래밍, 시스템 통합 및 관리업","67,851,466","33,925,733,000",21.0,32,30,N/A,-34.0,15.0,37.0,12.0,-34.0,N/A
505,032350,롯데관광개발,여행사 및 기타 여행보조 서비스업,"69,275,662","34,637,831,000",51,30,-162.0,N/A,11.0,-85.0,-76.0,-76.0,-123.0,N/A
506,032560,황금에스티,1차 비철금속 제조업,"14,000,000","7,000,000,000",275.0,240.0,188.0,N/A,62.0,45.0,37.0,40.0,44.0,N/A
507,032640,LG유플러스,전기 통신업,"436,611,361","2,573,969,175,000",8263.0,7407.0,6862.0,8823.0,1486.0,1559.0,1871.0,2198.0,2397.0,2240.0
509,033180,필룩스,전자부품 제조업,"90,043,128","45,171,564,000",84.0,10,29,N/A,31.0,6.0,-69.0,26.0,-17.0,N/A
510,033240,자화전자,전자부품 제조업,"17,900,000","8,950,000,000",279.0,-77.0,-92,-124,-23.0,-93.0,78.0,-54.0,-123.0,-53.0
511,033250,체시스,자동차 신품 부품 제조업,"24,000,000","12,000,000,000",-25,-3,-15.0,N/A,-13.0,-2.0,-4.0,-,-2.0,N/A
512,033270,유나이티드,의약품 제조업,"16,244,822","8,122,411,000",317.0,378.0,345.0,N/A,71.0,82.0,109.0,93.0,94.0,N/A
513,033530,세종공업,자동차 신품 부품 제조업,"25,035,775","12,517,887,500",-67.0,2.0,132.0,N/A,25.0,29.0,107.0,-70.0,-57.0,N/A
515,033780,케이티앤지,담배 제조업,"137,292,497","954,959,485,000",14261.0,12551.0,13820.0,14214.0,3991.0,3825.0,2523.0,3150.0,3947.0,4016.0
516,033920,무학,알코올음료 제조업,"28,500,000","5,700,000,000",287.0,-100.0,-134,N/A,-19.0,-42.0,-40.0,-33.0,4.0,N/A
517,034020,두산중공업,일반 목적용 기계 제조업,"253,140,778","1,265,703,890,000",9134.0,10035.0,10769,N/A,3853.0,1389.0,2303.0,565.0,-503.0,N/A
518,034120,SBS,텔레비전 방송업,"18,252,582","91,262,910,000",187.0,51,126.0,209.0,-278.0,43.0,36.0,325.0,-62.0,-2.0
519,034220,LG디스플레이,전자부품 제조업,"357,815,700","1,789,078,500,000",24616.0,929,-13594,-8287,-3687.0,-4367.0,-4219.0,-3619.0,-5170.0,-374.0
520,034300,신세계건설,건물 건설업,"4,000,000","20,000,000,000",247.0,218.0,242.0,N/A,51.0,-20.0,145.0,66.0,48.0,N/A
522,034590,인천도시가스,연료용 가스 제조 및 배관공급업,"4,374,754","21,873,770,000",149.0,180.0,120.0,N/A,28.0,-40.0,80.0,48.0,2.0,N/A
524,034830,한국토지신탁,신탁업 및 집합투자업,"252,489,230","252,489,230,000",1711.0,1846.0,1193.0,1173.0,386.0,409.0,327.0,72.0,396.0,371.0
526,035150,백산,플라스틱제품 제조업,"24,200,000","14,000,000,000",237.0,215.0,320.0,N/A,102.0,29.0,152.0,38.0,116.0,N/A
527,035250,강원랜드,유원지 및 기타 오락관련 서비스업,"213,940,500","106,970,250,000",5309.0,4307.0,5012.0,-3256.0,1728.0,1392.0,641.0,-1868.0,-1038.0,-348.0
528,035420,NAVER,"자료처리, 호스팅, 포털 및 기타 인터넷 정보매개 서비스업","164,263,395","16,481,339,500",11792.0,9425.0,7101.0,10245.0,1283.0,2021.0,1734.0,2215.0,2306.0,2738.0
529,035510,신세계I&C,"컴퓨터 프로그래밍, 시스템 통합 및 관리업","1,720,000","8,600,000,000",155.0,149.0,185.0,295.0,43.0,31.0,64.0,59.0,74.0,N/A
530,035720,카카오,"자료처리, 호스팅, 포털 및 기타 인터넷 정보매개 서비스업","88,013,995","44,056,997,500",1654.0,729.0,2068.0,4358.0,277.0,405.0,591.0,796.0,882.0,961.0
531,036420,제이콘텐트리,"영화, 비디오물, 방송프로그램 제작 및 배급업","16,385,071","81,925,355,000",333,347,354,-173,111.0,163.0,153.0,-72.0,-156.0,-72.0
532,036460,한국가스공사,연료용 가스 제조 및 배관공급업,"92,313,000","461,565,000,000",10352,12769.0,13345.0,11488.0,8695.0,2047.0,-1600.0,4203.0,9590.0,205.0
534,036570,엔씨소프트,소프트웨어 개발 및 공급업,"21,954,022","10,977,011,000",5850.0,6149.0,4790.0,9511.0,795.0,1294.0,1289.0,1412.0,2414.0,2390.0
535,036580,팜스코,"곡물가공품, 전분 및 전분제품 제조업","36,727,943","18,363,971,500",417.0,237.0,202.0,N/A,80.0,131.0,-54.0,122.0,157.0,N/A
536,037270,YG PLUS,"자료처리, 호스팅, 포털 및 기타 인터넷 정보매개 서비스업","58,170,704","29,710,352,000",-60,17,12,N/A,-14.0,21.0,-4.0,9.0,-22.0,N/A
537,037560,LG헬로비전,텔레비전 방송업,"77,446,865","193,617,162,500",729.0,672.0,292.0,429.0,96.0,40.0,26.0,75.0,95.0,114.0
538,037710,광주신세계,종합 소매업,"1,600,000","8,000,000,000",526.0,501.0,551.0,N/A,112.0,127.0,174.0,100.0,131.0,N/A
539,039130,하나투어,여행사 및 기타 여행보조 서비스업,"13,939,185","6,969,592,500",411.0,249.0,59.0,-1239.0,132.0,36.0,-28.0,-81.0,-275.0,-353.0
541,039570,HDC아이콘트롤스,전기 및 통신 공사업,"16,460,000","8,230,000,000",148.0,147.0,130.0,100.0,24.0,35.0,49.0,40.0,47.0,20.0
542,041650,상신브레이크,자동차 신품 부품 제조업,"21,471,450","10,735,725,000",359.0,207.0,157.0,N/A,52.0,42.0,49.0,14.0,-19.0,N/A
543,042660,대우조선해양,선박 및 보트 건조업,"107,205,752","541,028,760,000",7330,10248,2928,4699,1948.0,-2563.0,1546.0,2790.0,734.0,576.0
544,042670,두산인프라코어,특수 목적용 기계 제조업,"209,352,765","1,046,763,825,000",6608,8481,8404,5956,2972.0,1546.0,1386.0,1810.0,1543.0,1268.0
545,042700,한미반도체,특수 목적용 기계 제조업,"51,501,501","12,716,420,500",517.0,568.0,137.0,587.0,-16.0,82.0,69.0,74.0,201.0,192.0
546,044380,주연테크,컴퓨터 및 주변장치 제조업,"54,612,089","10,922,417,800",-68,-15,-38,N/A,-8.0,-10.0,-4.0,-16.0,13.0,N/A
547,044450,KSS해운,해상 운송업,"23,185,880","11,592,940,000",451.0,471.0,529.0,524.0,118.0,136.0,117.0,158.0,122.0,124.0
549,047040,대우건설,건물 건설업,"415,622,638","2,078,113,190,000",4290,6287,3641,4421,1017.0,1190.0,448.0,1209.0,811.0,1099.0
550,047050,포스코인터내셔널,상품 중개업,"123,375,149","616,875,745,000",4013.0,4726.0,6053.0,5305.0,1800.0,1633.0,977.0,1458.0,1344.0,1244.0
551,047400,유니온머티리얼,"내화, 비내화 요업제품 제조업","42,000,000","21,000,000,000",17.0,5.0,36.0,N/A,6.0,26.0,11.0,-7.0,6.0,N/A
552,047810,한국항공우주,"항공기,우주선 및 부품 제조업","97,475,107","487,375,535,000",-2089,1464.0,2756.0,2213.0,1166.0,478.0,777.0,661.0,612.0,316.0
553,049770,동원F&B,기타 식품 제조업,"3,859,124","19,295,620,000",724.0,872.0,1014.0,1071.0,144.0,355.0,166.0,365.0,165.0,382.0
554,049800,우진플라임,특수 목적용 기계 제조업,"10,000,000","5,000,000,000",62,-118,-83,N/A,-46.0,-21.0,-14.0,-2.0,15.0,N/A
555,051600,한전KPS,전기 및 통신 공사업,"45,000,000","9,000,000,000",1641.0,1915.0,1939.0,1750.0,181.0,552.0,530.0,676.0,271.0,557.0
556,051630,진양화학,플라스틱제품 제조업,"12,000,000","6,000,000,000",-7,-6,-27.0,N/A,-6.0,-5.0,-10.0,-1.0,3.0,N/A
557,051900,LG생활건강,기타 화학제품 제조업,"15,618,197","88,589,470,000",9300.0,10393.0,11764.0,11888.0,3015.0,3118.0,2410.0,3337.0,3033.0,3079.0
558,051910,LG화학,기초 화학물질 제조업,"70,592,343","391,405,715,000",29285.0,22461.0,8956.0,19255.0,2754.0,2675.0,3803.0,-275.0,2365.0,4103.0
559,052690,한전기술,"건축기술, 엔지니어링 및 관련 기술 서비스업","38,220,000","7,644,000,000",329.0,215.0,441.0,232.0,88.0,68.0,-48.0,332.0,74.0,50.0
560,053210,케이티스카이라이프,텔레비전 방송업,"47,821,966","119,554,915,000",754.0,667.0,694.0,891.0,171.0,126.0,186.0,242.0,261.0,158.0
561,053690,한미글로벌,"건축기술, 엔지니어링 및 관련 기술 서비스업","10,957,550","5,478,775,000",108.0,110.0,244.0,N/A,177.0,27.0,24.0,16.0,24.0,N/A
562,055490,테이팩스,플라스틱제품 제조업,"4,717,650","3,771,825,000",120,75,83,N/A,22.0,23.0,23.0,25.0,35.0,N/A
564,057050,현대홈쇼핑,무점포 소매업,"12,000,000","60,000,000,000",1253.0,1123.0,1297.0,1303.0,336.0,454.0,203.0,303.0,289.0,416.0
565,058430,포스코강판,1차 철강 제조업,"6,000,000","30,000,000,000",244.0,178.0,100.0,N/A,33.0,56.0,8.0,34.0,34.0,N/A
566,058650,세아홀딩스,1차 철강 제조업,"4,000,000","20,000,000,000",2746.0,1175.0,895.0,N/A,451.0,135.0,11.0,186.0,196.0,N/A
567,058730,다스코,"구조용 금속제품, 탱크 및 증기발생기 제조업","15,400,000","8,000,000,000",211.0,194.0,31,N/A,37.0,1.0,-32.0,-18.0,26.0,N/A
568,058850,KTcs,기타 정보 서비스업,"42,685,000","23,842,500,000",101.0,125.0,113.0,N/A,52.0,33.0,5.0,35.0,62.0,N/A
569,058860,KTis,기타 정보 서비스업,"34,802,000","17,401,000,000",111.0,90.0,138.0,N/A,57.0,27.0,28.0,30.0,65.0,N/A
571,063160,종근당바이오,의약품 제조업,"5,485,962","13,714,905,000",90.0,70.0,154.0,N/A,40.0,44.0,45.0,34.0,39.0,N/A
572,064350,현대로템,철도장비 제조업,"85,000,000","425,000,000,000",454,-1962,-2799,572,11.0,-383.0,-966.0,-1462.0,117.0,87.0
573,064960,S&T모티브,자동차 신품 부품 제조업,"14,623,136","73,115,680,000",967.0,582.0,892.0,821.0,227.0,272.0,255.0,188.0,131.0,224.0
574,066570,LG전자,통신 및 방송 장비 제조업,"163,647,814","904,169,030,000",24685.0,27033.0,24361.0,26588.0,6522.0,7815.0,1018.0,10904.0,4954.0,6690.0
575,067830,세이브존I&C,종합 소매업,"41,040,895","41,040,895,000",362.0,339.0,295.0,N/A,90.0,43.0,78.0,25.0,63.0,N/A
576,068270,셀트리온,기초 의약물질 및 생물학적 제제 제조업,"134,939,385","134,939,385,000",5078.0,3387.0,3781.0,6898.0,834.0,1031.0,1142.0,1202.0,1818.0,1903.0
577,068290,삼성출판사,"서적, 잡지 및 기타 인쇄물 출판업","10,000,000","5,000,000,000",110.0,33.0,48.0,N/A,-9.0,12.0,33.0,7.0,-18.0,N/A
578,068400,SK렌터카,운송장비 임대업,"35,765,140","17,882,570,000",380,218,415,70,129.0,170.0,24.0,192.0,139.0,N/A
579,069260,휴켐스,기타 화학제품 제조업,"40,878,588","40,878,588,000",1526.0,1392.0,1064.0,946.0,274.0,360.0,142.0,311.0,169.0,147.0
580,069460,대호에이엘,1차 비철금속 제조업,"27,134,839","13,567,419,500",17,22,-9,N/A,-4.0,9.0,1.0,-16.0,1.0,N/A
581,069620,대웅제약,의약품 제조업,"11,586,575","28,966,437,500",390.0,276.0,447.0,480.0,227.0,62.0,31.0,56.0,-32.0,N/A
582,069640,한세엠케이,"섬유, 의복, 신발 및 가죽제품 소매업","12,909,322","6,454,661,000",95.0,24.0,-239,-177,11.0,-21.0,-187.0,-48.0,-31.0,-21.0
583,069730,DSR제강,1차 철강 제조업,"14,400,000","7,200,000,000",25.0,62.0,52.0,N/A,19.0,9.0,9.0,18.0,15.0,N/A
584,069960,현대백화점,종합 소매업,"23,402,441","117,012,205,000",3937.0,3567.0,2922.0,1861.0,751.0,507.0,609.0,1056.0,149.0,259.0
585,070960,용평리조트,일반 및 생활 숙박시설 운영업,"48,133,333","240,666,665,000",335.0,246.0,-41,N/A,-85.0,27.0,2.0,-8.0,-59.0,N/A
587,071090,하이스틸,1차 철강 제조업,"1,999,944","9,999,720,000",110.0,-52,11,N/A,43.0,-10.0,-12.0,-3.0,-15.0,N/A
588,071320,지역난방공사,"증기, 냉·온수 및 공기조절 공급업","11,578,744","57,893,720,000",1198.0,145,422,1215.0,800.0,-398.0,-329.0,349.0,1230.0,-258.0
589,071840,롯데하이마트,가전제품 및 정보통신장비 소매업,"23,607,712","118,038,560,000",2075.0,1865.0,1099.0,1414.0,458.0,334.0,63.0,195.0,693.0,411.0
590,071950,코아스,가구 제조업,"30,907,210","15,453,605,000",7,12,31,N/A,8.0,5.0,8.0,6.0,-7.0,N/A
591,071970,STX중공업,일반 목적용 기계 제조업,"28,365,976","70,914,940,000",4,-146,-107,N/A,-12.0,-9.0,-7.0,-78.0,-33.0,N/A
592,072130,유엔젤,"자료처리, 호스팅, 포털 및 기타 인터넷 정보매개 서비스업","13,195,454","6,597,727,000",-10,30,-23,N/A,-2.0,-,9.0,-10.0,-5.0,N/A
594,073240,금호타이어,고무제품 제조업,"287,260,287","1,436,301,435,000",-1642,-982,574,-550.0,-148.0,240.0,159.0,323.0,-184.0,-290.0
595,074610,이엔플러스,일반 목적용 기계 제조업,"39,324,219","19,662,109,500",-5,-113,-154.0,N/A,-39.0,-26.0,-45.0,-17.0,6.0,N/A
596,075180,새론오토모티브,자동차 신품 부품 제조업,"19,200,000","9,600,000,000",167.0,95.0,-38.0,N/A,-24.0,-10.0,13.0,-17.0,-43.0,N/A
597,075580,세진중공업,선박 및 보트 건조업,"38,372,720","21,986,360,000",71.0,84.0,94.0,90.0,30.0,48.0,23.0,-8.0,-1.0,20.0
598,077500,유니퀘스트,기계장비 및 관련 물품 도매업,"27,280,975","13,640,487,500",88.0,72.0,69.0,106.0,37.0,16.0,-10.0,17.0,22.0,36.0
599,077970,STX엔진,일반 목적용 기계 제조업,"23,008,904","57,522,260,000",100,313,300,N/A,188.0,25.0,3.0,33.0,50.0,N/A
600,078000,텔코웨어,"자료처리, 호스팅, 포털 및 기타 인터넷 정보매개 서비스업","9,702,706","5,026,353,000",52.0,60.0,34.0,N/A,2.0,19.0,27.0,-24.0,-1.0,N/A
601,078520,에이블씨엔씨,기타 화학제품 제조업,"27,033,459","13,516,729,500",112,-190,18,N/A,-23.0,24.0,-80.0,97.0,-122.0,N/A
603,079160,CJ CGV,"영화, 비디오물, 방송프로그램 제작 및 배급업","35,100,000","17,550,000,000",862.0,777.0,1220,-2189.0,235.0,310.0,440.0,-716.0,-1305.0,-372.0
604,079430,현대리바트,가구 제조업,"20,535,282","20,535,282,000",507.0,481.0,239.0,493.0,99.0,60.0,69.0,11.0,148.0,130.0
605,079550,LIG넥스원,무기 및 총포탄 제조업,"22,000,000","110,000,000,000",43.0,243.0,181.0,578.0,76.0,148.0,-112.0,268.0,78.0,199.0
606,079980,휴비스,화학섬유 제조업,"34,500,000","172,500,000,000",266.0,344.0,49.0,498.0,2.0,37.0,-20.0,62.0,152.0,163.0
607,081000,일진다이아,기타 화학제품 제조업,"14,202,975","14,202,975,000",147.0,152.0,132.0,N/A,76.0,24.0,4.0,31.0,17.0,N/A
608,081660,휠라홀딩스,생활용품 도매업,"60,752,222","61,674,420,000",2175.0,3571.0,4707.0,2986.0,1449.0,1249.0,851.0,671.0,503.0,877.0
610,082740,HSD엔진,일반 목적용 기계 제조업,"32,947,142","32,947,142,000",135,-353,-218,308,-138.0,-48.0,6.0,-38.0,102.0,86.0
611,083420,그린케미칼,기타 화학제품 제조업,"24,000,000","12,000,000,000",35.0,34.0,78.0,N/A,-11.0,32.0,38.0,37.0,44.0,N/A
612,084010,대한제강,1차 철강 제조업,"24,646,734","24,646,734,000",471.0,46.0,420.0,600.0,156.0,60.0,87.0,94.0,221.0,90.0
613,084670,동양고속,육상 여객 운송업,"2,895,569","16,959,295,000",59.0,45.0,100.0,N/A,27.0,35.0,33.0,4.0,-59.0,N/A
614,084680,이월드,유원지 및 기타 오락관련 서비스업,"103,139,897","103,139,897,000",67,46,174.0,N/A,46.0,2.0,59.0,-27.0,-49.0,N/A
616,084870,티비에이치글로벌,봉제의복 제조업,"20,856,819","10,428,409,500",204,-12,44,N/A,25.0,-22.0,51.0,-66.0,20.0,N/A
617,085310,엔케이,"구조용 금속제품, 탱크 및 증기발생기 제조업","79,983,352","39,991,676,000",-97,-232,-65,N/A,-13.0,-33.0,-13.0,-1.0,-4.0,N/A
619,086280,현대글로비스,기타 운송관련 서비스업,"37,500,000","18,750,000,000",7271.0,7101.0,8765.0,6902.0,2022.0,2606.0,2285.0,1949.0,1306.0,1619.0
623,088790,진도,기타 전문 도매업,"12,447,744","6,223,872,000",115.0,73.0,-29.0,N/A,-17.0,-3.0,1.0,1.0,-14.0,N/A
625,089470,HDC현대EP,기타 화학제품 제조업,"31,900,000","17,200,000,000",415.0,144.0,341.0,378.0,119.0,95.0,34.0,82.0,93.0,104.0
626,089590,제주항공,항공 여객 운송업,"26,356,758","131,783,790,000",1013.0,1012.0,-329,-2798,-274.0,-174.0,-451.0,-657.0,-854.0,-610.0
627,090080,평화산업,자동차 신품 부품 제조업,"54,902,259","27,451,129,500",-89,-160,-23,N/A,-27.0,-25.0,-30.0,59.0,-13.0,N/A
628,090350,노루페인트,기타 화학제품 제조업,"20,000,000","10,231,563,000",278.0,227.0,292.0,N/A,38.0,144.0,115.0,-6.0,52.0,N/A
629,090370,메타랩스,봉제의복 제조업,"63,689,937","31,844,968,500",-159,-88,-20,N/A,-8.0,-3.0,-14.0,8.0,-,N/A
630,090430,아모레퍼시픽,기타 화학제품 제조업,"58,458,490","34,508,160,000",5964.0,4820.0,4278.0,2078.0,878.0,1075.0,459.0,609.0,352.0,631.0
631,091090,세원셀론텍,"구조용 금속제품, 탱크 및 증기발생기 제조업","61,908,841","30,954,420,500",38,-97,16,N/A,5.0,-19.0,26.0,17.0,3.0,N/A
632,091810,티웨이항공,항공 여객 운송업,"46,974,812","23,487,406,000",471,478,-192,-1456,-258.0,-97.0,-210.0,-223.0,-486.0,-479.0
633,092200,디아이씨,자동차 신품 부품 제조업,"38,888,569","19,444,284,500",322.0,226.0,-320.0,N/A,9.0,1.0,-35.0,-294.0,17.0,N/A
634,092220,KEC,반도체 제조업,"116,706,940","58,353,470,000",66.0,33,-70,N/A,14.0,7.0,-79.0,-,-12.0,N/A
635,092230,KPX홀딩스,기초 화학물질 제조업,"4,224,646","21,123,230,000",364.0,338.0,643.0,N/A,169.0,186.0,172.0,168.0,154.0,N/A
636,092440,기신정기,특수 목적용 기계 제조업,"29,200,000","14,600,000,000",49.0,103.0,93.0,N/A,23.0,21.0,25.0,23.0,24.0,N/A
637,092780,동양피스톤,자동차용 엔진 및 자동차 제조업,"13,168,460","6,584,230,000",190.0,174.0,185.0,N/A,57.0,40.0,54.0,30.0,-32.0,N/A
638,093050,LF,봉제의복 제조업,"29,240,000","146,200,000,000",1101.0,1195.0,875.0,858.0,295.0,46.0,274.0,130.0,336.0,187.0
639,093230,이아이디,기타 전문 도매업,"553,342,542","110,668,508,400",-45,-34,15,N/A,-8.0,-10.0,-5.0,39.0,46.0,N/A
640,093240,형지엘리트,봉제의복 제조업,"31,154,798","15,577,399,000",-21,-12,-40,N/A,15.0,-53.0,-21.0,20.0,8.0,N/A
641,093370,후성,기초 화학물질 제조업,"92,606,819","46,303,409,500",355,396,134.0,136,45.0,65.0,-36.0,-31.0,28.0,74.0
642,094280,효성 ITX,기타 사업지원 서비스업,"11,558,200","5,779,100,000",122.0,113.0,130.0,N/A,34.0,31.0,33.0,39.0,39.0,N/A
644,095570,AJ네트웍스,산업용 기계 및 장비 임대업,"46,822,295","46,822,295,000",224.0,-212.0,178.0,N/A,109.0,96.0,-97.0,120.0,87.0,N/A
645,095720,웅진씽크빅,초등 교육기관,"117,401,592","58,700,796,000",342.0,340,217.0,200.0,41.0,61.0,49.0,66.0,-17.0,50.0
648,096770,SK이노베이션,석유 정제품 제조업,"92,465,564","468,569,950,000",32218.0,21032.0,12693.0,-17155.0,4976.0,3301.0,1105.0,-17752.0,-4397.0,2147.0
649,097230,한진중공업,토목 건설업,"83,274,281","416,371,405,000",-19.0,617,838,N/A,28.0,-6.0,127.0,689.0,171.0,N/A
650,097950,CJ제일제당,기타 식품 제조업,"15,054,186","81,908,095,000",7766.0,8327.0,8969.0,13179.0,1753.0,2727.0,2698.0,2759.0,3849.0,3645.0
651,100220,비상교육,"서적, 잡지 및 기타 인쇄물 출판업","12,996,741","6,498,370,500",258.0,103.0,219.0,N/A,26.0,-24.0,-3.0,221.0,-125.0,N/A
652,100250,진양홀딩스,플라스틱제품 제조업,"55,895,292","27,947,646,000",157.0,93.0,129.0,N/A,37.0,33.0,26.0,35.0,34.0,N/A
653,100840,S&TC,일반 목적용 기계 제조업,"7,506,711","3,753,355,500",192.0,-19,175.0,N/A,66.0,70.0,18.0,61.0,75.0,N/A
654,101060,SBS미디어홀딩스,텔레비전 방송업,"139,896,190","69,948,095,000",-43,18,48,N/A,-37.0,68.0,33.0,-16.0,-54.0,N/A
655,101140,비티원,생활용품 도매업,"41,244,464","20,622,232,000",-15,9,-22,N/A,-3.0,-1.0,-2.0,-17.0,-10.0,N/A
656,101530,해태제과식품,기타 식품 제조업,"29,116,822","14,558,411,000",189.0,230.0,145.0,N/A,18.0,85.0,103.0,-61.0,53.0,N/A
658,102280,쌍방울,봉제의복 제조업,"139,359,627","69,679,813,500",-216,6,-103,N/A,2.0,-1.0,-,-104.0,-3.0,N/A
659,102460,이연제약,의약품 제조업,"16,770,000","8,385,000,000",160.0,25.0,79.0,N/A,29.0,15.0,25.0,10.0,-2,N/A
660,103140,풍산,1차 비철금속 제조업,"28,024,278","140,121,390,000",2411.0,1075.0,411.0,981.0,85.0,2.0,167.0,-16.0,210.0,382.0
661,103590,일진전기,절연선 및 케이블 제조업,"37,080,390","37,080,390,000",60.0,52,114,N/A,89.0,21.0,1.0,43.0,20.0,N/A
662,104700,한국철강,1차 철강 제조업,"46,050,000","46,050,000,000",461.0,254.0,122.0,398.0,-52.0,85.0,-19.0,100.0,133.0,100.0
664,105630,한세실업,봉제의복 제조업,"40,000,000","20,000,000,000",565.0,386.0,590.0,350.0,191.0,391.0,-43.0,52.0,-15.0,204.0
665,105840,우진,"측정, 시험, 항해, 제어 및 기타 정밀기기 제조업; 광학기기 제외","20,202,234","10,101,117,000",-28,-11,-20.0,N/A,-38.0,-24.0,15.0,27.0,-19.0,N/A
667,108670,LG하우시스,플라스틱제품 제조업,"8,967,670","50,000,000,000",1454.0,704.0,688.0,700.0,110.0,297.0,249.0,32.0,208.0,147
668,109070,컨버즈,"골판지, 종이 상자 및 종이용기 제조업","3,590,507","1,795,253,500",-166,-147,-59,N/A,-28.0,-25.0,-20.0,14.0,-13,N/A
669,111110,호전실업,봉제의복 제조업,"8,000,000","4,657,880,000",151.0,108.0,193.0,N/A,59.0,171.0,-20.0,-31.0,9.0,N/A
670,111770,영원무역,상품 종합 도매업,"44,311,468","22,155,734,000",1811.0,2010.0,2376.0,1964.0,903.0,705.0,347.0,506.0,517.0,588.0
671,112610,씨에스윈드,"구조용 금속제품, 탱크 및 증기발생기 제조업","17,285,715","8,642,857,500",354.0,327.0,601.0,856.0,136.0,126.0,183.0,156.0,162.0,180.0
672,114090,GKL,유원지 및 기타 오락관련 서비스업,"61,855,670","30,927,835,000",1082.0,1051.0,968.0,-427.0,264.0,306.0,228.0,269.0,-321.0,-210.0
673,115390,락앤락,플라스틱제품 제조업,"54,186,600","27,500,000,000",516.0,365.0,243,N/A,36.0,39.0,64.0,103.0,8.0,N/A
674,117580,대성에너지,연료용 가스 제조 및 배관공급업,"27,500,000","27,500,000,000",199.0,160.0,243.0,N/A,192.0,-38.0,-50.0,139.0,157.0,N/A
675,118000,우리들휴브레인,기계장비 및 관련 물품 도매업,"41,993,250","20,996,625,000",-31,-63,-1.0,N/A,-9.0,-7.0,-2.0,17.0,-6.0,N/A
676,119650,KC코트렐,일반 목적용 기계 제조업,"13,000,000","6,500,000,000",35.0,37.0,85.0,N/A,2.0,-,4.0,79.0,3.0,N/A
677,120030,조선선재,기타 금속 가공제품 제조업,"1,257,651","628,825,500",177.0,136.0,141.0,N/A,31.0,37.0,34.0,39.0,37.0,N/A
678,120110,코오롱인더,화학섬유 제조업,"26,978,840","148,733,500,000",1980.0,1669.0,1729.0,1427.0,485.0,616.0,516.0,113.0,265.0,328.0
679,122900,아이마켓코리아,상품 종합 도매업,"35,393,340","18,166,670,000",340.0,362.0,520.0,N/A,111.0,159.0,124.0,127.0,117.0,N/A
680,123690,한국화장품,생활용품 도매업,"16,068,000","8,034,000,000",76,-75,-174,N/A,-52.0,-57.0,-69.0,-25.0,-34.0,N/A
681,123700,에스제이엠,자동차 신품 부품 제조업,"15,604,898","7,802,449,000",84.0,7.0,65.0,N/A,6.0,9.0,34.0,15.0,27.0,N/A
682,123890,한국자산신탁,신탁업 및 집합투자업,"123,977,752","61,988,876,000",1668.0,1379.0,1141.0,1550.0,309.0,222.0,301.0,309.0,391.0,N/A
683,126560,현대에이치씨엔,텔레비전 방송업,"112,876,596","56,438,298,000",493.0,467.0,408.0,N/A,117.0,121.0,108.0,62.0,107.0,N/A
684,128820,대성산업,연료 소매업,"45,235,478","226,177,390,000",-120,61,-97,N/A,14.0,-23.0,-20.0,-67.0,-3.0,N/A
685,128940,한미약품,의약품 제조업,"11,843,029","29,607,572,500",822.0,836.0,1039.0,960.0,231.0,249.0,299.0,287.0,106.0,248.0
686,129260,인터지스,도로 화물 운송업,"29,747,874","14,873,937,000",149.0,94,65.0,N/A,36.0,33.0,35.0,-39.0,10.0,N/A
687,130660,한전산업,"건축기술, 엔지니어링 및 관련 기술 서비스업","32,600,000","16,300,000,000",187.0,147.0,215.0,N/A,122.0,94.0,-60.0,80.0,97.0,N/A
688,133820,화인베스틸,1차 철강 제조업,"29,550,000","16,050,000,000",47,63,-28.0,N/A,11.0,12.0,-12.0,-38.0,-16.0,N/A
689,134380,미원화학,기타 화학제품 제조업,"2,199,268","2,404,080,000",136.0,86.0,155.0,N/A,44.0,51.0,32.0,45.0,53.0,N/A
690,134790,시디즈,가구 제조업,"2,000,000","1,000,000,000",-2,43.0,86.0,N/A,12.0,28.0,16.0,43.0,59.0,N/A
691,136490,선진,동물용 사료 및 조제식품 제조업,"23,779,604","11,889,802,000",547,348.0,401.0,685.0,67.0,152.0,113.0,69.0,197.0,262.0
693,138250,엔에스쇼핑,무점포 소매업,"33,696,000","16,848,000,000",800.0,612.0,287.0,220.0,30.0,108.0,15.0,154.0,-26.0,53.0
694,138490,코오롱플라스틱,합성고무 및 플라스틱 물질 제조업,"38,000,000","38,000,000,000",196.0,194.0,103.0,N/A,47.0,30.0,-8.0,14.0,-33.0,N/A
697,139480,이마트,종합 소매업,"27,875,819","139,379,095,000",5849.0,4628.0,1507.0,1751.0,-299.0,1162.0,-100.0,484.0,-474.0,1239.0
699,143210,핸즈코퍼레이션,자동차 신품 부품 제조업,"21,863,268","10,931,634,000",319.0,105.0,187.0,139.0,74.0,33.0,50.0,58.0,-7.0,33.0
700,144620,코오롱머티리얼,화학섬유 제조업,"68,658,635","68,658,635,000",-448.0,-107,-67,N/A,-11.0,-13.0,-34.0,-10.0,-37.0,N/A
701,145210,세화아이엠씨,특수 목적용 기계 제조업,"81,094,734","40,547,367,000",-42,-270,-105,N/A,-29.0,-34.0,-17.0,-24.0,-4.0,N/A
703,145720,덴티움,의료용 기기 제조업,"11,068,830","6,184,415,000",411.0,420.0,447,353,155.0,109.0,77.0,32.0,66.0,113.0
704,145990,삼양사,기타 식품 제조업,"10,313,449","53,417,595,000",889.0,970.0,816.0,N/A,115.0,304.0,333.0,63.0,243.0,N/A
705,152330,코리아오토글라스,유리 및 유리제품 제조업,"20,000,000","100,000,000,000",525.0,498.0,575.0,N/A,178.0,134.0,134.0,134.0,115.0,N/A
708,155660,DSR,1차 비철금속 제조업,"16,000,000","8,000,000,000",139.0,99.0,107.0,N/A,28.0,28.0,27.0,32.0,38.0,N/A
710,161000,애경유화,기초 화학물질 제조업,"32,040,000","16,020,000,000",751.0,520.0,469.0,432.0,52.0,173.0,183.0,60.0,131.0,N/A
711,161390,한국타이어앤테크놀로지,고무제품 제조업,"123,875,069","61,937,534,500",7934.0,7027.0,5440.0,4579.0,1057.0,1804.0,1172.0,1060.0,701.0,1378.0
712,161890,한국콜마,기타 화학제품 제조업,"22,881,180","11,440,590,000",670.0,900.0,1178.0,1232.0,317.0,380.0,202.0,278,299.0,322.0
713,163560,동일고무벨트,고무제품 제조업,"13,650,000","6,825,000,000",67.0,121.0,144.0,N/A,30.0,42.0,31.0,42.0,69.0,N/A
715,170900,동아에스티,의약품 제조업,"8,443,868","42,219,340,000",239.0,394.0,566.0,550.0,99.0,214.0,49.0,530.0,-94.0,N/A
718,180640,한진칼,항공 여객 운송업,"59,170,458","149,268,060,000",1153.0,1088.0,-39.0,N/A,-155.0,-6.0,-476.0,-340.0,-724.0,N/A
719,181710,엔에이치엔,소프트웨어 개발 및 공급업,"19,565,025","9,782,512,500",347,686,867,1205,217.0,254.0,220.0,175.0,283.0,294.0
720,183190,아세아시멘트,"시멘트, 석회, 플라스터 및 그 제품 제조업","3,895,809","19,479,045,000",532.0,792.0,808.0,767.0,394.0,174.0,305.0,-60.0,261.0,175.0
721,185750,종근당,의약품 제조업,"10,885,685","27,214,212,500",778.0,757.0,746.0,1015.0,182.0,196.0,209.0,259.0,364.0,185.0
722,192080,더블유게임즈,소프트웨어 개발 및 공급업,"18,374,502","9,187,251,000",810.0,1358.0,1546.0,2024.0,376.0,403.0,376.0,390.0,384.0,542.0
724,192650,드림텍,전자부품 제조업,"62,075,008","6,280,956,600",406,424,305.0,298.0,51.0,53.0,129.0,71.0,17.0,N/A
725,192820,코스맥스,기타 화학제품 제조업,"10,049,509","5,024,754,500",351.0,523.0,540.0,813.0,135.0,132.0,104.0,169.0,160.0,173.0
726,194370,제이에스코퍼레이션,"가죽, 가방 및 유사제품 제조업","13,335,601","1,333,560,100",152.0,45.0,111.0,N/A,48.0,19.0,13.0,14.0,7.0,N/A
727,195870,해성디에스,전자부품 제조업,"17,000,000","85,000,000,000",339.0,268.0,270.0,503.0,59.0,90.0,117.0,103.0,147.0,131.0
728,200880,서연이화,자동차 신품 부품 제조업,"27,028,437","13,514,218,500",-122.0,120.0,219.0,N/A,-58.0,100.0,21.0,149.0,-103.0,N/A
730,204320,만도,자동차 신품 부품 제조업,"46,957,120","46,957,120,000",835.0,1974.0,2186.0,570.0,518.0,704.0,643.0,185.0,-759.0,429.0
731,207940,삼성바이오로직스,기초 의약물질 및 생물학적 제제 제조업,"66,165,000","165,412,500,000",660,557,917,2723,-154.0,236.0,1070.0,626.0,811.0,700.0
732,210540,디와이파워,특수 목적용 기계 제조업,"11,041,708","5,520,854,000",336.0,358.0,259.0,315.0,87.0,78.0,-12.0,78.0,95.0,N/A
734,213500,한솔제지,"펄프, 종이 및 판지 제조업","23,800,576","119,002,880,000",637.0,1207.0,1053.0,1340.0,241.0,301.0,279.0,409.0,335.0,310.0
735,214320,이노션,광고업,"20,000,000","10,000,000,000",967.0,1182.0,1219.0,1082.0,288.0,285.0,398.0,272.0,160.0,237.0
736,214330,금호에이치티,자동차 신품 부품 제조업,"28,877,149","14,438,574,500",89.0,105,41,N/A,17.0,14.0,-7.0,4.0,-15.0,N/A
737,214390,경보제약,기초 의약물질 및 생물학적 제제 제조업,"23,906,860","11,953,430,000",246.0,173.0,62.0,N/A,52.0,10.0,-17.0,21.0,49.0,N/A
738,214420,토니모리,기타 화학제품 제조업,"17,640,000","3,528,000,000",-19.0,-50.0,-3,20.0,-14.0,13.0,-21.0,20.0,-77.0,N/A
739,226320,잇츠한불,기타 화학제품 제조업,"21,929,315","10,964,657,500",454.0,199.0,109.0,N/A,53.0,-7.0,36,28.0,-4.0,N/A
740,227840,현대코퍼레이션홀딩스,음·식료품 및 담배 도매업,"9,100,836","45,504,180,000",87.0,79.0,93.0,127.0,26.0,29.0,16.0,29.0,29.0,34.0
742,234080,JW생명과학,의약품 제조업,"15,834,554","39,586,385,000",238.0,235.0,297.0,344.0,79.0,76.0,71.0,71.0,92.0,82.0
743,241560,두산밥캣,특수 목적용 기계 제조업,"100,249,166","50,124,583,000",3945.0,4590.0,4770.0,3403.0,1550.0,1066.0,962.0,868.0,633.0,971.0
744,241590,화승엔터프라이즈,신발 및 신발 부분품 제조업,"60,536,670","30,268,335,000",585.0,403.0,854.0,693.0,174.0,250.0,339.0,182.0,117.0,100.0
745,248170,샘표식품,기타 식품 제조업,"4,568,286","2,284,143,000",203.0,215.0,310.0,N/A,97.0,106.0,46.0,106.0,155.0,N/A
746,249420,일동제약,의약품 제조업,"23,803,285","23,803,285,000",254.0,283.0,-14,N/A,83.0,1.0,-179.0,-10.0,75.0,N/A
747,251270,넷마블,소프트웨어 개발 및 공급업,"85,800,897","8,580,089,700",5098.0,2417,2027,2648,339.0,332.0,844.0,511.0,204.0,639.0
748,264900,크라운제과,기타 식품 제조업,"12,523,850","2,659,482,000",211.0,203.0,265.0,N/A,80.0,62.0,48.0,75.0,95.0,N/A
749,267250,현대중공업지주,석유 정제품 제조업,"15,798,617","81,433,085,000",8430,8614.0,6666.0,853.0,1445.0,2020.0,2195.0,1006.0,-4872.0,802.0
750,267260,현대일렉트릭,"전동기, 발전기 및 전기 변환 · 공급 · 제어 장치 제조업","36,047,135","180,235,675,000",624,-1006,-1567,400,-807.0,-40.0,-400.0,43.0,183.0,84.0
751,267270,현대건설기계,일반 목적용 기계 제조업,"19,700,793","98,503,965,000",952,2087.0,1578,870.0,627.0,504.0,378.0,69.0,107.0,187.0
752,267290,경동도시가스,연료용 가스 제조 및 배관공급업,"5,895,406","14,738,515,000",217.0,427.0,281.0,N/A,140.0,61.0,18.0,62.0,94.0,N/A
753,267850,아시아나IDT,"컴퓨터 프로그래밍, 시스템 통합 및 관리업","11,100,000","5,550,000,000",219,158.0,114.0,N/A,21.0,32.0,43.0,30,18.0,N/A
754,268280,미원에스씨,기초 화학물질 제조업,"5,100,000","2,633,945,500",218.0,400.0,466.0,N/A,107.0,150.0,126.0,83.0,103.0,N/A
755,271560,오리온,기타 식품 제조업,"39,536,132","19,768,066,000",1074.0,2822.0,3276.0,4015.0,504.0,1018.0,981.0,970.0,862.0,1122.0
756,271980,제일약품,의약품 제조업,"14,704,872","7,352,436,000",50.0,74.0,4.0,N/A,21.0,45.0,26.0,-88.0,53.0,N/A
757,272210,한화시스템,전자부품 제조업,"110,230,389","551,151,945,000",309,448,858.0,886.0,N/A,N/A,235.0,109.0,182.0,256.0
758,272450,진에어,항공 여객 운송업,"30,000,000","30,000,000,000",969.0,630.0,-488,-1624,-266.0,-131.0,-601.0,-313.0,-596.0,-408.0
759,272550,삼양패키징,플라스틱제품 제조업,"14,209,804","71,049,020,000",427,350.0,416.0,450.0,143.0,166.0,83.0,40.0,162.0,190.0
760,280360,롯데제과,기타 식품 제조업,"6,416,717","3,208,358,500",84.0,644.0,973.0,N/A,274.0,386.0,162.0,184.0,255.0,N/A
761,281820,케이씨텍,"측정, 시험, 항해, 제어 및 기타 정밀기기 제조업; 광학기기 제외","19,839,340","9,919,670,000",139.0,670.0,491.0,643.0,143.0,82.0,196.0,97.0,160.0,209.0
762,282330,BGF리테일,종합 소매업,"17,283,906","17,283,906,000",265.0,1895.0,1966.0,1721.0,610.0,648.0,445.0,185.0,446.0,623.0
763,282690,동아타이어,고무제품 제조업,"13,733,015","6,866,507,500",14,124.0,180.0,N/A,62.0,45.0,32.0,47.0,22.0,N/A
764,284740,쿠쿠홈시스,개인 및 가정용품 임대업,"22,437,330","2,243,733,000",50,675.0,1206.0,1400.0,294.0,385.0,207.0,273.0,512.0,N/A
765,285130,SK케미칼,합성고무 및 플라스틱 물질 제조업,"11,741,396","66,000,330,000",-92,457.0,803.0,839.0,37.0,304.0,271.0,191.0,80.0,207.0
766,286940,롯데정보통신,"컴퓨터 프로그래밍, 시스템 통합 및 관리업","15,396,331","76,981,655,000",53,390.0,411.0,492.0,137.0,55.0,163.0,60.0,121.0,124.0
767,293480,하나제약,의약품 제조업,"16,200,000","8,100,000,000",319,336.0,336.0,309.0,75.0,92.0,90.0,70.0,64.0,84.0
769,294870,HDC현대산업개발,건물 건설업,"65,907,330","329,536,650,000",N/A,3179.0,5515.0,4749.0,1958.0,938.0,1604.0,1373.0,1473.0,975.0
770,298000,효성화학,기초 화학물질 제조업,"3,190,126","15,950,630,000",N/A,650.0,1539.0,799.0,496.0,551.0,243.0,124.0,36.0,336.0
771,298020,효성티앤씨,화학섬유 제조업,"4,327,682","21,638,410,000",N/A,1251.0,3229.0,1619.0,924.0,922.0,836.0,785.0,-82.0,399.0
772,298040,효성중공업,"전동기, 발전기 및 전기 변환 · 공급 · 제어 장치 제조업","9,324,548","46,622,740,000",N/A,500,1303,705,593.0,203.0,290.0,-560.0,573.0,380.0
773,298050,효성첨단소재,화학섬유 제조업,"4,479,948","22,399,740,000",N/A,641,1583,417.0,471.0,378.0,185.0,285.0,-428.0,142.0
774,298690,에어부산,항공 여객 운송업,"52,070,000","52,070,000,000",345,206.0,-378.0,N/A,-219.0,-195.0,-19.0,-385.0,-514.0,N/A
775,300720,한일시멘트,"시멘트, 석회, 플라스터 및 그 제품 제조업","4,144,970","20,724,850,000",N/A,561.0,590.0,802.0,274.0,125.0,145.0,97.0,299.0,216.0
776,306200,세아제강,1차 철강 제조업,"2,836,300","14,181,500,000",N/A,112.0,459.0,587.0,116.0,57.0,34.0,217.0,122.0,109.0
777,307950,현대오토에버,소프트웨어 개발 및 공급업,"21,000,000","10,500,000,000",729,702,802.0,898.0,228.0,206.0,250.0,114.0,265.0,236.0
778,308170,센트랄모텍,자동차 신품 부품 제조업,"8,610,000","4,305,000,000",103,103,103,N/A,N/A,N/A,N/A,30.0,21.0,N/A
781,322000,현대에너지솔루션,반도체 제조업,"11,200,000","56,000,000,000",-228,139,221,211,N/A,5.0,82.0,36.0,16.0,65.0
782,326030,에스케이바이오팜,자연과학 및 공학 연구개발업,"78,313,250","39,156,625,000",-577,-1391,-793,-1972,N/A,N/A,N/A,N/A,-651.0,N/A
785,336260,두산퓨얼셀,"전동기, 발전기 및 전기 변환 · 공급 · 제어 장치 제조업","55,493,726","7,184,422,600",N/A,N/A,195.0,283,N/A,N/A,N/A,195.0,-46.0,70.0
786,336370,두산솔루스,전자부품 제조업,"30,589,758","3,960,220,800",N/A,N/A,102,444,N/A,N/A,N/A,102.0,89.0,89.0
788,344820,케이씨씨글라스,유리 및 유리제품 제조업,"8,350,210","8,350,210,000",N/A,N/A,N/A,316.0,N/A,N/A,N/A,N/A,81.0,N/A
793,900140,엘브이엠씨,자동차 판매업,"51,120,439","12,780,110",376.0,-148.0,30,N/A,9.0,-48.0,8.0,61.0,24.0,N/A
