,CODE,NAME,SECT.,STOCK NO.,CAPT.
0,000250,삼천당제약,의약품 제조업,"22,569,369","11,284,684,500"
1,000440,중앙에너비스,기타 전문 도매업,"6,227,130","3,113,565,000"
2,001000,신라섬유,가전제품 및 정보통신장비 소매업,"24,277,540","2,427,754,000"
3,001540,안국약품,의약품 제조업,"13,042,420","6,521,210,000"
4,001810,무림SP,"펄프, 종이 및 판지 제조업","22,137,500","11,068,750,000"
5,001840,이화공영,건물 건설업,"19,805,760","9,902,880,000"
6,002230,피에스텍,"측정, 시험, 항해, 제어 및 기타 정밀기기 제조업; 광학기기 제외","19,669,243","9,834,621,500"
7,002290,삼일기업공사,건물 건설업,"12,400,000","6,200,000,000"
8,002680,한탑,"곡물가공품, 전분 및 전분제품 제조업","22,299,452","11,149,726,000"
9,002800,신신제약,의약품 제조업,"15,170,500","7,585,250,000"
10,003100,선광,기타 운송관련 서비스업,"6,600,000","6,600,000,000"
11,003310,대주산업,동물용 사료 및 조제식품 제조업,"35,392,350","18,696,175,000"
13,003800,에이스침대,가구 제조업,"11,090,000","11,090,000,000"
14,004590,한국가구,생활용품 도매업,"15,000,000","1,500,000,000"
15,004650,창해에탄올,알코올음료 제조업,"9,190,885","4,595,442,500"
16,004780,대륙제관,기타 금속 가공제품 제조업,"15,903,199","7,951,599,500"
17,005160,동국산업,1차 철강 제조업,"54,244,482","54,244,482,000"
18,005290,동진쎄미켐,기초 화학물질 제조업,"51,414,494","25,707,247,000"
19,005670,푸드웰,"과실, 채소 가공 및 저장 처리업","10,000,000","5,000,000,000"
20,005710,대원산업,자동차 신품 부품 제조업,"20,037,600","10,018,800,000"
21,005860,한일사료,동물용 사료 및 조제식품 제조업,"39,403,685","19,701,842,500"
22,005990,매일홀딩스,낙농제품 및 식용빙과류 제조업,"13,718,304","6,859,152,000"
23,006050,국영지앤엠,유리 및 유리제품 제조업,"34,895,243","17,447,621,500"
24,006140,피제이전자,의료용 기기 제조업,"15,000,000","7,500,000,000"
25,006580,대양제지,"펄프, 종이 및 판지 제조업","26,850,000","13,425,000,000"
26,006620,동구바이오제약,의약품 제조업,"9,604,000","4,802,000,000"
27,006730,서부T&D,일반 및 생활 숙박시설 운영업,"58,140,444","29,070,222,000"
28,006910,보성파워텍,"구조용 금속제품, 탱크 및 증기발생기 제조업","46,073,059","23,036,529,500"
29,006920,모헨즈,"시멘트, 석회, 플라스터 및 그 제품 제조업","10,920,000","5,460,000,000"
31,007370,진양제약,의약품 제조업,"12,000,000","6,000,000,000"
32,007390,네이처셀,기초 의약물질 및 생물학적 제제 제조업,"61,190,399","30,595,199,500"
33,007530,영신금속,기타 금속 가공제품 제조업,"12,832,968","6,416,484,000"
34,007680,대원,건물 건설업,"11,587,630","5,793,815,000"
35,007720,대명소노시즌,상품 종합 도매업,"100,800,450","50,400,225,000"
36,007770,한일화학,기초 화학물질 제조업,"3,510,000","1,755,000,000"
37,007820,에스엠코어,일반 목적용 기계 제조업,"20,033,946","10,016,973,000"
38,008290,원풍물산,봉제의복 제조업,"40,693,679","20,346,839,500"
39,008370,원풍,플라스틱제품 제조업,"12,000,000","6,000,000,000"
40,008470,부스타,"구조용 금속제품, 탱크 및 증기발생기 제조업","8,404,800","4,202,400,000"
41,008800,행남사,기타 식품 제조업,"45,628,344","22,814,172,000"
42,008830,대동기어,특수 목적용 기계 제조업,"8,987,520","4,493,760,000"
43,009300,삼아제약,의약품 제조업,"6,370,000","6,370,000,000"
44,009520,포스코엠텍,1차 철강 제조업,"41,642,703","20,821,351,500"
45,009620,삼보산업,1차 비철금속 제조업,"38,092,246","3,809,224,600"
46,009730,코센,1차 철강 제조업,"120,066,527","60,033,263,500"
47,009780,엠에스씨,기타 식품 제조업,"17,600,000","8,800,000,000"
48,010170,대한광통신,절연선 및 케이블 제조업,"73,741,625","36,870,812,500"
49,010240,흥국,특수 목적용 기계 제조업,"12,322,696","6,161,348,000"
50,010280,쌍용정보통신,"컴퓨터 프로그래밍, 시스템 통합 및 관리업","40,464,034","40,464,034,000"
51,010470,오리콤,광고업,"11,704,050","11,704,050,000"
52,011040,경동제약,의약품 제조업,"26,550,000","13,575,000,000"
53,011080,형지I&C,봉제의복 제조업,"38,955,668","19,477,834,000"
54,011320,유니크,자동차 신품 부품 제조업,"19,320,695","9,660,347,500"
55,011370,서한,건물 건설업,"100,894,865","50,447,432,500"
56,011560,세보엠이씨,건물설비 설치 공사업,"10,530,000","5,265,000,000"
57,012340,뉴인텍,전자부품 제조업,"30,044,502","15,022,251,000"
58,012620,원일특강,1차 철강 제조업,"4,400,000","2,200,000,000"
59,012700,리드코프,기타 전문 도매업,"26,446,135","13,777,741,000"
60,012790,신일제약,의약품 제조업,"10,902,000","5,451,000,000"
61,012860,모베이스전자,자동차 신품 부품 제조업,"52,000,000","26,000,000,000"
62,013030,하이록코리아,1차 철강 제조업,"13,613,232","6,806,616,000"
63,013120,동원개발,건물 건설업,"90,808,100","45,404,050,000"
64,013310,아진산업,자동차 신품 부품 제조업,"36,607,422","18,303,711,000"
65,013720,청보산업,자동차 신품 부품 제조업,"8,178,771","4,089,385,500"
66,013810,스페코,특수 목적용 기계 제조업,"14,655,470","7,327,735,000"
67,013990,아가방컴퍼니,생활용품 도매업,"32,887,536","16,443,768,000"
68,014100,메디앙스,기타 화학제품 제조업,"11,800,000","5,900,000,000"
69,014190,원익큐브,기타 전문 도매업,"35,399,906","17,699,953,000"
70,014200,광림,자동차용 엔진 및 자동차 제조업,"52,922,234","26,461,117,000"
72,014570,고려제약,의약품 제조업,"11,000,000","5,500,000,000"
73,014620,성광벤드,1차 철강 제조업,"28,600,000","14,300,000,000"
74,014940,오리엔탈정공,일반 목적용 기계 제조업,"45,573,661","22,786,830,500"
75,014970,삼륭물산,"골판지, 종이 상자 및 종이용기 제조업","15,125,000","7,562,500,000"
76,015710,코콤,통신 및 방송 장비 제조업,"17,530,500","8,765,250,000"
77,015750,성우하이텍,자동차 신품 부품 제조업,"80,000,000","40,000,000,000"
78,016100,리더스코스메틱,기타 화학제품 제조업,"18,187,414","9,093,707,000"
79,016250,이테크건설,건물 건설업,"2,800,000","14,000,000,000"
81,016670,포비스티앤씨,기타 전문 도매업,"86,559,394","43,279,697,000"
82,016790,현대사료,동물용 사료 및 조제식품 제조업,"6,150,486","3,075,243,000"
83,016920,카스,기계장비 및 관련 물품 도매업,"22,797,640","11,398,820,000"
84,017000,신원종합개발,건물 건설업,"10,068,027","52,989,616,000"
85,017250,인터엠,영상 및 음향기기 제조업,"21,045,467","10,522,733,500"
86,017480,삼현철강,1차 철강 제조업,"15,702,890","8,551,445,000"
87,017510,세명전기,기타 금속 가공제품 제조업,"15,246,000","7,623,000,000"
88,017650,대림제지,기타 종이 및 판지 제품 제조업,"9,000,000","4,500,000,000"
89,017890,한국알콜,기타 화학제품 제조업,"21,605,760","10,802,880,000"
90,018000,유니슨,일반 목적용 기계 제조업,"108,972,799","54,486,399,500"
91,018120,진로발효,알코올음료 제조업,"6,621,120","3,533,010,000"
92,018290,브이티지엠피,컴퓨터 및 주변장치 제조업,"34,002,081","17,001,040,500"
93,018310,삼목에스폼,"구조용 금속제품, 탱크 및 증기발생기 제조업","14,700,000","7,350,000,000"
94,018620,우진비앤지,의약품 제조업,"26,518,032","13,259,016,000"
95,018680,서울제약,의약품 제조업,"8,485,499","4,242,749,500"
96,018700,바른손,"영화, 비디오물, 방송프로그램 제작 및 배급업","29,471,487","29,471,487,000"
97,019010,베뉴지,종합 소매업,"48,200,000","24,100,000,000"
98,019210,와이지-원,기타 금속 가공제품 제조업,"30,573,819","15,286,909,500"
99,019540,일지테크,자동차 신품 부품 제조업,"13,513,500","6,756,750,000"
100,019550,SBI인베스트먼트,신탁업 및 집합투자업,"162,066,575","83,533,287,500"
101,019570,리더스 기술투자,신탁업 및 집합투자업,"77,634,480","38,817,240,000"
102,019590,엠벤처투자,신탁업 및 집합투자업,"60,142,180","30,071,090,000"
103,019660,글로본,상품 종합 도매업,"29,083,136","14,541,568,000"
104,019770,서연탑메탈,특수 목적용 기계 제조업,"11,650,000","5,825,000,000"
105,019990,에너토크,일반 목적용 기계 제조업,"9,756,088","4,878,044,000"
106,020180,대신정보통신,"컴퓨터 프로그래밍, 시스템 통합 및 관리업","38,428,915","19,214,457,500"
107,020400,대동금속,금속 주조업,"2,607,711","2,607,711,000"
108,020710,시공테크,전문디자인업,"20,047,970","10,023,985,000"
109,021040,대호피앤씨,1차 철강 제조업,"73,112,826","38,677,646,000"
110,021080,에이티넘인베스트,신탁업 및 집합투자업,"48,000,000","24,000,000,000"
111,021320,KCC건설,건물 건설업,"21,400,000","107,000,000,000"
112,021650,한국큐빅,플라스틱제품 제조업,"16,350,563","8,175,281,500"
114,022100,포스코 ICT,"건축기술, 엔지니어링 및 관련 기술 서비스업","152,034,729","76,017,364,500"
115,022220,정산애강,플라스틱제품 제조업,"51,794,579","25,897,289,500"
116,023160,태광,1차 철강 제조업,"26,500,000","13,250,000,000"
117,023410,유진기업,"시멘트, 석회, 플라스터 및 그 제품 제조업","77,310,863","38,655,431,500"
118,023440,제일제강,1차 철강 제조업,"29,492,393","14,746,196,500"
119,023460,CNH,신탁업 및 집합투자업,"37,200,000","93,000,000,000"
120,023600,삼보판지,"펄프, 종이 및 판지 제조업","16,170,000","8,085,000,000"
122,023770,플레이위드,소프트웨어 개발 및 공급업,"8,646,567","4,323,283,500"
123,023790,동일철강,1차 철강 제조업,"7,345,085","3,672,542,500"
124,023890,한국아트라스비엑스,일차전지 및 축전지 제조업,"9,150,000","9,150,000,000"
125,023900,풍국주정,알코올음료 제조업,"12,600,000","6,300,000,000"
126,023910,대한약품,의약품 제조업,"6,000,000","3,000,000,000"
127,024060,흥구석유,기타 전문 도매업,"15,000,000","1,500,000,000"
128,024120,KB오토시스,자동차 신품 부품 제조업,"11,500,000","5,750,000,000"
129,024740,한일단조,자동차 신품 부품 제조업,"29,891,328","14,945,664,000"
130,024800,유성티엔에스,육상 여객 운송업,"27,213,580","13,606,790,000"
131,024810,이화전기,"전동기, 발전기 및 전기 변환 · 공급 · 제어 장치 제조업","718,312,032","143,662,406,400"
132,024830,세원물산,자동차 신품 부품 제조업,"8,350,000","4,175,000,000"
133,024840,KBI메탈,1차 비철금속 제조업,"32,950,848","16,475,424,000"
134,024850,피에스엠씨,전자부품 제조업,"40,016,523","20,008,261,500"
135,024880,케이피에프,기타 금속 가공제품 제조업,"17,449,357","8,724,678,500"
136,024910,경창산업,자동차 신품 부품 제조업,"35,819,005","17,909,502,500"
137,024940,PN풍년,기타 금속 가공제품 제조업,"10,000,000","5,000,000,000"
138,024950,삼천리자전거,생활용품 도매업,"13,273,577","6,636,788,500"
139,025320,시노펙스,전자부품 제조업,"72,561,128","36,713,620,500"
140,025440,대성엘텍,영상 및 음향기기 제조업,"99,661,343","49,830,671,500"
141,025550,한국선재,1차 철강 제조업,"24,522,254","12,261,127,000"
142,025770,한국정보통신,전기 통신업,"37,444,271","19,406,371,500"
143,025870,신라에스지,음·식료품 및 담배 도매업,"4,000,000","2,000,000,000"
144,025880,케이씨피드,동물용 사료 및 조제식품 제조업,"16,715,858","8,357,929,000"
145,025900,동화기업,나무제품 제조업,"20,198,382","10,599,191,000"
146,025950,동신건설,토목 건설업,"8,400,000","4,200,000,000"
147,025980,아난티,일반 및 생활 숙박시설 운영업,"85,178,787","8,517,878,700"
148,026040,제이에스티나,귀금속 및 장신용품 제조업,"16,503,790","8,684,795,000"
149,026150,특수건설,토목 건설업,"15,625,726","7,812,863,000"
150,026910,광진실업,1차 철강 제조업,"6,405,405","3,202,702,500"
151,027040,서울전자통신,기계장비 및 관련 물품 도매업,"69,588,847","34,794,423,500"
152,027050,코리아나,기타 화학제품 제조업,"40,000,000","20,000,000,000"
154,027580,상보,플라스틱제품 제조업,"46,697,997","23,348,998,500"
155,027710,팜스토리,동물용 사료 및 조제식품 제조업,"111,416,600","57,508,629,000"
156,027830,대성창투,신탁업 및 집합투자업,"40,000,000","20,000,000,000"
157,028040,미래SCI,상품 중개업,"44,979,502","22,489,751,000"
159,028150,GS홈쇼핑,텔레비전 방송업,"6,562,500","32,812,500,000"
160,028300,에이치엘비,선박 및 보트 건조업,"52,654,740","26,327,370,000"
161,029480,바른테크놀로지,통신 및 방송 장비 제조업,"61,935,285","6,193,528,500"
162,029960,코엔텍,폐기물 처리업,"50,000,000","25,000,000,000"
163,030190,NICE평가정보,기타 정보 서비스업,"60,714,820","30,357,410,000"
164,030350,드래곤플라이,소프트웨어 개발 및 공급업,"16,008,491","8,004,245,500"
165,030520,한글과컴퓨터,소프트웨어 개발 및 공급업,"24,440,319","12,881,216,500"
167,030960,양지사,인쇄 및 인쇄관련 산업,"15,980,000","7,990,000,000"
168,031310,아이즈비전,전기 통신업,"15,772,574","7,886,287,000"
169,031330,에스에이엠티,기계장비 및 관련 물품 도매업,"99,995,067","49,997,533,500"
170,031390,녹십자셀,기초 의약물질 및 생물학적 제제 제조업,"12,111,150","6,055,575,000"
171,031510,오스템,자동차 신품 부품 제조업,"26,000,000","13,000,000,000"
172,031860,엔에스엔,상품 종합 도매업,"43,106,126","21,553,063,000"
173,031980,피에스케이홀딩스,특수 목적용 기계 제조업,"21,562,395","10,781,197,500"
174,032080,아즈텍WB,"섬유제품 염색, 정리 및 마무리 가공업","21,491,029","10,745,514,500"
175,032190,다우데이타,기계장비 및 관련 물품 도매업,"38,300,000","19,150,000,000"
176,032280,삼일,도로 화물 운송업,"16,213,590","16,213,590,000"
177,032500,케이엠더블유,통신 및 방송 장비 제조업,"39,820,883","19,910,441,500"
178,032540,TJ미디어,영상 및 음향기기 제조업,"13,931,609","6,965,804,500"
179,032580,피델릭스,반도체 제조업,"30,113,422","15,056,711,000"
180,032620,유비케어,소프트웨어 개발 및 공급업,"52,197,139","26,098,569,500"
181,032680,소프트센,기계장비 및 관련 물품 도매업,"33,575,801","16,859,329,000"
182,032750,삼진,통신 및 방송 장비 제조업,"6,000,000","3,000,000,000"
183,032790,엠젠플러스,기계장비 및 관련 물품 도매업,"18,137,619","9,068,809,500"
184,032800,판타지오,창작 및 예술관련 서비스업,"72,703,943","36,351,971,500"
185,032820,우리기술,"전동기, 발전기 및 전기 변환 · 공급 · 제어 장치 제조업","104,606,484","52,303,242,000"
186,032850,비트컴퓨터,소프트웨어 개발 및 공급업,"16,623,293","8,311,646,500"
187,032860,글로스퍼랩스,"해체, 선별 및 원료 재생업","73,558,840","36,779,420,000"
188,032940,원익,기계장비 및 관련 물품 도매업,"18,193,230","9,096,615,000"
189,032960,동일기연,전자부품 제조업,"3,407,309","4,953,654,500"
190,032980,바이온,음·식료품 및 담배 도매업,"59,193,228","29,596,614,000"
191,033050,제이엠아이,기록매체 복제업,"32,579,342","32,579,342,000"
192,033100,제룡전기,"전동기, 발전기 및 전기 변환 · 공급 · 제어 장치 제조업","16,062,409","8,031,204,500"
193,033110,코너스톤네트웍스,종합 소매업,"129,772,391","64,886,195,500"
194,033130,디지틀조선,"자료처리, 호스팅, 포털 및 기타 인터넷 정보매개 서비스업","37,115,267","18,557,633,500"
195,033160,엠케이전자,전자부품 제조업,"21,807,689","10,903,844,500"
196,033170,시그네틱스,반도체 제조업,"85,728,319","42,864,159,500"
197,033200,모아텍,전자부품 제조업,"14,331,185","7,665,592,500"
198,033230,인성정보,"컴퓨터 프로그래밍, 시스템 통합 및 관리업","20,896,180","10,448,090,000"
199,033290,코웰패션,"섬유, 의복, 신발 및 가죽제품 소매업","88,500,234","46,532,198,500"
200,033310,디케이디앤아이,기타 금속 가공제품 제조업,"21,972,411","10,986,205,500"
201,033320,제이씨현시스템,기계장비 및 관련 물품 도매업,"19,114,432","9,557,216,000"
202,033340,좋은사람들,봉제의복 제조업,"49,908,224","24,954,112,000"
203,033430,디에스티,특수 목적용 기계 제조업,"64,191,253","6,419,125,300"
204,033500,동성화인텍,기초 화학물질 제조업,"26,983,609","13,821,804,500"
205,033540,파라텍,특수 목적용 기계 제조업,"16,983,690","8,491,845,000"
206,033560,블루콤,영상 및 음향기기 제조업,"18,088,047","9,600,000,000"
207,033600,럭슬,자동차 신품 부품 제조업,"40,828,103","20,414,051,500"
208,033640,네패스,반도체 제조업,"23,059,202","11,629,601,000"
209,033790,스카이문스테크놀로지,통신 및 방송 장비 제조업,"17,117,100","8,558,550,000"
210,033830,티비씨,텔레비전 방송업,"100,000,000","50,000,000,000"
211,034230,파라다이스,유원지 및 기타 오락관련 서비스업,"90,942,672","47,032,355,000"
213,034940,조아제약,의약품 제조업,"30,979,827","15,489,913,500"
214,034950,한국기업평가,기타 사업지원 서비스업,"4,540,514","24,452,570,000"
215,035080,인터파크,무점포 소매업,"81,189,163","41,765,628,000"
216,035200,프럼파스트,플라스틱제품 제조업,"9,730,590","4,865,295,000"
217,035290,더블유에프엠,"서적, 잡지 및 기타 인쇄물 출판업","2,570,137","1,285,068,500"
218,035460,기산텔레콤,통신 및 방송 장비 제조업,"14,577,340","7,288,670,000"
219,035600,KG이니시스,소프트웨어 개발 및 공급업,"27,904,434","13,952,217,000"
221,035620,바른손이앤에이,"영화, 비디오물, 방송프로그램 제작 및 배급업","73,473,503","36,736,751,500"
222,035760,CJ ENM,텔레비전 방송업,"21,929,154","110,577,370,000"
223,035810,이지홀딩스,동물용 사료 및 조제식품 제조업,"55,640,623","28,196,251,000"
224,035890,서희건설,건물 건설업,"207,081,188","103,540,594,000"
225,035900,JYP Ent.,오디오물 출판 및 원판 녹음업,"35,494,992","17,942,201,500"
226,036000,예림당,"서적, 잡지 및 기타 인쇄물 출판업","23,034,277","11,617,138,500"
227,036010,아비코전자,전자부품 제조업,"13,292,934","6,896,467,000"
228,036030,KTH,상품 중개업,"35,715,022","35,715,022,000"
229,036090,위지트,특수 목적용 기계 제조업,"83,992,986","41,996,493,000"
230,036120,SCI평가정보,기타 정보 서비스업,"35,500,000","17,750,000,000"
231,036170,라이브파이낸셜,반도체 제조업,"45,121,437","45,121,437,000"
232,036180,에이프런티어,기계장비 및 관련 물품 도매업,"17,600,341","8,800,170,500"
233,036190,금화피에스시,전기 및 통신 공사업,"6,000,000","3,000,000,000"
234,036200,유니셈,특수 목적용 기계 제조업,"30,664,223","15,332,111,500"
235,036260,이매진아시아,"영화, 비디오물, 방송프로그램 제작 및 배급업","43,778,171","21,889,085,500"
236,036480,대성미생물,의약품 제조업,"3,800,000","1,900,000,000"
237,036490,SK머티리얼즈,기초 화학물질 제조업,"10,547,673","5,273,836,500"
238,036540,SFA반도체,반도체 제조업,"164,460,303","82,487,451,500"
239,036560,영풍정밀,일반 목적용 기계 제조업,"15,750,000","7,875,000,000"
240,036620,버추얼텍,기타 전문 도매업,"60,559,477","30,279,738,500"
241,036630,세종텔레콤,전기 통신업,"600,326,126","300,163,063,000"
242,036640,HRS,합성고무 및 플라스틱 물질 제조업,"16,354,800","8,177,400,000"
243,036670,KCI,기타 화학제품 제조업,"11,270,000","5,635,000,000"
244,036690,코맥스,통신 및 방송 장비 제조업,"14,991,767","7,495,883,500"
245,036710,심텍홀딩스,통신 및 방송 장비 제조업,"38,288,234","19,144,117,000"
246,036800,나이스정보통신,전기 통신업,"10,000,000","5,000,000,000"
247,036810,에프에스티,전자부품 제조업,"20,233,814","10,116,907,000"
248,036830,솔브레인홀딩스,기타 화학제품 제조업,"9,619,705","4,809,852,500"
249,036890,진성티이씨,특수 목적용 기계 제조업,"22,482,268","11,241,134,000"
250,036930,주성엔지니어링,특수 목적용 기계 제조업,"48,249,212","24,124,606,000"
251,037030,파워넷,"전동기, 발전기 및 전기 변환 · 공급 · 제어 장치 제조업","13,599,551","13,599,551,000"
252,037070,파세코,가정용 기기 제조업,"14,000,000","7,000,000,000"
253,037230,한국팩키지,"골판지, 종이 상자 및 종이용기 제조업","25,000,000","12,500,000,000"
254,037330,인지디스플레,전자부품 제조업,"43,885,224","21,942,612,000"
255,037350,성도이엔지,"건축기술, 엔지니어링 및 관련 기술 서비스업","15,470,000","7,735,000,000"
256,037370,EG,기타 전문 도매업,"7,500,000","7,500,000,000"
257,037400,우리조명,전구 및 조명장치 제조업,"24,923,346","12,461,673,000"
258,037440,희림,"건축기술, 엔지니어링 및 관련 기술 서비스업","13,922,475","6,961,237,500"
259,037460,삼지전자,통신 및 방송 장비 제조업,"16,318,522","8,309,261,000"
260,037760,쎄니트,1차 철강 제조업,"33,832,921","16,916,460,500"
261,037950,엘컴텍,전자부품 제조업,"84,447,519","42,223,759,500"
262,038010,제일테크노스,"구조용 금속제품, 탱크 및 증기발생기 제조업","9,000,000","4,500,000,000"
263,038060,루멘스,반도체 제조업,"47,718,750","23,859,375,000"
264,038070,서린바이오,기타 전문 도매업,"8,000,676","4,000,338,000"
265,038110,에코플라스틱,자동차 신품 부품 제조업,"25,669,370","12,834,685,000"
266,038160,팍스넷,기타 정보 서비스업,"12,240,376","6,120,188,000"
267,038290,마크로젠,"그외 기타 전문, 과학 및 기술 서비스업","10,611,654","5,305,827,000"
268,038340,UCI,일반 교습 학원,"33,115,421","16,607,710,500"
269,038390,레드캡투어,여행사 및 기타 여행보조 서비스업,"8,589,480","4,294,740,000"
270,038460,바이오스마트,전자부품 제조업,"20,087,800","10,043,900,000"
271,038500,삼표시멘트,기타 비금속 광물제품 제조업,"107,357,173","53,678,586,500"
272,038530,골드퍼시픽,생활용품 도매업,"44,638,392","22,319,196,000"
273,038540,상상인,"컴퓨터 프로그래밍, 시스템 통합 및 관리업","55,328,313","57,187,237,000"
274,038620,위즈코프,연료 소매업,"38,830,772","19,415,386,000"
275,038680,에스넷,"컴퓨터 프로그래밍, 시스템 통합 및 관리업","16,075,215","8,037,607,500"
276,038870,에코바이오,사업시설 유지·관리 서비스업,"11,610,994","5,805,497,000"
277,038880,아이에이,전자부품 제조업,"241,417,281","24,141,728,100"
278,038950,파인디지털,통신 및 방송 장비 제조업,"10,210,765","5,105,382,500"
279,039010,현대통신,통신 및 방송 장비 제조업,"8,625,000","4,312,500,000"
280,039020,이건홀딩스,제재 및 목재 가공업,"22,584,709","22,584,709,000"
281,039030,이오테크닉스,특수 목적용 기계 제조업,"12,319,550","6,159,775,000"
282,039200,오스코텍,의약품 제조업,"29,200,311","14,600,155,500"
283,039230,에이아이비트,"측정, 시험, 항해, 제어 및 기타 정밀기기 제조업; 광학기기 제외","104,362,573","52,181,286,500"
284,039240,경남스틸,1차 철강 제조업,"25,000,000","2,500,000,000"
285,039290,인포뱅크,기타 정보 서비스업,"8,693,978","4,346,989,000"
286,039310,세중,여행사 및 기타 여행보조 서비스업,"18,121,667","9,060,833,500"
287,039340,한국경제TV,텔레비전 방송업,"23,000,000","11,500,000,000"
288,039420,케이엘넷,전기 통신업,"24,154,730","12,077,365,000"
289,039440,에스티아이,특수 목적용 기계 제조업,"15,830,000","7,915,000,000"
290,039560,다산네트웍스,통신 및 방송 장비 제조업,"33,570,298","18,013,611,500"
291,039610,화성밸브,일반 목적용 기계 제조업,"10,410,400","5,205,200,000"
292,039670,한류타임즈,"서적, 잡지 및 기타 인쇄물 출판업","59,922,652","29,961,326,000"
293,039740,한국정보공학,기타 전문 도매업,"8,018,397","4,009,198,500"
294,039830,오로라,전문디자인업,"10,762,890","5,381,445,000"
295,039840,디오,의료용 기기 제조업,"15,523,602","7,761,801,000"
296,039860,나노엔텍,의료용 기기 제조업,"26,762,927","13,381,463,500"
297,039980,리노스,"섬유, 의복, 신발 및 가죽제품 소매업","41,540,606","20,770,303,000"
298,040160,누리텔레콤,소프트웨어 개발 및 공급업,"12,055,535","6,027,767,500"
299,040300,YTN,"영화, 비디오물, 방송프로그램 제작 및 배급업","42,000,000","42,000,000,000"
300,040350,큐로컴,"컴퓨터 프로그래밍, 시스템 통합 및 관리업","113,758,041","56,879,020,500"
301,040420,정상제이엘에스,일반 교습 학원,"15,677,552","8,478,776,000"
302,040610,SG&G,자동차 신품 부품 제조업,"34,087,196","17,043,598,000"
303,040910,아이씨디,특수 목적용 기계 제조업,"17,802,695","8,901,347,500"
304,041020,인프라웨어,소프트웨어 개발 및 공급업,"37,463,160","18,731,580,000"
305,041140,넥슨지티,소프트웨어 개발 및 공급업,"35,373,322","17,686,661,000"
307,041440,에버다임,특수 목적용 기계 제조업,"17,915,944","8,957,972,000"
308,041460,한국전자인증,소프트웨어 개발 및 공급업,"21,459,249","10,729,624,500"
309,041510,에스엠,오디오물 출판 및 원판 녹음업,"23,449,501","11,724,750,500"
310,041520,이라이콤,상품 중개업,"12,188,730","6,094,365,000"
311,041590,젬백스지오,실내건축 및 건축마무리 공사업,"77,426,225","38,713,112,500"
312,041830,인바디,의료용 기기 제조업,"13,683,782","6,841,891,000"
313,041910,에스텍파마,의약품 제조업,"11,898,263","5,949,131,500"
314,041920,메디아나,의료용 기기 제조업,"8,650,496","4,325,248,000"
315,041930,동아화성,고무제품 제조업,"15,800,000","8,000,000,000"
316,041960,코미팜,의약품 제조업,"64,185,876","6,418,587,600"
317,042000,카페24,"자료처리, 호스팅, 포털 및 기타 인터넷 정보매개 서비스업","9,430,597","4,715,298,500"
318,042040,케이피엠테크,기타 화학제품 제조업,"117,820,745","11,782,074,500"
319,042110,에스씨디,가정용 기기 제조업,"48,329,564","24,164,782,000"
321,042420,네오위즈홀딩스,소프트웨어 개발 및 공급업,"8,856,866","4,653,433,000"
322,042500,링네트,"컴퓨터 프로그래밍, 시스템 통합 및 관리업","15,216,878","7,608,439,000"
323,042510,라온시큐어,소프트웨어 개발 및 공급업,"31,809,612","15,904,806,000"
324,042520,한스바이오메드,의료용품 및 기타 의약 관련제품 제조업,"9,996,820","4,998,410,000"
325,042600,새로닉스,전자부품 제조업,"12,423,574","6,211,787,000"
326,042940,상지카일룸,건물 건설업,"52,137,435","26,068,717,500"
327,043090,큐브앤컴퍼니,기타 전문 도매업,"32,590,313","16,295,156,500"
328,043100,솔고바이오,의료용 기기 제조업,"57,759,208","28,879,604,000"
329,043150,바텍,의료용 기기 제조업,"14,854,256","7,427,128,000"
330,043200,파루,"전동기, 발전기 및 전기 변환 · 공급 · 제어 장치 제조업","38,606,413","19,303,206,500"
331,043220,에이치엘비파워,특수 목적용 기계 제조업,"91,115,377","45,557,688,500"
332,043260,성호전자,전자부품 제조업,"35,598,043","17,799,021,500"
333,043290,케이맥,특수 목적용 기계 제조업,"37,161,291","3,716,129,100"
334,043340,에쎈테크,일반 목적용 기계 제조업,"72,000,000","36,000,000,000"
335,043360,디지아이,컴퓨터 및 주변장치 제조업,"9,000,000","4,500,000,000"
336,043370,평화정공,자동차 신품 부품 제조업,"21,000,000","10,500,000,000"
337,043590,크로바하이텍,반도체 제조업,"23,300,000","11,650,000,000"
338,043610,지니뮤직,"자료처리, 호스팅, 포털 및 기타 인터넷 정보매개 서비스업","58,115,438","29,057,719,000"
339,043650,국순당,알코올음료 제조업,"17,858,304","8,929,152,000"
340,043710,서울리거,기타 전문 도매업,"34,903,652","17,451,826,000"
341,043910,자연과환경,환경 정화 및 복원업,"53,149,357","26,574,678,500"
342,044060,조광ILI,일반 목적용 기계 제조업,"9,885,656","4,942,828,000"
343,044180,KD,건물 건설업,"78,353,304","39,176,652,000"
344,044340,위닉스,가정용 기기 제조업,"17,873,425","8,936,712,500"
345,044480,경남바이오파마,고무제품 제조업,"14,251,509","7,125,754,500"
346,044490,태웅,기타 금속 가공제품 제조업,"20,007,381","10,003,690,500"
347,044780,에이치케이,특수 목적용 기계 제조업,"18,505,787","9,252,893,500"
348,044960,이글벳,기타 전문 도매업,"12,641,883","6,320,941,500"
349,045060,오공,기타 화학제품 제조업,"16,941,974","8,470,987,000"
350,045100,한양이엔지,"건축기술, 엔지니어링 및 관련 기술 서비스업","18,000,000","9,000,000,000"
351,045300,성우테크론,전자부품 제조업,"9,405,602","4,702,801,000"
352,045340,토탈소프트,소프트웨어 개발 및 공급업,"8,558,040","4,279,020,000"
353,045390,대아티아이,기타 전기장비 제조업,"71,151,522","7,115,152,200"
354,045510,정원엔시스,"컴퓨터 프로그래밍, 시스템 통합 및 관리업","32,209,292","16,104,646,000"
355,045520,크린앤사이언스,일반 목적용 기계 제조업,"6,500,000","3,650,000,000"
356,045660,에이텍,컴퓨터 및 주변장치 제조업,"8,260,000","4,130,000,000"
357,045890,GV,전구 및 조명장치 제조업,"48,350,590","24,175,295,000"
358,045970,코아시아,반도체 제조업,"26,254,864","13,127,432,000"
359,046070,코다코,자동차 신품 부품 제조업,"39,064,256","19,532,128,000"
360,046110,한일네트웍스,"자료처리, 호스팅, 포털 및 기타 인터넷 정보매개 서비스업","11,954,227","5,977,113,500"
361,046120,오르비텍,기타 과학기술 서비스업,"23,790,573","11,895,286,500"
362,046140,SBS콘텐츠허브,"영화, 비디오물, 방송프로그램 제작 및 배급업","21,463,555","10,731,777,500"
363,046210,파나진,의료용품 및 기타 의약 관련제품 제조업,"32,136,660","16,068,330,000"
364,046310,백금T&A,통신 및 방송 장비 제조업,"16,247,615","8,123,807,500"
365,046390,삼화네트웍스,"영화, 비디오물, 방송프로그램 제작 및 배급업","43,172,933","8,634,586,600"
366,046440,KG모빌리언스,소프트웨어 개발 및 공급업,"38,825,568","19,412,784,000"
367,046890,서울반도체,반도체 제조업,"58,305,400","29,152,700,000"
368,046940,우원개발,기반조성 및 시설물 축조관련 전문공사업,"18,074,350","9,037,175,000"
369,046970,우리로,기타 전문 도매업,"27,519,580","13,759,790,000"
370,047080,한빛소프트,소프트웨어 개발 및 공급업,"24,779,836","12,389,918,000"
371,047310,파워로직스,"전동기, 발전기 및 전기 변환 · 공급 · 제어 장치 제조업","34,420,982","17,442,716,000"
372,047560,이스트소프트,소프트웨어 개발 및 공급업,"9,899,400","4,949,700,000"
373,047770,코데즈컴바인,봉제의복 제조업,"37,842,602","18,921,301,000"
374,047820,초록뱀,"영화, 비디오물, 방송프로그램 제작 및 배급업","90,843,392","45,421,696,000"
375,047920,메디포럼제약,자연과학 및 공학 연구개발업,"14,042,872","7,021,436,000"
376,048260,오스템임플란트,의료용 기기 제조업,"14,285,717","7,142,858,500"
377,048410,현대바이오,기타 화학제품 제조업,"35,915,877","17,957,938,500"
378,048430,유라테크,"전동기, 발전기 및 전기 변환 · 공급 · 제어 장치 제조업","11,520,000","5,760,000,000"
379,048470,대동스틸,1차 철강 제조업,"10,000,000","5,000,000,000"
380,048530,인트론바이오,기초 의약물질 및 생물학적 제제 제조업,"31,357,086","15,678,543,000"
381,048550,SM C&C,광고업,"94,610,120","47,305,060,000"
382,048770,TPC,일반 목적용 기계 제조업,"13,480,276","6,740,138,000"
383,048830,엔피케이,합성고무 및 플라스틱 물질 제조업,"18,723,923","9,361,961,500"
384,048870,시너지이노베이션,의료용 기기 제조업,"65,725,296","32,862,648,000"
385,048910,대원미디어,기타 전문 도매업,"12,578,946","6,319,473,000"
386,049070,인탑스,통신 및 방송 장비 제조업,"17,200,000","8,600,000,000"
387,049080,기가레인,특수 목적용 기계 제조업,"52,276,120","26,138,060,000"
388,049120,파인디앤씨,전자부품 제조업,"26,359,944","13,179,972,000"
389,049180,셀루메드,기초 의약물질 및 생물학적 제제 제조업,"29,701,057","14,850,528,500"
390,049430,코메론,"측정, 시험, 항해, 제어 및 기타 정밀기기 제조업; 광학기기 제외","9,048,000","4,524,000,000"
391,049470,SGA,소프트웨어 개발 및 공급업,"48,362,249","48,362,249,000"
392,049480,오픈베이스,"컴퓨터 프로그래밍, 시스템 통합 및 관리업","31,422,383","15,711,191,500"
393,049520,유아이엘,전자부품 제조업,"21,784,936","11,142,469,000"
394,049550,잉크테크,기타 화학제품 제조업,"16,019,932","8,310,957,500"
395,049630,재영솔루텍,사진장비 및 광학기기 제조업,"73,257,244","36,628,622,000"
396,049720,고려신용정보,기타 사업지원 서비스업,"14,300,000","7,150,000,000"
397,049830,승일,기타 금속 가공제품 제조업,"6,132,112","3,066,056,000"
398,049950,미래컴퍼니,특수 목적용 기계 제조업,"8,362,306","4,181,153,000"
399,049960,쎌바이오텍,기초 의약물질 및 생물학적 제제 제조업,"9,400,000","4,700,000,000"
400,050090,휘닉스소재,전자부품 제조업,"79,138,942","39,569,471,000"
401,050110,캠시스,전자부품 제조업,"67,839,980","33,919,990,000"
402,050120,라이브플렉스,생활용품 도매업,"135,640,864","69,092,015,500"
403,050320,에이앤티앤,기계장비 및 관련 물품 도매업,"44,661,760","4,466,176,000"
404,050540,한국코퍼레이션,기타 사업지원 서비스업,"38,785,593","19,392,796,500"
405,050760,에스폴리텍,플라스틱제품 제조업,"16,334,678","8,167,339,000"
406,050860,아세아텍,특수 목적용 기계 제조업,"17,500,000","8,750,000,000"
407,050890,쏠리드,통신 및 방송 장비 제조업,"52,185,175","26,092,587,500"
408,050960,수산아이앤티,소프트웨어 개발 및 공급업,"6,751,000","3,375,500,000"
409,051160,지어소프트,소프트웨어 개발 및 공급업,"14,574,555","7,287,277,500"
410,051360,토비스,영상 및 음향기기 제조업,"16,717,058","8,358,529,000"
411,051370,인터플렉스,전자부품 제조업,"23,327,472","11,663,736,000"
412,051380,피씨디렉트,기계장비 및 관련 물품 도매업,"7,668,536","3,834,268,000"
413,051390,YW,상품 종합 도매업,"11,355,368","5,677,684,000"
414,051490,나라엠앤디,특수 목적용 기계 제조업,"14,200,000","7,230,000,000"
415,051500,CJ프레시웨이,음·식료품 및 담배 도매업,"11,871,586","11,871,586,000"
416,051780,큐로홀딩스,"영화, 비디오물, 방송프로그램 제작 및 배급업","89,062,197","44,531,098,500"
417,051980,센트럴바이오,플라스틱제품 제조업,"46,304,890","23,402,445,000"
418,052020,에스티큐브,기계장비 및 관련 물품 도매업,"30,385,009","15,192,504,500"
419,052190,이에스에이,창작 및 예술관련 서비스업,"45,801,509","22,900,754,500"
420,052220,iMBC,"자료처리, 호스팅, 포털 및 기타 인터넷 정보매개 서비스업","23,000,000","11,500,000,000"
421,052260,SK바이오랜드,기타 화학제품 제조업,"15,000,000","7,500,000,000"
422,052300,W홀딩컴퍼니,기타 운송관련 서비스업,"232,418,093","23,241,809,300"
423,052330,코텍,영상 및 음향기기 제조업,"15,574,552","7,787,276,000"
424,052400,코나아이,소프트웨어 개발 및 공급업,"15,559,118","7,779,559,000"
425,052420,오성첨단소재,플라스틱제품 제조업,"61,966,225","31,044,396,500"
426,052460,아이크래프트,"컴퓨터 프로그래밍, 시스템 통합 및 관리업","14,607,936","7,303,968,000"
427,052600,한네트,전기 통신업,"11,563,700","5,781,850,000"
428,052670,제일바이오,의약품 제조업,"15,000,000","7,500,000,000"
429,052710,아모텍,전자부품 제조업,"9,743,406","4,871,703,000"
430,052770,아이톡시,소프트웨어 개발 및 공급업,"7,291,079","3,645,539,500"
431,052790,액토즈소프트,소프트웨어 개발 및 공급업,"11,330,638","5,665,319,000"
432,052860,아이앤씨,반도체 제조업,"17,614,304","8,807,152,000"
433,052900,KMH하이텍,플라스틱제품 제조업,"46,885,499","23,442,749,500"
434,053030,바이넥스,의약품 제조업,"31,741,048","15,870,524,000"
435,053050,지에스이,연료용 가스 제조 및 배관공급업,"29,987,597","15,304,357,500"
436,053060,세동,자동차 신품 부품 제조업,"21,411,000","10,705,500,000"
437,053110,소리바다,"자료처리, 호스팅, 포털 및 기타 인터넷 정보매개 서비스업","95,946,986","47,973,493,000"
438,053160,프리엠스,"전동기, 발전기 및 전기 변환 · 공급 · 제어 장치 제조업","6,000,000","3,000,000,000"
439,053260,금강철강,1차 철강 제조업,"18,720,000","9,860,000,000"
440,053270,구영테크,자동차 신품 부품 제조업,"26,394,174","13,197,087,000"
441,053280,예스24,무점포 소매업,"17,200,000","8,600,000,000"
442,053290,NE능률,"서적, 잡지 및 기타 인쇄물 출판업","16,072,037","8,036,018,500"
443,053300,한국정보인증,소프트웨어 개발 및 공급업,"31,165,000","15,582,500,000"
444,053350,이니텍,소프트웨어 개발 및 공급업,"19,790,916","9,895,458,000"
445,053450,세코닉스,사진장비 및 광학기기 제조업,"11,803,281","5,901,640,500"
446,053580,웹케시,소프트웨어 개발 및 공급업,"6,763,655","3,381,827,500"
447,053590,한국테크놀로지,자동차 신품 부품 제조업,"100,281,799","50,140,899,500"
448,053610,프로텍,특수 목적용 기계 제조업,"11,000,000","5,500,000,000"
449,053620,태양,기타 금속 가공제품 제조업,"8,600,000","4,300,000,000"
450,053660,현진소재,기타 금속 가공제품 제조업,"53,201,003","26,600,501,500"
451,053700,삼보모터스,자동차 신품 부품 제조업,"16,782,027","8,391,013,500"
452,053800,안랩,소프트웨어 개발 및 공급업,"10,013,855","5,182,644,500"
453,053950,경남제약,의약품 제조업,"17,442,567","8,721,283,500"
454,053980,오상자이엘,"컴퓨터 프로그래밍, 시스템 통합 및 관리업","17,747,882","8,873,941,000"
455,054040,한국컴퓨터,전자부품 제조업,"16,071,290","8,035,645,000"
456,054050,농우바이오,작물 재배업,"16,030,561","8,015,280,500"
457,054090,삼진엘앤디,그외 기타 제품 제조업,"24,959,232","12,479,616,000"
458,054180,중앙오션,선박 및 보트 건조업,"32,235,671","16,117,835,500"
459,054210,이랜텍,전자부품 제조업,"22,656,918","11,328,459,000"
460,054220,비츠로시스,"전동기, 발전기 및 전기 변환 · 공급 · 제어 장치 제조업","31,309,978","15,654,989,000"
461,054300,팬스타엔터프라이즈,일반 목적용 기계 제조업,"52,348,271","26,174,135,500"
462,054410,케이피티유,기타 금속 가공제품 제조업,"5,060,000","2,530,000,000"
463,054450,텔레칩스,반도체 제조업,"13,505,911","6,752,955,500"
464,054540,삼영엠텍,"구조용 금속제품, 탱크 및 증기발생기 제조업","13,000,000","6,772,413,500"
466,054630,에이디칩스,그외 기타 제품 제조업,"45,444,459","22,722,229,500"
467,054670,대한뉴팜,의약품 제조업,"14,354,920","7,177,460,000"
468,054780,키이스트,"영화, 비디오물, 방송프로그램 제작 및 배급업","17,071,366","8,535,683,000"
469,054800,아이디스홀딩스,기타 전문 서비스업,"10,347,756","5,173,878,000"
470,054920,한컴위드,소프트웨어 개발 및 공급업,"28,217,081","14,108,540,500"
471,054930,유신,"건축기술, 엔지니어링 및 관련 기술 서비스업","3,000,000","15,000,000,000"
472,054940,엑사이엔씨,실내건축 및 건축마무리 공사업,"33,173,548","16,586,774,000"
473,054950,제이브이엠,일반 목적용 기계 제조업,"6,330,908","3,165,454,000"
474,056000,네스엠,소프트웨어 개발 및 공급업,"14,136,600","7,068,300,000"
475,056080,유진로봇,특수 목적용 기계 제조업,"37,512,152","18,756,076,000"
476,056090,유앤아이,의료용 기기 제조업,"7,764,894","3,882,447,000"
477,056190,에스에프에이,특수 목적용 기계 제조업,"35,908,760","17,954,380,000"
478,056360,코위버,통신 및 방송 장비 제조업,"9,796,800","4,898,400,000"
479,056700,신화인터텍,플라스틱제품 제조업,"29,135,091","14,567,545,500"
480,056730,포스링크,기타 전문 도매업,"46,163,868","23,081,934,000"
481,057030,YBM넷,교육지원 서비스업,"16,312,697","8,156,348,500"
482,057500,SKC 솔믹스,전자부품 제조업,"61,494,040","30,747,020,000"
483,057540,옴니시스템,"측정, 시험, 항해, 제어 및 기타 정밀기기 제조업; 광학기기 제외","42,410,117","21,205,058,500"
484,057680,옴니텔,소프트웨어 개발 및 공급업,"40,494,755","20,247,377,500"
485,057880,필로시스헬스케어,"섬유, 의복, 신발 및 가죽제품 소매업","59,310,756","29,655,378,000"
486,058110,멕아이씨에스,의료용 기기 제조업,"6,649,682","3,324,841,000"
487,058220,아리온,통신 및 방송 장비 제조업,"38,974,244","19,487,122,000"
488,058400,KNN,텔레비전 방송업,"132,429,720","66,214,860,000"
489,058420,제이웨이,"영화, 비디오물, 방송프로그램 제작 및 배급업","21,676,909","10,838,454,500"
490,058450,일야,통신 및 방송 장비 제조업,"31,740,000","15,870,000,000"
491,058470,리노공업,전자부품 제조업,"15,242,370","7,621,185,000"
492,058530,슈펙스비앤피,생활용품 도매업,"130,784,286","65,392,143,000"
493,058610,에스피지,"전동기, 발전기 및 전기 변환 · 공급 · 제어 장치 제조업","20,876,975","10,438,487,500"
494,058630,엠게임,소프트웨어 개발 및 공급업,"19,543,877","9,771,938,500"
495,058820,CMG제약,의약품 제조업,"138,892,244","69,446,122,000"
496,059090,미코,반도체 제조업,"31,316,603","15,658,301,500"
497,059100,아이컴포넌트,전자부품 제조업,"7,070,860","3,535,430,000"
498,059120,아진엑스텍,반도체 제조업,"6,945,915","3,472,957,500"
499,059210,메타바이오메드,의료용품 및 기타 의약 관련제품 제조업,"23,862,351","11,931,175,500"
500,060150,인선이엔티,폐기물 처리업,"38,391,282","19,195,641,000"
501,060230,이그잭스,전자부품 제조업,"74,893,516","37,446,758,000"
502,060240,룽투코리아,소프트웨어 개발 및 공급업,"25,429,284","13,064,642,000"
503,060250,NHN한국사이버결제,기타 정보 서비스업,"22,971,393","11,485,696,500"
504,060260,뉴보텍,플라스틱제품 제조업,"33,433,750","16,716,875,000"
505,060280,큐렉소,기타 상품 전문 소매업,"33,357,253","16,678,626,500"
506,060300,레드로버,"영화, 비디오물, 방송프로그램 제작 및 배급업","66,855,495","33,427,747,500"
507,060310,3S,특수 목적용 기계 제조업,"44,802,511","22,401,255,500"
508,060370,KT서브마린,전기 및 통신 공사업,"21,900,000","21,900,000,000"
509,060380,동양에스텍,1차 철강 제조업,"10,000,000","5,000,000,000"
510,060480,국일신동,1차 비철금속 제조업,"11,090,000","5,545,000,000"
511,060540,에스에이티,"측정, 시험, 항해, 제어 및 기타 정밀기기 제조업; 광학기기 제외","26,133,306","13,066,653,000"
512,060560,홈센타홀딩스,기타 전문 도매업,"85,113,017","42,556,508,500"
513,060570,드림어스컴퍼니,기타 전문 도매업,"56,859,847","28,429,923,500"
514,060590,씨티씨바이오,의약품 제조업,"20,935,612","10,467,806,000"
515,060720,KH바텍,전자부품 제조업,"23,637,484","11,818,742,000"
516,060900,대한그린파워,기타 화학제품 제조업,"135,159,001","13,515,900,100"
517,061040,알에프텍,통신 및 방송 장비 제조업,"25,327,055","12,663,527,500"
518,061250,화일약품,의약품 제조업,"17,301,249","8,650,624,500"
519,061970,엘비세미콘,반도체 제조업,"43,784,592","21,892,296,000"
520,062860,티엘아이,반도체 제조업,"9,872,720","4,936,360,000"
521,062970,피피아이,통신 및 방송 장비 제조업,"9,308,185","4,654,092,500"
522,063080,게임빌,소프트웨어 개발 및 공급업,"6,595,192","3,297,596,000"
523,063170,서울옥션,상품 중개업,"16,917,500","8,458,750,000"
524,063440,SM Life Design,기록매체 복제업,"45,029,154","22,874,577,000"
526,063760,이엘피,"측정, 시험, 항해, 제어 및 기타 정밀기기 제조업; 광학기기 제외","4,910,500","2,455,250,000"
527,064090,에프앤리퍼블릭,상품 종합 도매업,"76,801,909","38,400,954,500"
528,064240,홈캐스트,영상 및 음향기기 제조업,"33,094,756","16,797,419,500"
529,064260,다날,소프트웨어 개발 및 공급업,"67,554,559","33,777,279,500"
530,064290,인텍플러스,특수 목적용 기계 제조업,"12,612,462","6,306,231,000"
531,064480,브리지텍,소프트웨어 개발 및 공급업,"11,952,500","6,176,250,000"
532,064510,에코마이스터,특수 목적용 기계 제조업,"26,691,608","13,345,804,000"
533,064520,바른전자,반도체 제조업,"73,686,477","36,843,238,500"
534,064550,바이오니아,의료용품 및 기타 의약 관련제품 제조업,"22,737,191","11,368,595,500"
535,064760,티씨케이,기타 비금속 광물제품 제조업,"11,675,000","5,837,500,000"
536,064800,젬백스링크,"섬유, 의복, 신발 및 가죽제품 소매업","77,218,483","7,721,848,300"
537,064820,케이프,선박 및 보트 건조업,"28,661,980","14,330,990,000"
538,065060,지엔코,봉제의복 제조업,"98,008,044","49,004,022,000"
539,065130,탑엔지니어링,특수 목적용 기계 제조업,"15,976,257","8,324,128,500"
540,065150,MP그룹,음·식료품 및 담배 도매업,"80,808,407","8,080,840,700"
541,065170,넥스트BT,음·식료품 및 담배 도매업,"86,778,698","43,389,349,000"
542,065350,신성델타테크,가정용 기기 제조업,"24,853,343","12,426,671,500"
543,065370,위세아이텍,소프트웨어 개발 및 공급업,"4,403,611","2,201,805,500"
544,065420,에스아이리소스,석탄 광업,"64,603,964","6,460,396,400"
545,065440,이루온,소프트웨어 개발 및 공급업,"27,275,020","13,637,510,000"
546,065450,빅텍,"측정, 시험, 항해, 제어 및 기타 정밀기기 제조업; 광학기기 제외","27,730,883","5,546,176,600"
547,065500,오리엔트정공,자동차 신품 부품 제조업,"117,214,562","58,607,281,000"
548,065510,휴비츠,의료용 기기 제조업,"11,882,871","5,941,435,500"
549,065530,전파기지국,전기 통신업,"52,860,000","26,430,000,000"
550,065560,녹원씨엔아이,인쇄 및 인쇄관련 산업,"17,260,625","8,720,892,000"
551,065570,삼영이엔씨,통신 및 방송 장비 제조업,"8,800,000","4,400,000,000"
552,065620,제낙스,1차 철강 제조업,"24,759,470","12,379,735,000"
553,065650,메디프론,기계장비 및 관련 물품 도매업,"37,199,870","18,599,935,000"
554,065660,안트로젠,기타 전문 도매업,"8,955,967","4,477,983,500"
555,065680,우주일렉트로,전자부품 제조업,"9,934,220","4,967,110,000"
556,065690,파커스,반도체 제조업,"13,963,509","6,981,754,500"
557,065710,서호전기,"전동기, 발전기 및 전기 변환 · 공급 · 제어 장치 제조업","5,150,000","2,575,000,000"
558,065770,CS,통신 및 방송 장비 제조업,"18,835,150","9,417,575,000"
559,065950,웰크론,직물직조 및 직물제품 제조업,"28,231,302","14,115,651,000"
560,066110,한프,컴퓨터 및 주변장치 제조업,"52,799,600","26,399,800,000"
561,066130,하츠,가정용 기기 제조업,"12,800,000","6,400,000,000"
562,066310,큐에스아이,반도체 제조업,"8,278,230","4,139,115,000"
563,066360,체리부로,"도축, 육류 가공 및 저장 처리업","27,872,369","13,936,184,500"
564,066410,버킷스튜디오,"영화, 비디오물, 방송프로그램 제작 및 배급업","31,632,080","15,816,040,000"
565,066430,와이오엠,기타 전문 도매업,"15,855,736","7,927,868,000"
566,066590,우수AMS,자동차 신품 부품 제조업,"24,994,303","12,497,151,500"
567,066620,국보디자인,실내건축 및 건축마무리 공사업,"7,500,000","3,750,000,000"
568,066670,디스플레이텍,전자부품 제조업,"18,691,918","9,345,959,000"
569,066700,테라젠이텍스,의약품 제조업,"32,165,547","16,082,773,500"
570,066790,씨씨에스,텔레비전 방송업,"45,976,167","22,988,083,500"
571,066900,디에이피,전자부품 제조업,"22,744,503","11,372,251,500"
572,066910,손오공,기타 전문 도매업,"26,896,161","13,448,080,500"
573,066970,엘앤에프,일차전지 및 축전지 제조업,"24,758,729","12,379,364,500"
574,066980,브레인콘텐츠,기타 정보 서비스업,"158,418,281","79,209,140,500"
575,067000,조이시티,소프트웨어 개발 및 공급업,"14,188,833","7,094,416,500"
576,067010,이씨에스,"컴퓨터 프로그래밍, 시스템 통합 및 관리업","12,294,000","6,823,500,000"
577,067080,대화제약,의약품 제조업,"18,224,974","9,112,487,000"
578,067160,아프리카TV,소프트웨어 개발 및 공급업,"11,494,767","5,747,383,500"
579,067170,오텍,자동차 재제조 부품 제조업,"15,391,605","7,695,802,500"
580,067280,멀티캠퍼스,기타 교육기관,"5,926,779","2,963,389,500"
581,067290,JW신약,의약품 제조업,"41,667,166","20,833,583,000"
582,067310,하나마이크론,반도체 제조업,"30,369,511","15,184,755,500"
583,067390,아스트,"항공기,우주선 및 부품 제조업","25,679,652","13,091,826,000"
584,067570,엔브이에이치코리아,자동차 신품 부품 제조업,"29,591,785","15,754,388,000"
585,067630,에이치엘비생명과학,"건축기술, 엔지니어링 및 관련 기술 서비스업","47,070,453","23,535,226,500"
586,067730,로지시스,"컴퓨터 프로그래밍, 시스템 통합 및 관리업","9,340,922","4,670,461,000"
587,067770,세진티에스,전자부품 제조업,"8,396,593","4,198,296,500"
588,067900,와이엔텍,폐기물 처리업,"18,199,659","9,099,829,500"
589,067920,이글루시큐리티,기타 정보 서비스업,"10,996,119","5,498,059,500"
590,067990,도이치모터스,자동차 판매업,"28,037,345","14,018,672,500"
591,068050,팬엔터테인먼트,"영화, 비디오물, 방송프로그램 제작 및 배급업","13,742,997","6,871,498,500"
592,068240,다원시스,"전동기, 발전기 및 전기 변환 · 공급 · 제어 장치 제조업","26,932,183","13,466,091,500"
593,068330,일신바이오,일반 목적용 기계 제조업,"44,216,140","4,421,614,000"
594,068760,셀트리온제약,의약품 제조업,"35,806,792","17,903,396,000"
595,068790,DMS,특수 목적용 기계 제조업,"23,062,487","11,531,243,500"
596,068930,디지털대성,일반 교습 학원,"22,673,723","11,336,861,500"
597,068940,아이씨케이,전자부품 제조업,"31,179,722","6,235,944,400"
598,069080,웹젠,소프트웨어 개발 및 공급업,"35,310,884","17,655,442,000"
599,069110,코스온,기타 화학제품 제조업,"18,697,161","9,348,580,500"
600,069140,누리플랜,"구조용 금속제품, 탱크 및 증기발생기 제조업","5,677,902","2,838,951,000"
601,069330,유아이디,전자부품 제조업,"11,887,792","5,943,896,000"
602,069410,엔텔스,소프트웨어 개발 및 공급업,"6,899,227","3,449,613,500"
603,069510,에스텍,영상 및 음향기기 제조업,"10,910,000","5,455,000,000"
604,069540,라이트론,통신 및 방송 장비 제조업,"18,553,773","9,276,886,500"
605,069920,아이에스이커머스,무점포 소매업,"25,826,362","12,913,181,000"
606,070300,엑스큐어,소프트웨어 개발 및 공급업,"7,366,074","3,683,037,000"
607,070590,한솔인티큐브,"컴퓨터 프로그래밍, 시스템 통합 및 관리업","13,879,521","6,939,760,500"
608,071200,인피니트헬스케어,소프트웨어 개발 및 공급업,"24,396,458","12,198,229,000"
609,071280,로체시스템즈,특수 목적용 기계 제조업,"15,296,603","7,648,301,500"
610,071460,위니아딤채,가정용 기기 제조업,"35,967,295","31,872,532,500"
611,071670,에이테크솔루션,특수 목적용 기계 제조업,"10,000,000","5,000,000,000"
612,071850,캐스텍코리아,자동차 신품 부품 제조업,"16,569,188","8,284,594,000"
613,072020,중앙백신,기초 의약물질 및 생물학적 제제 제조업,"9,960,000","4,980,000,000"
614,072470,우리산업홀딩스,자동차 신품 부품 제조업,"18,887,341","9,443,670,500"
615,072520,제넨바이오,폐기물 처리업,"93,891,679","9,389,167,900"
616,072770,율호,"컴퓨터 프로그래밍, 시스템 통합 및 관리업","36,676,928","18,338,464,000"
617,072870,메가스터디,"서적, 잡지 및 기타 인쇄물 출판업","11,920,959","5,960,479,500"
618,072950,빛샘전자,전자부품 제조업,"6,000,000","3,000,000,000"
619,072990,에이치시티,기타 과학기술 서비스업,"6,927,600","3,463,800,000"
620,073010,케이에스피,일반 목적용 기계 제조업,"36,192,257","18,096,128,500"
621,073070,에스모,자동차 신품 부품 제조업,"125,675,763","12,567,576,300"
622,073110,엘엠에스,전자부품 제조업,"8,895,755","4,522,877,500"
623,073190,듀오백,가구 제조업,"11,968,040","5,984,020,000"
624,073490,이노와이어리스,통신 및 방송 장비 제조업,"6,737,544","3,368,772,000"
625,073540,에프알텍,통신 및 방송 장비 제조업,"11,400,000","5,700,000,000"
626,073560,우리손에프앤지,"도축, 육류 가공 및 저장 처리업","69,237,643","34,618,821,500"
627,073570,WI,특수 목적용 기계 제조업,"75,664,793","7,566,479,300"
628,073640,테라사이언스,기타 금속 가공제품 제조업,"58,402,414","5,840,241,400"
629,074430,아미노로직스,기타 전문 도매업,"87,826,844","8,782,684,400"
630,074600,원익QnC,유리 및 유리제품 제조업,"26,288,000","13,144,000,000"
631,075130,플랜티넷,"컴퓨터 프로그래밍, 시스템 통합 및 관리업","8,960,000","4,480,000,000"
632,075970,동국알앤에스,기타 비금속 광물제품 제조업,"18,400,000","18,400,000,000"
633,076080,웰크론한텍,건물 건설업,"19,980,102","9,990,051,000"
634,076610,해성옵틱스,사진장비 및 광학기기 제조업,"31,916,542","15,958,271,000"
635,077360,덕산하이메탈,반도체 제조업,"22,718,501","4,543,700,200"
637,078070,유비쿼스홀딩스,통신 및 방송 장비 제조업,"18,696,628","10,348,314,000"
638,078130,국일제지,기타 종이 및 판지 제품 제조업,"126,348,384","12,634,838,400"
639,078140,대봉엘에스,의약품 제조업,"11,086,579","5,543,289,500"
640,078150,HB테크놀러지,특수 목적용 기계 제조업,"78,990,426","39,495,213,000"
641,078160,메디포스트,기초 의약물질 및 생물학적 제제 제조업,"15,617,842","7,808,921,000"
642,078340,컴투스,소프트웨어 개발 및 공급업,"12,866,420","6,433,210,000"
643,078350,한양디지텍,반도체 제조업,"11,292,405","5,646,202,500"
644,078590,OQP,자동차 신품 부품 제조업,"75,280,333","15,056,066,600"
645,078600,대주전자재료,전자부품 제조업,"14,830,076","7,415,038,000"
646,078650,코렌,사진장비 및 광학기기 제조업,"44,675,373","22,337,686,500"
647,078860,아이오케이,"영화, 비디오물, 방송프로그램 제작 및 배급업","50,750,542","25,375,271,000"
648,078890,가온미디어,통신 및 방송 장비 제조업,"15,074,293","7,537,146,500"
649,078940,코드네이처,전기 및 통신 공사업,"30,151,608","15,075,804,000"
650,079000,와토스코리아,플라스틱제품 제조업,"7,200,000","3,600,000,000"
651,079170,한창산업,1차 비철금속 제조업,"5,200,000","2,600,000,000"
652,079190,EMW,통신 및 방송 장비 제조업,"31,784,197","15,892,098,500"
653,079370,제우스,특수 목적용 기계 제조업,"10,384,000","5,192,000,000"
654,079650,서산,"시멘트, 석회, 플라스터 및 그 제품 제조업","20,000,000","2,000,000,000"
655,079810,디이엔티,특수 목적용 기계 제조업,"13,036,859","6,518,429,500"
656,079940,가비아,소프트웨어 개발 및 공급업,"13,535,684","6,767,842,000"
657,079950,인베니아,특수 목적용 기계 제조업,"23,200,000","11,600,000,000"
658,079960,동양이엔피,"전동기, 발전기 및 전기 변환 · 공급 · 제어 장치 제조업","7,860,000","3,930,000,000"
659,079970,투비소프트,소프트웨어 개발 및 공급업,"31,804,885","15,902,442,500"
660,080000,에스엔유,특수 목적용 기계 제조업,"34,322,870","17,161,435,000"
661,080010,이상네트웍스,상품 중개업,"9,015,000","4,507,500,000"
662,080160,모두투어,여행사 및 기타 여행보조 서비스업,"18,900,000","9,450,000,000"
663,080220,제주반도체,반도체 제조업,"31,125,060","15,712,530,000"
664,080420,모다이노칩,"섬유, 의복, 신발 및 가죽제품 소매업","79,721,622","39,860,811,000"
665,080440,에스제이케이,기타 전문 도매업,"13,325,960","6,662,980,000"
666,080470,성창오토텍,자동차 신품 부품 제조업,"7,300,000","3,650,000,000"
667,080520,오디텍,반도체 제조업,"11,746,609","5,873,304,500"
668,080530,코디,기타 화학제품 제조업,"23,907,878","11,953,939,000"
669,080580,오킨스전자,전자부품 제조업,"7,338,234","3,669,117,000"
670,080720,한국유니온제약,의약품 제조업,"5,903,728","2,951,864,000"
671,081150,티플랙스,기타 금속 가공제품 제조업,"24,268,402","12,134,201,000"
672,081580,성우전자,통신 및 방송 장비 제조업,"15,508,143","7,754,071,500"
673,082210,옵트론텍,사진장비 및 광학기기 제조업,"23,675,951","11,837,975,500"
674,082270,젬백스,특수 목적용 기계 제조업,"39,261,403","19,630,701,500"
675,082660,코스나인,통신 및 방송 장비 제조업,"21,385,834","10,692,917,000"
676,082800,루미마이크로,반도체 제조업,"132,805,733","66,402,866,500"
677,082850,우리바이오,전구 및 조명장치 제조업,"44,917,878","22,458,939,000"
678,082920,비츠로셀,일차전지 및 축전지 제조업,"21,539,152","10,769,576,000"
679,083310,엘오티베큠,특수 목적용 기계 제조업,"13,599,938","6,799,969,000"
680,083450,GST,특수 목적용 기계 제조업,"9,317,745","4,658,872,500"
681,083470,이엠앤아이,플라스틱제품 제조업,"22,424,515","11,212,257,500"
682,083500,에프엔에스테크,특수 목적용 기계 제조업,"8,385,722","4,192,861,000"
683,083550,케이엠,기타 섬유제품 제조업,"10,282,028","5,141,014,000"
684,083640,인콘,통신 및 방송 장비 제조업,"86,698,982","17,339,796,400"
685,083650,비에이치아이,일반 목적용 기계 제조업,"26,000,000","13,000,000,000"
686,083660,CSA 코스믹,기타 화학제품 제조업,"37,072,045","18,536,022,500"
687,083790,크리스탈,자연과학 및 공학 연구개발업,"42,571,286","21,285,643,000"
688,083930,아바코,특수 목적용 기계 제조업,"15,996,505","7,998,252,500"
689,084110,휴온스글로벌,의약품 제조업,"11,464,127","5,732,063,500"
690,084180,수성,일반 목적용 기계 제조업,"15,864,490","7,932,245,000"
691,084370,유진테크,특수 목적용 기계 제조업,"22,916,042","11,458,021,000"
692,084650,랩지노믹스,자연과학 및 공학 연구개발업,"11,217,860","5,608,930,000"
693,084730,팅크웨어,통신 및 방송 장비 제조업,"10,425,682","5,212,841,000"
694,084850,아이티엠반도체,전자부품 제조업,"22,855,623","11,427,811,500"
695,084990,헬릭스미스,자연과학 및 공학 연구개발업,"26,765,714","13,382,857,000"
696,085370,루트로닉,의료용 기기 제조업,"25,627,401","13,175,544,000"
697,085660,차바이오텍,기초 의약물질 및 생물학적 제제 제조업,"52,495,450","26,247,725,000"
698,085670,뉴프렉스,전자부품 제조업,"21,156,039","10,578,019,500"
699,085810,알티캐스트,소프트웨어 개발 및 공급업,"21,223,160","10,987,352,000"
700,085910,네오티스,자동차 신품 부품 제조업,"11,013,678","5,506,839,000"
701,086040,바이오톡스텍,자연과학 및 공학 연구개발업,"14,587,623","7,293,811,500"
702,086060,진바이오텍,동물용 사료 및 조제식품 제조업,"8,610,587","4,305,293,500"
703,086250,이노와이즈,특수 목적용 기계 제조업,"30,810,174","15,405,087,000"
704,086390,유니테스트,특수 목적용 기계 제조업,"21,134,126","10,567,063,000"
705,086450,동국제약,의약품 제조업,"8,892,000","22,230,000,000"
706,086520,에코프로,기타 화학제품 제조업,"22,090,191","11,045,095,500"
707,086670,비엠티,일반 목적용 기계 제조업,"8,146,529","4,073,264,500"
708,086820,바이오솔루션,기초 의약물질 및 생물학적 제제 제조업,"8,091,426","4,045,713,000"
709,086890,이수앱지스,의료용품 및 기타 의약 관련제품 제조업,"26,625,292","13,312,646,000"
710,086900,메디톡스,기초 의약물질 및 생물학적 제제 제조업,"5,977,449","2,988,724,500"
711,086960,한컴MDS,소프트웨어 개발 및 공급업,"8,828,608","4,844,725,000"
712,086980,쇼박스,"영화, 비디오물, 방송프로그램 제작 및 배급업","62,600,000","31,300,000,000"
713,087010,펩트론,기초 의약물질 및 생물학적 제제 제조업,"15,326,500","7,663,250,000"
714,087260,모바일어플라이언스,소프트웨어 개발 및 공급업,"30,000,000","15,000,000,000"
715,087600,픽셀플러스,전자부품 제조업,"8,166,558","4,083,279,000"
716,087730,에스모 머티리얼즈,합성고무 및 플라스틱 물질 제조업,"9,768,571","4,884,285,900"
717,088130,동아엘텍,특수 목적용 기계 제조업,"10,662,938","5,575,148,000"
718,088290,이원컴포텍,자동차 신품 부품 제조업,"17,047,866","8,523,933,000"
719,088390,이녹스,그외 기타 운송장비 제조업,"9,350,844","4,675,422,000"
720,088800,에이스테크,통신 및 방송 장비 제조업,"40,957,928","20,478,964,000"
721,088910,동우팜투테이블,"도축, 육류 가공 및 저장 처리업","25,831,764","12,915,882,000"
722,089010,켐트로닉스,기타 화학제품 제조업,"14,572,295","7,286,147,500"
723,089030,테크윙,특수 목적용 기계 제조업,"19,318,786","9,723,110,000"
724,089140,넥스턴,유리 및 유리제품 제조업,"11,846,520","5,923,260,000"
725,089150,케이씨티,"컴퓨터 프로그래밍, 시스템 통합 및 관리업","17,150,000","8,575,000,000"
726,089230,THE E&M,기타 정보 서비스업,"124,348,176","12,434,817,600"
727,089530,에이티세미콘,반도체 제조업,"88,515,812","44,257,906,000"
728,089600,나스미디어,광고업,"8,754,691","4,557,703,000"
729,089790,제이티,특수 목적용 기계 제조업,"10,315,513","5,157,756,500"
730,089850,유비벨록스,소프트웨어 개발 및 공급업,"7,115,697","3,557,848,500"
731,089890,코세스,특수 목적용 기계 제조업,"16,851,962","8,425,981,000"
732,089970,에이피티씨,특수 목적용 기계 제조업,"23,234,595","2,323,459,500"
733,089980,상아프론테크,플라스틱제품 제조업,"15,724,765","7,862,382,500"
734,090150,광진윈텍,자동차 신품 부품 제조업,"9,658,393","4,829,196,500"
735,090360,로보스타,특수 목적용 기계 제조업,"9,750,000","4,875,000,000"
736,090410,덕신하우징,"구조용 금속제품, 탱크 및 증기발생기 제조업","44,201,565","4,420,156,500"
737,090460,비에이치,전자부품 제조업,"33,428,669","16,714,334,500"
738,090470,제이스텍,특수 목적용 기계 제조업,"14,597,808","7,298,904,000"
739,090710,휴림로봇,특수 목적용 기계 제조업,"83,049,144","16,609,828,800"
740,090740,아이엠이연이,전자부품 제조업,"18,898,551","9,449,275,500"
741,090850,이지웰,소프트웨어 개발 및 공급업,"11,693,179","5,846,589,500"
742,091120,이엠텍,전자부품 제조업,"16,060,936","8,030,468,000"
743,091340,S&K폴리텍,전자부품 제조업,"11,703,721","5,851,860,500"
744,091440,텔레필드,통신 및 방송 장비 제조업,"9,175,875","4,587,937,500"
745,091580,상신이디피,일차전지 및 축전지 제조업,"12,665,050","6,332,525,000"
746,091590,남화토건,건물 건설업,"11,740,000","5,870,000,000"
747,091700,파트론,전자부품 제조업,"54,156,410","27,078,205,000"
748,091970,나노캠텍,플라스틱제품 제조업,"28,080,425","14,040,212,500"
749,091990,셀트리온헬스케어,기타 전문 도매업,"151,406,332","151,406,332,000"
750,092040,아미코젠,기타 식품 제조업,"19,207,010","9,603,505,000"
751,092070,디엔에프,기타 화학제품 제조업,"10,761,828","5,380,914,000"
752,092130,이크레더블,기타 정보 서비스업,"12,043,600","6,146,800,000"
753,092190,서울바이오시스,반도체 제조업,"38,223,653","19,111,826,500"
754,092300,현우산업,전자부품 제조업,"15,405,937","7,702,968,500"
755,092460,한라IMS,선박 및 보트 건조업,"11,744,978","5,872,489,000"
756,092600,앤씨앤,반도체 제조업,"20,947,500","10,473,750,000"
757,092730,네오팜,기타 화학제품 제조업,"8,207,361","4,103,680,500"
758,092870,엑시콘,특수 목적용 기계 제조업,"10,374,180","5,187,090,000"
759,093190,빅솔론,컴퓨터 및 주변장치 제조업,"19,238,905","9,619,452,500"
760,093320,케이아이엔엑스,"자료처리, 호스팅, 포털 및 기타 인터넷 정보매개 서비스업","4,880,000","2,440,000,000"
761,093380,풍강,기타 금속 가공제품 제조업,"9,879,313","4,939,656,500"
762,093520,매커스,기계장비 및 관련 물품 도매업,"16,163,092","8,081,546,000"
763,093640,다믈멀티미디어,반도체 제조업,"11,519,256","5,759,628,000"
764,093920,서원인텍,통신 및 방송 장비 제조업,"18,600,000","9,300,000,000"
765,094170,동운아나텍,반도체 제조업,"15,758,872","8,075,619,000"
766,094360,칩스앤미디어,소프트웨어 개발 및 공급업,"9,640,315","4,963,657,500"
767,094480,갤럭시아컴즈,소프트웨어 개발 및 공급업,"39,229,838","19,614,919,000"
768,094820,일진파워,전기 및 통신 공사업,"15,078,709","7,539,354,500"
769,094840,슈프리마에이치큐,통신 및 방송 장비 제조업,"10,471,840","5,235,920,000"
770,094850,참좋은여행,여행사 및 기타 여행보조 서비스업,"14,000,000","7,000,000,000"
771,094860,코닉글로리,소프트웨어 개발 및 공급업,"50,642,595","5,064,259,500"
772,094940,푸른기술,컴퓨터 및 주변장치 제조업,"6,574,202","3,287,101,000"
773,094970,제이엠티,전자부품 제조업,"16,748,240","8,374,120,000"
774,095190,이엠코리아,특수 목적용 기계 제조업,"36,332,704","18,166,352,000"
775,095270,웨이브일렉트로,"측정, 시험, 항해, 제어 및 기타 정밀기기 제조업; 광학기기 제외","11,007,614","5,503,807,000"
776,095340,ISC,전자부품 제조업,"14,142,508","7,071,254,000"
777,095500,미래나노텍,플라스틱제품 제조업,"24,580,982","12,290,491,000"
778,095610,테스,특수 목적용 기계 제조업,"19,768,226","9,884,113,000"
779,095660,네오위즈,소프트웨어 개발 및 공급업,"21,915,008","10,957,504,000"
780,095700,제넥신,자연과학 및 공학 연구개발업,"23,835,397","11,917,698,500"
781,095910,에스에너지,"전동기, 발전기 및 전기 변환 · 공급 · 제어 장치 제조업","14,282,895","7,141,447,500"
782,096040,이트론,기타 전문 도매업,"349,598,748","69,919,749,600"
783,096240,청담러닝,일반 교습 학원,"7,674,651","3,837,325,500"
784,096350,대창솔루션,"구조용 금속제품, 탱크 및 증기발생기 제조업","161,788,627","16,178,862,700"
785,096530,씨젠,의료용품 및 기타 의약 관련제품 제조업,"26,234,020","13,117,010,000"
786,096610,알에프세미,반도체 제조업,"8,857,881","4,428,940,500"
787,096630,에스코넥,통신 및 방송 장비 제조업,"65,265,724","13,053,144,800"
788,096640,멜파스,전자부품 제조업,"29,094,696","14,547,348,000"
789,096690,에이루트,컴퓨터 및 주변장치 제조업,"7,941,116","3,970,558,000"
790,096870,엘디티,반도체 제조업,"6,678,400","3,339,200,000"
791,097520,엠씨넥스,영상 및 음향기기 제조업,"17,863,482","8,931,741,000"
792,097780,에스맥,통신 및 방송 장비 제조업,"261,145,602","52,229,120,400"
793,097800,윈팩,반도체 제조업,"37,808,697","18,904,348,500"
794,097870,효성오앤비,"비료, 농약 및 살균, 살충제 제조업","8,490,000","4,245,000,000"
795,098120,마이크로컨텍솔,전자부품 제조업,"8,312,766","4,156,383,000"
796,098460,고영,특수 목적용 기계 제조업,"13,730,951","6,865,475,500"
797,098660,에스티오,봉제의복 제조업,"12,500,976","6,250,488,000"
798,099190,아이센스,의료용 기기 제조업,"13,737,238","6,868,619,000"
799,099220,SDN,기계장비 및 관련 물품 도매업,"48,178,714","24,089,357,000"
800,099320,쎄트렉아이,"항공기,우주선 및 부품 제조업","7,268,487","3,634,243,500"
801,099410,동방선기,선박 및 보트 건조업,"13,541,002","6,770,501,000"
802,099440,스맥,특수 목적용 기계 제조업,"29,512,118","14,756,059,000"
803,099520,ITX엠투엠,영상 및 음향기기 제조업,"29,187,677","14,593,838,500"
804,099750,이지케어텍,소프트웨어 개발 및 공급업,"6,386,000","3,193,000,000"
805,100030,모바일리더,소프트웨어 개발 및 공급업,"3,283,714","1,641,857,000"
806,100090,삼강엠앤티,1차 철강 제조업,"33,169,369","16,584,684,500"
807,100120,뷰웍스,의료용 기기 제조업,"10,001,865","5,000,932,500"
808,100130,동국S&C,"구조용 금속제품, 탱크 및 증기발생기 제조업","57,143,000","28,571,500,000"
809,100590,머큐리,통신 및 방송 장비 제조업,"14,763,600","7,381,800,000"
810,100660,서암기계공업,일반 목적용 기계 제조업,"12,600,000","6,300,000,000"
811,100700,세운메디칼,의료용품 및 기타 의약 관련제품 제조업,"43,800,000","4,380,000,000"
813,101000,상상인인더스트리,특수 목적용 기계 제조업,"63,320,603","31,660,301,500"
814,101160,월덱스,전자부품 제조업,"16,510,993","8,255,496,500"
815,101170,우림기계,일반 목적용 기계 제조업,"13,500,000","6,750,000,000"
816,101240,씨큐브,기초 화학물질 제조업,"10,138,184","5,069,092,000"
817,101330,모베이스,통신 및 방송 장비 제조업,"23,958,188","11,979,094,000"
818,101360,이엔드디,기타 화학제품 제조업,"9,353,300","4,676,650,000"
819,101390,아이엠,전자부품 제조업,"42,223,170","21,111,585,000"
820,101400,엔시트론,반도체 제조업,"27,696,580","13,848,290,000"
821,101490,에스앤에스텍,전자부품 제조업,"19,735,331","9,867,665,500"
822,101670,코리아에스이,"구조용 금속제품, 탱크 및 증기발생기 제조업","18,900,000","3,780,000,000"
823,101680,한국정밀기계,특수 목적용 기계 제조업,"8,404,000","4,202,000,000"
824,101730,조이맥스,소프트웨어 개발 및 공급업,"8,505,234","4,252,617,000"
825,101930,인화정공,선박 및 보트 건조업,"9,331,705","4,665,852,500"
826,102120,어보브반도체,반도체 제조업,"17,459,653","8,729,826,500"
827,102210,해덕파워웨이,선박 및 보트 건조업,"73,696,405","7,369,640,500"
828,102710,이엔에프테크놀로지,기타 화학제품 제조업,"14,257,836","7,128,918,000"
829,102940,코오롱생명과학,기초 의약물질 및 생물학적 제제 제조업,"11,412,356","5,706,178,000"
830,103230,에스앤더블류,일반 목적용 기계 제조업,"7,200,000","3,600,000,000"
831,103840,우양,"과실, 채소 가공 및 저장 처리업","12,858,000","1,285,800,000"
832,104040,대성파인텍,자동차 신품 부품 제조업,"31,301,281","3,130,128,100"
833,104200,NHN벅스,소프트웨어 개발 및 공급업,"14,827,550","7,413,775,000"
834,104460,디와이피엔에프,일반 목적용 기계 제조업,"10,713,625","5,356,812,500"
835,104480,티케이케미칼,화학섬유 제조업,"90,895,434","45,447,717,000"
836,104540,코렌텍,의료용 기기 제조업,"10,587,341","5,293,670,500"
837,104620,노랑풍선,여행사 및 기타 여행보조 서비스업,"4,765,650","2,382,825,000"
838,104830,원익머트리얼즈,기초 화학물질 제조업,"12,608,000","6,304,000,000"
839,105330,케이엔더블유,전자부품 제조업,"5,661,347","2,830,673,500"
840,105550,트루윈,전자부품 제조업,"12,046,059","6,023,029,500"
841,105740,디케이락,일반 목적용 기계 제조업,"8,449,912","4,224,956,000"
842,106080,하이소닉,전자부품 제조업,"14,765,297","14,765,297,000"
843,106190,하이텍팜,기타 전문 도매업,"7,088,782","3,544,391,000"
844,106240,파인테크닉스,통신 및 방송 장비 제조업,"42,843,380","21,421,690,000"
845,106520,디지탈옵틱,사진장비 및 광학기기 제조업,"92,686,503","46,343,251,500"
846,108230,톱텍,특수 목적용 기계 제조업,"38,023,245","19,147,956,000"
847,108320,실리콘웍스,반도체 제조업,"16,264,300","8,132,150,000"
848,108380,대양전기공업,선박 및 보트 건조업,"9,567,333","4,783,666,500"
849,108490,로보티즈,특수 목적용 기계 제조업,"11,251,000","5,625,500,000"
850,108860,셀바스AI,소프트웨어 개발 및 공급업,"22,055,945","11,027,972,500"
851,109080,옵티시스,통신 및 방송 장비 제조업,"5,636,000","2,818,000,000"
852,109610,에스와이,"구조용 금속제품, 탱크 및 증기발생기 제조업","25,031,482","12,515,741,000"
853,109740,디에스케이,특수 목적용 기계 제조업,"20,354,763","10,177,381,500"
854,109820,진매트릭스,자연과학 및 공학 연구개발업,"19,875,036","9,937,518,000"
855,109860,동일금속,금속 주조업,"7,000,000","3,500,000,000"
856,109960,에이프로젠 H&G,기타 전문 도매업,"178,695,217","89,347,608,500"
857,110020,전진바이오팜,기타 화학제품 제조업,"4,795,928","2,397,964,000"
858,110790,크리스에프앤씨,봉제의복 제조업,"11,715,480","11,715,480,000"
859,110990,디아이티,특수 목적용 기계 제조업,"18,900,000","1,890,000,000"
860,111710,남화산업,스포츠 서비스업,"20,588,000","4,117,600,000"
861,111820,지와이커머스,기타 정보 서비스업,"24,469,534","12,234,767,000"
862,111870,삼본전자,영상 및 음향기기 제조업,"70,555,601","35,277,800,500"
863,112040,위메이드,소프트웨어 개발 및 공급업,"16,800,000","8,680,000,000"
864,113810,디젠스,자동차 신품 부품 제조업,"32,628,051","16,314,025,500"
865,114120,크루셜텍,전자부품 제조업,"10,961,315","10,961,315,000"
866,114190,강원,"구조용 금속제품, 탱크 및 증기발생기 제조업","18,154,911","9,077,455,500"
867,114450,KPX생명과학,기초 의약물질 및 생물학적 제제 제조업,"15,000,000","7,500,000,000"
868,114570,지스마트글로벌,반도체 제조업,"11,339,394","5,669,697,000"
869,114630,우노앤컴퍼니,화학섬유 제조업,"13,573,965","6,886,982,500"
870,114810,아이원스,특수 목적용 기계 제조업,"13,415,919","6,707,959,500"
871,115160,휴맥스,영상 및 음향기기 제조업,"23,911,798","11,955,899,000"
872,115180,큐리언트,자연과학 및 공학 연구개발업,"8,625,566","4,312,783,000"
873,115310,인포바인,전기 통신업,"3,192,883","1,596,441,500"
874,115440,우리넷,통신 및 방송 장비 제조업,"9,136,944","4,568,472,000"
875,115450,지트리비앤티,기타 전문 도매업,"25,884,137","12,942,068,500"
876,115480,씨유메디칼,의료용 기기 제조업,"23,180,660","11,590,330,000"
877,115500,케이씨에스,"컴퓨터 프로그래밍, 시스템 통합 및 관리업","12,000,000","6,000,000,000"
878,115530,씨엔플러스,전자부품 제조업,"60,094,725","6,009,472,500"
879,115570,스타플렉스,플라스틱제품 제조업,"7,690,607","3,845,303,500"
880,115610,이미지스,반도체 제조업,"7,669,128","3,834,564,000"
881,115960,연우,플라스틱제품 제조업,"12,398,000","6,199,000,000"
882,117670,알파홀딩스,반도체 제조업,"19,067,579","9,533,789,500"
883,117730,티로보틱스,특수 목적용 기계 제조업,"5,579,429","2,789,714,500"
884,118990,모트렉스,자동차 신품 부품 제조업,"37,336,531","3,733,653,100"
885,119500,포메탈,기타 금속 가공제품 제조업,"11,847,232","6,012,340,000"
886,119610,인터로조,의료용 기기 제조업,"11,676,938","5,838,469,000"
887,119830,아이텍,"그외 기타 전문, 과학 및 기술 서비스업","11,054,582","5,527,291,000"
888,119850,지엔씨에너지,"전동기, 발전기 및 전기 변환 · 공급 · 제어 장치 제조업","16,295,828","8,428,349,000"
889,119860,다나와,소프트웨어 개발 및 공급업,"13,074,822","6,537,411,000"
890,120240,대정화금,기초 화학물질 제조업,"7,100,391","3,550,195,500"
891,121440,골프존뉴딘홀딩스,상품 중개업,"42,836,818","21,418,409,000"
892,121600,나노신소재,기타 화학제품 제조업,"10,848,333","5,424,166,500"
893,121800,비덴트,통신 및 방송 장비 제조업,"33,991,523","16,995,761,500"
894,121850,코이즈,플라스틱제품 제조업,"15,411,517","7,705,758,500"
895,121890,에스디시스템,전자부품 제조업,"9,047,578","4,523,789,000"
896,122310,제노레이,의료용 기기 제조업,"14,553,844","7,276,922,000"
897,122350,삼기오토모티브,자동차 신품 부품 제조업,"36,648,340","3,664,834,000"
898,122450,KMH,텔레비전 방송업,"22,667,982","11,434,247,500"
899,122640,예스티,특수 목적용 기계 제조업,"14,421,149","7,210,574,500"
900,122690,서진오토모티브,자동차 신품 부품 제조업,"19,541,246","9,770,623,000"
901,122870,와이지엔터테인먼트,오디오물 출판 및 원판 녹음업,"18,281,909","9,140,954,500"
902,122990,와이솔,전자부품 제조업,"28,171,941","14,085,970,500"
903,123010,아이에이네트웍스,전자부품 제조업,"40,245,144","4,024,514,400"
904,123040,엠에스오토텍,자동차 신품 부품 제조업,"34,284,846","17,142,423,000"
905,123330,제닉,기타 화학제품 제조업,"7,000,000","3,500,000,000"
906,123410,코리아에프티,자동차 신품 부품 제조업,"27,841,064","2,784,106,400"
907,123420,선데이토즈,소프트웨어 개발 및 공급업,"9,569,842","4,784,921,000"
908,123570,이엠넷,광고업,"22,276,078","11,138,039,000"
909,123750,알톤스포츠,그외 기타 운송장비 제조업,"12,746,297","6,373,148,500"
910,123840,한일진공,특수 목적용 기계 제조업,"64,305,977","6,430,597,700"
911,123860,아나패스,반도체 제조업,"10,127,700","5,063,850,000"
912,124500,아이티센,"컴퓨터 프로그래밍, 시스템 통합 및 관리업","19,907,333","9,953,666,500"
913,124560,태웅로직스,기타 운송관련 서비스업,"17,650,000","1,765,000,000"
914,125210,아모그린텍,전자부품 제조업,"16,496,790","8,248,395,000"
915,126600,코프라,합성고무 및 플라스틱 물질 제조업,"21,115,634","10,557,817,000"
916,126640,화신정공,자동차 신품 부품 제조업,"36,373,887","3,637,388,700"
917,126700,하이비젼시스템,사진장비 및 광학기기 제조업,"14,942,112","7,471,056,000"
918,126870,뉴로스,일반 목적용 기계 제조업,"24,305,785","12,152,892,500"
919,126880,제이엔케이히터,일반 목적용 기계 제조업,"22,823,225","11,411,612,500"
920,127120,디엔에이링크,자연과학 및 공학 연구개발업,"13,268,377","6,634,188,500"
921,127160,매직마이크로,전자부품 제조업,"64,669,972","6,466,997,200"
922,127710,아시아경제,"자료처리, 호스팅, 포털 및 기타 인터넷 정보매개 서비스업","25,508,734","12,754,367,000"
923,128540,에코캡,자동차 신품 부품 제조업,"14,558,800","1,455,880,000"
924,128660,피제이메탈,1차 비철금속 제조업,"24,803,369","12,401,684,500"
925,130500,GH신소재,기타 섬유제품 제조업,"11,000,000","5,500,000,000"
926,130580,나이스디앤비,기타 사업지원 서비스업,"15,400,000","7,700,000,000"
927,130740,티피씨글로벌,자동차 신품 부품 제조업,"10,324,479","5,162,239,500"
928,131030,디에이치피코리아,의약품 제조업,"16,564,797","8,282,398,500"
929,131090,시큐브,소프트웨어 개발 및 공급업,"40,000,000","4,000,000,000"
930,131100,스카이이앤엠,상품 종합 도매업,"29,269,084","2,926,908,400"
931,131180,딜리,컴퓨터 및 주변장치 제조업,"29,350,000","2,935,000,000"
932,131220,대한과학,기계장비 및 관련 물품 도매업,"7,454,490","3,727,245,000"
933,131290,티에스이,"측정, 시험, 항해, 제어 및 기타 정밀기기 제조업; 광학기기 제외","11,061,429","5,530,714,500"
934,131370,알서포트,소프트웨어 개발 및 공급업,"53,267,083","5,326,708,300"
935,131390,피앤이솔루션,"전동기, 발전기 및 전기 변환 · 공급 · 제어 장치 제조업","14,818,910","7,409,455,000"
936,131400,액트,전자부품 제조업,"22,891,045","11,445,522,500"
937,131760,파인텍,특수 목적용 기계 제조업,"42,924,063","21,462,031,500"
938,131970,테스나,"그외 기타 전문, 과학 및 기술 서비스업","7,424,141","3,712,070,500"
939,133750,메가엠디,일반 교습 학원,"23,097,077","11,548,538,500"
940,134060,이퓨쳐,"서적, 잡지 및 기타 인쇄물 출판업","4,769,250","2,384,625,000"
941,134580,디엠티,통신 및 방송 장비 제조업,"11,250,000","5,625,000,000"
942,136480,하림,"도축, 육류 가공 및 저장 처리업","106,209,702","53,104,851,000"
943,136510,쎄미시스코,특수 목적용 기계 제조업,"5,637,679","2,818,839,500"
944,136540,윈스,"컴퓨터 프로그래밍, 시스템 통합 및 관리업","12,149,063","6,074,531,500"
945,137400,피엔티,특수 목적용 기계 제조업,"21,715,464","10,857,732,000"
946,137940,넥스트아이,"측정, 시험, 항해, 제어 및 기타 정밀기기 제조업; 광학기기 제외","77,116,173","7,927,357,300"
947,137950,제이씨케미칼,기타 화학제품 제조업,"22,267,814","11,133,907,000"
948,138070,신진에스엠,기타 금속 가공제품 제조업,"8,972,183","4,486,091,500"
949,138080,오이솔루션,통신 및 방송 장비 제조업,"10,624,095","5,312,047,500"
950,138360,에이씨티,기타 화학제품 제조업,"23,361,984","11,680,992,000"
951,138580,비즈니스온,소프트웨어 개발 및 공급업,"9,544,940","4,772,470,000"
952,138610,나이벡,의료용품 및 기타 의약 관련제품 제조업,"9,902,979","4,951,489,500"
953,138690,엘아이에스,특수 목적용 기계 제조업,"16,026,971","8,013,485,500"
954,139050,데일리블록체인,"컴퓨터 프로그래밍, 시스템 통합 및 관리업","52,853,345","26,426,672,500"
955,139670,키네마스터,소프트웨어 개발 및 공급업,"13,546,307","6,773,153,500"
956,140070,서플러스글로벌,기계장비 및 관련 물품 도매업,"36,988,000","3,698,800,000"
957,140410,메지온,자연과학 및 공학 연구개발업,"8,705,952","4,352,976,000"
958,140520,대창스틸,1차 철강 제조업,"20,000,000","10,000,000,000"
959,140670,알에스오토메이션,전자부품 제조업,"9,103,140","4,551,570,000"
960,140860,파크시스템스,"측정, 시험, 항해, 제어 및 기타 정밀기기 제조업; 광학기기 제외","6,668,055","3,334,027,500"
961,141000,비아트론,특수 목적용 기계 제조업,"12,114,710","6,057,355,000"
962,141020,포티스,무점포 소매업,"174,440,126","87,220,063,000"
963,141070,맥스로텍,특수 목적용 기계 제조업,"31,621,050","15,810,525,000"
964,141080,레고켐바이오,자연과학 및 공학 연구개발업,"23,683,806","11,841,903,000"
965,142210,유니트론텍,자동차 부품 및 내장품 판매업,"11,851,631","5,925,815,500"
966,142280,녹십자엠에스,의료용품 및 기타 의약 관련제품 제조업,"21,117,283","10,558,641,500"
967,142760,바이오리더스,자연과학 및 공학 연구개발업,"19,185,525","9,592,762,500"
968,143160,아이디스,통신 및 방송 장비 제조업,"10,716,390","5,358,195,000"
969,143240,사람인에이치알,"자료처리, 호스팅, 포털 및 기타 인터넷 정보매개 서비스업","11,659,263","5,829,631,500"
970,143540,영우디에스피,특수 목적용 기계 제조업,"35,073,845","17,536,922,500"
971,144510,녹십자랩셀,"그외 기타 전문, 과학 및 기술 서비스업","10,554,054","5,277,027,000"
972,144960,뉴파워프라즈마,특수 목적용 기계 제조업,"41,351,685","4,135,168,500"
973,145020,휴젤,기초 의약물질 및 생물학적 제제 제조업,"12,670,135","6,385,067,500"
974,147760,마이크로프랜드,"측정, 시험, 항해, 제어 및 기타 정밀기기 제조업; 광학기기 제외","10,819,866","5,409,933,000"
975,147830,제룡산업,"구조용 금속제품, 탱크 및 증기발생기 제조업","10,000,000","5,000,000,000"
976,148140,비디아이,일반 목적용 기계 제조업,"16,880,626","8,440,313,000"
977,148150,세경하이테크,전자부품 제조업,"11,642,000","5,821,000,000"
978,148250,알엔투테크놀로지,전자부품 제조업,"7,037,317","3,518,658,500"
979,149950,아바텍,전자부품 제조업,"15,607,500","8,153,750,000"
980,149980,하이로닉,의료용 기기 제조업,"14,099,995","1,409,999,500"
981,150840,인트로메딕,의료용 기기 제조업,"26,995,804","13,497,902,000"
982,150900,파수,소프트웨어 개발 및 공급업,"10,100,905","5,050,452,500"
983,151860,KG ETS,폐기물 처리업,"36,000,000","20,051,860,000"
984,151910,나노스,전자부품 제조업,"148,625,347","14,862,534,700"
985,153460,네이블커뮤니케이션즈,소프트웨어 개발 및 공급업,"6,530,014","3,265,007,000"
986,153490,우리이앤엘,반도체 제조업,"49,900,000","24,950,000,000"
987,153710,옵티팜,의료용품 및 기타 의약 관련제품 제조업,"14,377,758","7,188,879,000"
988,154030,아시아종묘,작물 재배업,"9,530,732","4,765,366,000"
989,154040,솔루에타,전자부품 제조업,"12,980,146","6,490,073,000"
990,155650,와이엠씨,전자부품 제조업,"19,974,358","9,987,179,000"
991,156100,엘앤케이바이오,의료용 기기 제조업,"12,466,416","6,233,208,000"
992,158310,스타모빌리티,특수 목적용 기계 제조업,"12,071,642","6,035,821,000"
993,158430,아톤,소프트웨어 개발 및 공급업,"4,353,577","2,176,788,500"
994,159580,제로투세븐,생활용품 도매업,"20,032,636","10,016,318,000"
995,159910,스킨앤스킨,기타 화학제품 제조업,"139,052,735","13,905,273,500"
996,160550,NEW,"영화, 비디오물, 방송프로그램 제작 및 배급업","27,906,106","13,953,053,000"
997,160600,이큐셀,특수 목적용 기계 제조업,"60,136,203","30,068,101,500"
998,160980,싸이맥스,특수 목적용 기계 제조업,"10,924,243","5,462,121,500"
999,161570,THE MIDONG,영상 및 음향기기 제조업,"13,791,786","6,895,893,000"
1000,161580,필옵틱스,특수 목적용 기계 제조업,"18,860,101","9,430,050,500"
1001,164060,이루다,의료용 기기 제조업,"7,065,000","3,532,500,000"
1002,166090,하나머티리얼즈,반도체 제조업,"19,627,674","9,813,837,000"
1003,166480,코아스템,의약품 제조업,"15,717,440","7,858,720,000"
1004,168330,내츄럴엔도텍,자연과학 및 공학 연구개발업,"20,665,822","10,332,911,000"
1005,169330,마크로밀엠브레인,시장조사 및 여론조사업,"8,968,459","4,484,229,500"
1006,170030,현대공업,자동차 신품 부품 제조업,"15,340,000","7,670,000,000"
1007,170790,파이오링크,통신 및 방송 장비 제조업,"6,856,330","3,428,165,000"
1008,170920,엘티씨,기초 화학물질 제조업,"7,519,943","3,759,971,500"
1009,171010,램테크놀러지,기초 화학물질 제조업,"11,606,968","5,803,484,000"
1010,171090,선익시스템,특수 목적용 기계 제조업,"8,999,295","4,499,647,500"
1011,171120,라이온켐텍,기타 화학제품 제조업,"18,893,576","9,446,788,000"
1012,173130,오파스넷,"컴퓨터 프로그래밍, 시스템 통합 및 관리업","4,025,902","2,012,951,000"
1013,173940,에프엔씨엔터,창작 및 예술관련 서비스업,"14,364,880","7,182,440,000"
1014,174880,장원테크,통신 및 방송 장비 제조업,"41,707,444","4,170,744,400"
1015,174900,앱클론,의료용품 및 기타 의약 관련제품 제조업,"14,392,000","7,196,000,000"
1016,175140,인포마크,통신 및 방송 장비 제조업,"3,653,256","1,826,628,000"
1017,175250,아이큐어,의약품 제조업,"7,363,196","3,681,598,000"
1018,176440,에이치엔티,전자부품 제조업,"85,739,345","8,573,934,500"
1019,177350,베셀,특수 목적용 기계 제조업,"11,192,368","5,596,184,000"
1020,177830,파버나인,전자부품 제조업,"13,293,752","6,646,876,000"
1021,178320,서진시스템,통신 및 방송 장비 제조업,"18,100,666","9,050,333,000"
1022,178780,유테크,전자부품 제조업,"30,315,133","15,157,566,500"
1023,178920,PI첨단소재,플라스틱제품 제조업,"29,366,322","14,683,161,000"
1024,179290,엠아이텍,의료용 기기 제조업,"30,423,558","15,211,779,000"
1025,179900,유티아이,전자부품 제조업,"16,116,895","8,058,447,500"
1026,180400,캔서롭,기타 과학기술 서비스업,"23,078,062","11,539,031,000"
1027,181340,이즈미디어,"측정, 시험, 항해, 제어 및 기타 정밀기기 제조업; 광학기기 제외","7,077,100","3,538,550,000"
1028,182360,큐브엔터,오디오물 출판 및 원판 녹음업,"33,619,639","3,361,963,900"
1029,182400,엔케이맥스,기초 의약물질 및 생물학적 제제 제조업,"32,709,634","16,354,817,000"
1030,182690,테라셈,반도체 제조업,"21,163,148","10,581,574,000"
1031,183300,코미코,특수 목적용 기계 제조업,"8,775,000","4,387,500,000"
1032,183490,엔지켐생명과학,기초 의약물질 및 생물학적 제제 제조업,"8,224,508","4,112,254,000"
1033,184230,SGA솔루션즈,소프트웨어 개발 및 공급업,"36,676,033","3,667,603,300"
1034,185490,아이진,자연과학 및 공학 연구개발업,"11,488,555","5,744,277,500"
1035,186230,그린플러스,1차 비철금속 제조업,"4,833,871","2,416,935,500"
1036,187220,디티앤씨,기타 과학기술 서비스업,"10,951,507","5,475,753,500"
1037,187270,신화콘텍,"전동기, 발전기 및 전기 변환 · 공급 · 제어 장치 제조업","10,143,845","5,071,922,500"
1038,187420,제노포커스,기초 의약물질 및 생물학적 제제 제조업,"21,838,263","10,919,131,500"
1039,187790,나노,기초 화학물질 제조업,"25,797,855","12,898,927,500"
1040,187870,디바이스이엔지,특수 목적용 기계 제조업,"7,036,609","3,518,304,500"
1041,189300,인텔리안테크,통신 및 방송 장비 제조업,"7,561,338","3,780,669,000"
1042,189690,포시에스,소프트웨어 개발 및 공급업,"8,260,611","4,130,305,500"
1043,189860,서전기전,"전동기, 발전기 및 전기 변환 · 공급 · 제어 장치 제조업","9,698,780","4,849,390,000"
1044,189980,흥국에프엔비,비알코올음료 및 얼음 제조업,"36,706,455","3,670,645,500"
1045,190510,나무가,전자부품 제조업,"6,871,090","3,633,284,500"
1047,191410,육일씨엔에쓰,전자부품 제조업,"9,363,022","4,681,511,000"
1048,191420,테고사이언스,기초 의약물질 및 생물학적 제제 제조업,"8,085,634","4,042,817,000"
1049,192250,케이사인,소프트웨어 개발 및 공급업,"64,671,257","6,467,125,700"
1050,192390,윈하이텍,"구조용 금속제품, 탱크 및 증기발생기 제조업","10,656,896","5,328,448,000"
1051,192410,감마누,통신 및 방송 장비 제조업,"24,435,800","12,217,900,000"
1052,192440,슈피겐코리아,그외 기타 제품 제조업,"6,216,363","3,108,181,500"
1053,193250,와이제이엠게임즈,전자부품 제조업,"54,147,235","5,414,723,500"
1054,194480,데브시스터즈,소프트웨어 개발 및 공급업,"11,204,370","5,602,185,000"
1055,194510,파티게임즈,소프트웨어 개발 및 공급업,"24,488,350","12,244,175,000"
1056,194700,노바렉스,기타 식품 제조업,"9,003,740","4,501,870,000"
1057,195440,퓨전,소프트웨어 개발 및 공급업,"4,135,992","2,067,996,000"
1058,195500,마니커에프앤지,"도축, 육류 가공 및 저장 처리업","10,768,000","5,384,000,000"
1059,195990,에이비프로바이오,특수 목적용 기계 제조업,"227,860,821","113,930,410,500"
1060,196170,알테오젠,자연과학 및 공학 연구개발업,"13,995,950","6,997,975,000"
1061,196300,애니젠,기초 의약물질 및 생물학적 제제 제조업,"5,016,165","2,508,082,500"
1062,196450,디오스텍,사진장비 및 광학기기 제조업,"144,000,969","28,800,193,800"
1063,196490,디에이테크놀로지,특수 목적용 기계 제조업,"72,864,242","36,432,121,000"
1064,196700,웹스,합성고무 및 플라스틱 물질 제조업,"13,698,476","6,849,238,000"
1065,197140,디지캡,소프트웨어 개발 및 공급업,"7,409,323","3,704,661,500"
1066,198080,엔피디,전자부품 제조업,"21,535,185","10,767,592,500"
1067,198440,고려시멘트,"시멘트, 석회, 플라스터 및 그 제품 제조업","31,979,960","3,197,996,000"
1068,200130,콜마비앤에이치,기초 의약물질 및 생물학적 제제 제조업,"29,543,558","14,771,779,000"
1069,200230,텔콘RF제약,통신 및 방송 장비 제조업,"85,377,382","8,537,738,200"
1070,200470,에이팩트,"그외 기타 전문, 과학 및 기술 서비스업","17,553,680","8,776,840,000"
1071,200670,휴메딕스,의약품 제조업,"9,971,194","4,985,597,000"
1072,200710,에이디테크놀로지,반도체 제조업,"12,469,301","6,529,409,000"
1073,200780,비씨월드제약,의약품 제조업,"8,892,384","1,778,476,800"
1074,201490,미투온,소프트웨어 개발 및 공급업,"31,257,770","15,628,885,000"
1075,203450,유니온커뮤니티,통신 및 방송 장비 제조업,"14,679,007","7,339,503,500"
1076,203650,드림시큐리티,소프트웨어 개발 및 공급업,"50,605,754","5,060,575,400"
1077,203690,프로스테믹스,기초 의약물질 및 생물학적 제제 제조업,"45,756,948","4,575,694,800"
1078,204020,그리티,봉제의복 제조업,"20,147,430","10,393,049,000"
1079,204270,제이앤티씨,전자부품 제조업,"57,848,466","28,924,233,000"
1081,204630,플리트 엔터테인먼트,창작 및 예술관련 서비스업,"28,934,241","2,893,424,100"
1082,204840,지엘팜텍,자연과학 및 공학 연구개발업,"44,684,323","4,468,432,300"
1083,204990,코썬바이오,기타 식품 제조업,"31,942,923","15,971,461,500"
1084,205100,엑셈,소프트웨어 개발 및 공급업,"33,882,273","3,388,227,300"
1085,205470,휴마시스,의료용품 및 기타 의약 관련제품 제조업,"34,223,815","3,422,381,500"
1086,205500,액션스퀘어,소프트웨어 개발 및 공급업,"41,332,645","20,666,322,500"
1087,206400,엔터메이트,소프트웨어 개발 및 공급업,"83,314,615","8,331,461,500"
1088,206560,덱스터,"영화, 비디오물, 방송프로그램 제작 및 배급업","25,348,136","12,674,068,000"
1089,206640,바디텍메드,의료용품 및 기타 의약 관련제품 제조업,"23,477,551","23,477,551,000"
1090,206650,유바이오로직스,의약품 제조업,"27,841,501","13,920,750,500"
1091,207760,미스터블루,기타 정보 서비스업,"24,515,004","2,451,500,400"
1092,208140,정다운,"도축, 육류 가공 및 저장 처리업","20,529,824","2,052,982,400"
1093,208340,파멥신,의약품 제조업,"13,874,185","6,937,092,500"
1094,208350,지란지교시큐리티,소프트웨어 개발 및 공급업,"7,774,533","3,887,266,500"
1095,208370,셀바스헬스케어,의료용 기기 제조업,"21,680,564","10,840,282,000"
1096,208640,썸에이지,소프트웨어 개발 및 공급업,"124,921,731","12,492,173,100"
1097,208710,바이오로그디바이스,전자부품 제조업,"28,870,357","2,887,035,700"
1098,208860,엔지스테크널러지,소프트웨어 개발 및 공급업,"10,046,564","5,023,282,000"
1099,211270,AP위성,통신 및 방송 장비 제조업,"15,014,804","7,507,402,000"
1100,212560,네오오토,자동차 신품 부품 제조업,"7,874,963","3,937,481,500"
1101,213090,미래테크놀로지,소프트웨어 개발 및 공급업,"6,120,788","3,060,394,000"
1102,213420,덕산네오룩스,전자부품 제조업,"24,010,012","4,802,002,400"
1103,214150,클래시스,의료용 기기 제조업,"64,709,168","6,470,916,800"
1104,214180,민앤지,기타 정보 서비스업,"12,362,476","6,341,238,000"
1105,214260,라파스,기타 화학제품 제조업,"8,389,416","4,194,708,000"
1106,214270,퓨쳐스트림네트웍스,소프트웨어 개발 및 공급업,"100,876,216","10,087,621,600"
1107,214310,세미콘라이트,반도체 제조업,"26,632,293","13,316,146,500"
1108,214370,케어젠,기초 의약물질 및 생물학적 제제 제조업,"10,743,000","5,371,500,000"
1109,214430,아이쓰리시스템,전자부품 제조업,"7,106,760","3,580,660,000"
1110,214450,파마리서치프로덕트,생활용품 도매업,"9,627,643","4,813,821,500"
1111,214680,디알텍,의료용 기기 제조업,"51,782,343","5,178,234,300"
1112,214870,뉴지랩,통신 및 방송 장비 제조업,"26,259,398","13,129,699,000"
1113,215000,골프존,소프트웨어 개발 및 공급업,"6,275,415","3,137,707,500"
1114,215090,이디티,"측정, 시험, 항해, 제어 및 기타 정밀기기 제조업; 광학기기 제외","26,144,727","2,614,472,700"
1115,215100,로보로보,기타 전기장비 제조업,"17,798,454","1,779,845,400"
1116,215200,메가스터디교육,일반 교습 학원,"11,821,880","1,182,188,000"
1117,215360,우리산업,자동차 신품 부품 제조업,"9,132,163","4,566,081,500"
1118,215380,우정바이오,자연과학 및 공학 연구개발업,"11,222,940","5,611,470,000"
1119,215480,토박스코리아,"섬유, 의복, 신발 및 가죽제품 소매업","40,924,427","4,092,442,700"
1120,215600,신라젠,자연과학 및 공학 연구개발업,"71,617,125","35,808,562,500"
1121,215790,이노인스트루먼트,통신 및 방송 장비 제조업,"40,283,149","20,141,574,500"
1122,216050,인크로스,광고업,"8,056,777","4,028,388,500"
1123,216080,제테마,의료용품 및 기타 의약 관련제품 제조업,"17,497,552","8,748,776,000"
1124,217190,제너셈,특수 목적용 기계 제조업,"8,769,174","4,384,587,000"
1125,217270,넵튠,소프트웨어 개발 및 공급업,"23,370,146","11,685,073,000"
1126,217330,싸이토젠,자연과학 및 공학 연구개발업,"5,633,864","2,816,932,000"
1127,217480,에스디생명공학,기타 화학제품 제조업,"22,415,066","11,207,533,000"
1128,217500,러셀,특수 목적용 기계 제조업,"31,812,000","3,181,200,000"
1129,217600,켐온,자연과학 및 공학 연구개발업,"63,861,340","6,386,134,000"
1130,217620,디딤,음식점업,"37,001,905","3,700,190,500"
1131,217730,강스템바이오텍,기초 의약물질 및 생물학적 제제 제조업,"20,979,437","10,489,718,500"
1132,217820,엔에스,특수 목적용 기계 제조업,"9,800,000","4,900,000,000"
1133,218150,미래생명자원,동물용 사료 및 조제식품 제조업,"18,671,428","1,867,142,800"
1134,218410,RFHIC,통신 및 방송 장비 제조업,"23,847,620","11,923,810,000"
1135,219130,타이거일렉,전자부품 제조업,"6,314,290","3,157,145,000"
1136,219420,링크제니시스,소프트웨어 개발 및 공급업,"10,000,000","1,000,000,000"
1137,219550,MP한강,생활용품 도매업,"57,370,063","5,737,006,300"
1138,219750,지티지웰니스,의료용 기기 제조업,"13,146,971","6,573,485,500"
1139,220100,퓨쳐켐,의약품 제조업,"5,812,686","2,906,343,000"
1140,220180,핸디소프트,소프트웨어 개발 및 공급업,"19,400,000","9,700,000,000"
1141,220260,켐트로스,기타 화학제품 제조업,"26,323,057","2,632,305,700"
1142,220630,해마로푸드서비스,음·식료품 및 담배 도매업,"101,817,531","10,181,753,100"
1143,221610,자안,기타 화학제품 제조업,"141,278,275","14,127,827,500"
1144,221840,하이즈항공,"항공기,우주선 및 부품 제조업","17,696,167","8,848,083,500"
1145,221980,케이디켐,기타 화학제품 제조업,"4,034,800","2,017,400,000"
1146,222040,코스맥스엔비티,기타 식품 제조업,"20,628,000","10,314,000,000"
1147,222080,씨아이에스,특수 목적용 기계 제조업,"56,331,586","5,633,158,600"
1148,222110,팬젠,의약품 제조업,"9,641,781","4,820,890,500"
1149,222420,쎄노텍,기타 비금속 광물제품 제조업,"40,158,175","4,015,817,500"
1150,222800,심텍,전자부품 제조업,"31,854,143","15,927,071,500"
1151,222810,한류AI센터,소프트웨어 개발 및 공급업,"63,983,949","6,398,394,900"
1152,222980,한국맥널티,기타 식품 제조업,"10,300,877","5,150,438,500"
1153,223250,드림씨아이에스,자연과학 및 공학 연구개발업,"5,565,870","2,782,935,000"
1154,223310,경남제약헬스케어,소프트웨어 개발 및 공급업,"11,396,461","1,139,646,100"
1155,224060,코디엠,특수 목적용 기계 제조업,"210,602,198","21,060,219,800"
1156,224110,에이텍티앤,통신 및 방송 장비 제조업,"5,340,000","2,670,000,000"
1157,225190,삼양옵틱스,사진장비 및 광학기기 제조업,"10,090,000","5,045,000,000"
1158,225220,제놀루션,기초 의약물질 및 생물학적 제제 제조업,"4,703,590","2,351,795,000"
1159,225330,씨엠에스에듀,일반 교습 학원,"18,634,628","9,476,384,000"
1160,225430,케이엠제약,기타 화학제품 제조업,"21,387,050","2,138,705,000"
1161,225530,보광산업,기타 비금속 광물제품 제조업,"36,110,833","18,055,416,500"
1162,225570,넷게임즈,소프트웨어 개발 및 공급업,"28,838,832","14,419,416,000"
1163,225590,패션플랫폼,봉제의복 제조업,"26,636,713","2,663,671,300"
1164,226330,신테카바이오,소프트웨어 개발 및 공급업,"13,242,016","6,621,008,000"
1165,226340,본느,기타 화학제품 제조업,"30,699,596","3,069,959,600"
1166,226350,아이엠텍,전자부품 제조업,"43,543,747","21,771,873,500"
1167,226360,이엑스티,토목 건설업,"45,216,072","4,521,607,200"
1168,226400,오스테오닉,의료용 기기 제조업,"12,617,051","6,308,525,500"
1169,226440,한송네오텍,특수 목적용 기계 제조업,"43,459,818","4,345,981,800"
1170,226950,올릭스,자연과학 및 공학 연구개발업,"6,568,921","3,284,460,500"
1171,227100,디자인,"전동기, 발전기 및 전기 변환 · 공급 · 제어 장치 제조업","3,226,025","1,613,012,500"
1172,227610,아우딘퓨쳐스,기타 화학제품 제조업,"10,000,000","5,000,000,000"
1173,227950,마이크로텍,특수 목적용 기계 제조업,"39,896,331","3,989,633,100"
1174,228340,동양파일,"시멘트, 석회, 플라스터 및 그 제품 제조업","20,000,000","10,000,000,000"
1175,228670,레이,의료용 기기 제조업,"6,653,267","3,326,633,500"
1176,228760,지노믹트리,의료용품 및 기타 의약 관련제품 제조업,"19,986,215","9,993,107,500"
1177,228850,레이언스,의료용 기기 제조업,"16,591,014","8,295,507,000"
1178,229000,젠큐릭스,의료용품 및 기타 의약 관련제품 제조업,"6,276,726","3,138,363,000"
1179,230240,에치에프알,통신 및 방송 장비 제조업,"11,982,020","5,991,010,000"
1180,230360,에코마케팅,광고업,"16,198,937","1,619,893,700"
1181,230980,솔트웍스,소프트웨어 개발 및 공급업,"14,936,172","1,493,617,200"
1182,232140,와이아이케이,특수 목적용 기계 제조업,"64,256,976","6,425,697,600"
1183,234100,세원,자동차 신품 부품 제조업,"23,881,316","2,388,131,600"
1184,234300,에스트래픽,"컴퓨터 프로그래밍, 시스템 통합 및 관리업","11,921,180","5,960,590,000"
1185,234340,세틀뱅크,기타 정보 서비스업,"9,267,000","4,633,500,000"
1186,234690,녹십자웰빙,의약품 제조업,"17,752,276","8,876,138,000"
1187,234920,자이글,가정용 기기 제조업,"13,530,910","6,765,455,000"
1188,235980,메드팩토,자연과학 및 공학 연구개발업,"20,334,842","10,167,421,000"
1189,236200,슈프리마,통신 및 방송 장비 제조업,"7,193,273","3,596,636,500"
1190,237690,에스티팜,의약품 제조업,"18,656,000","9,328,000,000"
1191,237750,피앤씨테크,"전동기, 발전기 및 전기 변환 · 공급 · 제어 장치 제조업","6,496,600","3,248,300,000"
1192,237820,플레이디,광고업,"12,827,140","6,413,570,000"
1193,237880,클리오,기타 화학제품 제조업,"17,150,088","8,575,044,000"
1194,238090,앤디포스,플라스틱제품 제조업,"51,508,951","10,301,790,200"
1195,238120,로고스바이오,사진장비 및 광학기기 제조업,"3,594,724","1,797,362,000"
1196,238200,비피도,기타 식품 제조업,"4,090,000","2,045,000,000"
1197,238490,힘스,특수 목적용 기계 제조업,"11,312,236","5,656,118,000"
1198,239340,줌인터넷,"자료처리, 호스팅, 포털 및 기타 인터넷 정보매개 서비스업","26,881,862","2,688,186,200"
1199,239610,에이치엘사이언스,기타 식품 제조업,"5,142,148","2,571,074,000"
1200,240810,원익IPS,특수 목적용 기계 제조업,"49,083,901","24,541,950,500"
1201,241520,DSC인베스트먼트,신탁업 및 집합투자업,"18,219,383","9,109,691,500"
1202,241690,유니테크노,자동차 신품 부품 제조업,"11,927,520","5,963,760,000"
1203,241710,코스메카코리아,기타 화학제품 제조업,"10,680,000","5,340,000,000"
1204,241770,메카로,기타 화학제품 제조업,"10,102,240","5,301,120,000"
1205,241790,오션브릿지,특수 목적용 기계 제조업,"10,002,634","5,001,317,000"
1206,241820,피씨엘,의료용품 및 기타 의약 관련제품 제조업,"9,539,697","4,769,848,500"
1207,241840,에이스토리,"영화, 비디오물, 방송프로그램 제작 및 배급업","9,318,240","4,659,120,000"
1208,242040,나무기술,소프트웨어 개발 및 공급업,"32,145,466","3,214,546,600"
1209,243070,휴온스,의약품 제조업,"9,880,744","4,940,372,000"
1210,243840,신흥에스이씨,일차전지 및 축전지 제조업,"6,768,526","16,921,315,000"
1211,244460,올리패스,기초 의약물질 및 생물학적 제제 제조업,"15,969,001","7,984,500,500"
1212,245620,EDGC,자연과학 및 공학 연구개발업,"38,565,361","3,856,536,100"
1213,246690,TS인베스트먼트,신탁업 및 집합투자업,"23,449,039","11,724,519,500"
1214,246710,티앤알바이오팹,기초 의약물질 및 생물학적 제제 제조업,"8,381,640","4,190,820,000"
1215,246720,아스타,의료용품 및 기타 의약 관련제품 제조업,"11,482,523","5,741,261,500"
1216,246960,이노테라피,의료용품 및 기타 의약 관련제품 제조업,"5,044,184","2,522,092,000"
1217,247540,에코프로비엠,일차전지 및 축전지 제조업,"20,964,166","10,482,083,000"
1218,250000,보라티알,음·식료품 및 담배 도매업,"6,750,733","3,375,366,500"
1219,250060,모비스,"컴퓨터 프로그래밍, 시스템 통합 및 관리업","32,171,314","3,217,131,400"
1220,250930,예선테크,플라스틱제품 제조업,"33,000,440","3,300,044,000"
1221,251370,와이엠티,기초 화학물질 제조업,"7,405,200","3,702,600,000"
1222,251630,브이원텍,특수 목적용 기계 제조업,"15,050,580","7,525,290,000"
1223,251970,펌텍코리아,플라스틱제품 제조업,"12,400,000","6,200,000,000"
1224,252500,세화피앤씨,기타 화학제품 제조업,"20,743,195","2,074,319,500"
1225,253450,스튜디오드래곤,"영화, 비디오물, 방송프로그램 제작 및 배급업","28,096,370","14,048,185,000"
1226,253590,네오셈,특수 목적용 기계 제조업,"37,536,388","3,753,638,800"
1227,253840,수젠텍,의료용품 및 기타 의약 관련제품 제조업,"13,665,146","6,832,573,000"
1228,254120,자비스,특수 목적용 기계 제조업,"20,303,476","2,030,347,600"
1229,255220,SG,기타 비금속 광물제품 제조업,"36,720,027","3,672,002,700"
1230,255440,야스,특수 목적용 기계 제조업,"13,058,000","6,569,000,000"
1231,256150,한독크린텍,일반 목적용 기계 제조업,"4,091,000","2,045,500,000"
1232,256630,포인트엔지니어링,기타 금속 가공제품 제조업,"56,486,562","5,648,656,200"
1233,256840,한국비엔씨,기초 의약물질 및 생물학적 제제 제조업,"51,060,048","5,106,004,800"
1234,256940,케이피에스,특수 목적용 기계 제조업,"15,213,588","7,606,794,000"
1235,257370,명성티엔에스,특수 목적용 기계 제조업,"6,370,000","3,185,000,000"
1236,258610,이더블유케이,"구조용 금속제품, 탱크 및 증기발생기 제조업","11,734,799","5,867,399,500"
1237,258790,소프트캠프,소프트웨어 개발 및 공급업,"24,991,284","2,499,128,400"
1238,258830,세종메디칼,의료용 기기 제조업,"6,777,741","3,388,870,500"
1239,259630,엠플러스,특수 목적용 기계 제조업,"5,183,713","2,591,856,500"
1240,260660,알리코제약,의료용품 및 기타 의약 관련제품 제조업,"9,821,575","4,910,787,500"
1241,260930,씨티케이코스메틱스,기타 화학제품 제조업,"10,122,151","5,061,075,500"
1242,261200,덴티스,의료용 기기 제조업,"72,949,453","7,294,945,300"
1243,262260,에이프로,기타 전기장비 제조업,"6,880,626","3,440,313,000"
1244,263020,디케이앤디,플라스틱제품 제조업,"7,763,202","3,881,601,000"
1245,263050,유틸렉스,기초 의약물질 및 생물학적 제제 제조업,"14,920,468","7,460,234,000"
1246,263540,샘코,"항공기,우주선 및 부품 제조업","10,612,945","5,306,472,500"
1247,263600,덕우전자,전자부품 제조업,"15,930,310","8,037,610,500"
1248,263690,디알젬,의료용 기기 제조업,"11,325,610","5,662,805,000"
1249,263700,케어랩스,소프트웨어 개발 및 공급업,"16,618,280","8,309,140,000"
1250,263720,디앤씨미디어,"서적, 잡지 및 기타 인쇄물 출판업","12,275,111","6,137,555,500"
1251,263750,펄어비스,소프트웨어 개발 및 공급업,"13,079,850","6,539,925,000"
1252,263770,유에스티,1차 철강 제조업,"23,700,172","2,370,017,200"
1253,263800,데이타솔루션,기계장비 및 관련 물품 도매업,"15,808,580","7,904,290,000"
1254,263810,상신전자,전자부품 제조업,"14,244,718","7,122,359,000"
1255,263860,지니언스,소프트웨어 개발 및 공급업,"9,444,600","4,722,300,000"
1256,263920,블러썸엠앤씨,그외 기타 제품 제조업,"13,723,172","6,861,586,000"
1257,264450,유비쿼스,통신 및 방송 장비 제조업,"5,123,955","2,561,977,500"
1258,264660,씨앤지하이테크,특수 목적용 기계 제조업,"8,405,480","4,202,740,000"
1259,264850,이랜시스,전자부품 제조업,"28,751,812","2,875,181,200"
1260,265520,AP시스템,특수 목적용 기계 제조업,"14,480,227","7,240,113,500"
1261,265560,영화테크,자동차 신품 부품 제조업,"5,345,090","2,672,545,000"
1262,267320,나인테크,특수 목적용 기계 제조업,"37,126,554","3,712,655,400"
1263,267790,배럴,봉제의복 제조업,"7,885,500","3,942,750,000"
1264,267980,매일유업,낙농제품 및 식용빙과류 제조업,"7,843,638","3,921,819,000"
1265,268600,셀리버리,자연과학 및 공학 연구개발업,"8,157,107","4,078,553,500"
1266,269620,시스웍,"측정, 시험, 항해, 제어 및 기타 정밀기기 제조업; 광학기기 제외","18,000,000","1,800,000,000"
1267,270520,지엔원에너지,"건축기술, 엔지니어링 및 관련 기술 서비스업","29,384,815","2,938,481,500"
1268,270870,뉴트리,기타 식품 제조업,"9,072,724","4,536,362,000"
1269,272110,케이엔제이,특수 목적용 기계 제조업,"6,305,432","3,152,716,000"
1270,272290,이녹스첨단소재,전자부품 제조업,"9,502,493","4,751,246,500"
1271,273060,와이즈버즈,광고업,"47,239,312","4,723,931,200"
1272,274090,켄코아에어로스페이스,"항공기,우주선 및 부품 제조업","9,009,832","4,504,916,000"
1273,275630,에스에스알,소프트웨어 개발 및 공급업,"5,794,561","2,897,280,500"
1274,277070,린드먼아시아,신탁업 및 집합투자업,"13,500,000","6,750,000,000"
1275,277410,인산가,기타 식품 제조업,"26,507,851","2,650,785,100"
1277,277880,티에스아이,특수 목적용 기계 제조업,"9,267,115","4,633,557,500"
1278,278280,천보,기초 화학물질 제조업,"10,000,000","5,000,000,000"
1279,278650,노터스,자연과학 및 공학 연구개발업,"7,604,368","760,436,800"
1280,279600,미디어젠,소프트웨어 개발 및 공급업,"4,638,281","2,319,140,500"
1281,281740,레이크머티리얼즈,기타 화학제품 제조업,"65,730,548","6,573,054,800"
1282,282880,코윈테크,특수 목적용 기계 제조업,"9,251,492","4,625,746,000"
1283,284620,카이노스메드,자연과학 및 공학 연구개발업,"104,017,683","10,401,768,300"
1284,285490,노바텍,그외 기타 제품 제조업,"5,016,338","2,508,169,000"
1285,286750,나노브릭,기초 화학물질 제조업,"4,560,103","4,560,103,000"
1287,288330,브릿지바이오,기초 의약물질 및 생물학적 제제 제조업,"6,387,058","3,193,529,000"
1288,288620,에스퓨얼셀,"전동기, 발전기 및 전기 변환 · 공급 · 제어 장치 제조업","5,744,316","2,872,158,000"
1289,289010,아이스크림에듀,"서적, 잡지 및 기타 인쇄물 출판업","12,864,037","6,432,018,500"
1291,290120,대유에이피,자동차 신품 부품 제조업,"10,884,000","5,442,000,000"
1292,290270,휴네시온,소프트웨어 개발 및 공급업,"9,607,672","4,803,836,000"
1293,290380,대유,"비료, 농약 및 살균, 살충제 제조업","9,052,400","4,526,200,000"
1294,290510,코리아센터,소프트웨어 개발 및 공급업,"24,031,048","2,450,024,800"
1295,290520,신도기연,특수 목적용 기계 제조업,"8,061,280","4,030,640,000"
1296,290550,디케이티,전자부품 제조업,"8,231,333","4,115,666,500"
1297,290650,엘앤씨바이오,의약품 제조업,"7,292,336","3,692,166,000"
1298,290660,네오펙트,의료용 기기 제조업,"12,223,746","6,111,873,000"
1299,290670,대보마그네틱,기타 전기장비 제조업,"6,868,216","3,434,108,000"
1300,290720,푸드나무,무점포 소매업,"6,806,034","3,403,017,000"
1301,290740,액트로,전자부품 제조업,"10,065,011","5,032,505,500"
1305,293780,압타바이오,자연과학 및 공학 연구개발업,"11,016,233","5,508,116,500"
1306,294140,레몬,화학섬유 제조업,"34,500,000","17,250,000,000"
1307,294630,서남,기타 전기장비 제조업,"20,365,160","10,182,580,000"
1308,297090,씨에스베어링,일반 목적용 기계 제조업,"9,461,400","4,730,700,000"
1309,297570,알로이스,통신 및 방송 장비 제조업,"17,329,414","1,732,941,400"
1310,297890,엘이티,특수 목적용 기계 제조업,"7,109,450","3,554,725,000"
1311,298060,에스씨엠생명과학,의약품 제조업,"11,774,313","5,887,156,500"
1312,298380,에이비엘바이오,기초 의약물질 및 생물학적 제제 제조업,"46,246,225","23,123,112,500"
1313,298540,더네이쳐홀딩스,"섬유, 의복, 신발 및 가죽제품 소매업","7,182,381","3,591,190,500"
1315,299660,셀리드,자연과학 및 공학 연구개발업,"9,648,692","4,824,346,000"
1316,299900,위지윅스튜디오,"영화, 비디오물, 방송프로그램 제작 및 배급업","30,684,491","15,342,245,500"
1317,299910,베스파,소프트웨어 개발 및 공급업,"8,071,688","4,035,844,000"
1318,300080,플리토,"자료처리, 호스팅, 포털 및 기타 인터넷 정보매개 서비스업","5,209,811","2,604,905,500"
1319,300120,라온피플,소프트웨어 개발 및 공급업,"10,328,456","5,164,228,000"
1320,302430,이노메트리,특수 목적용 기계 제조업,"9,650,216","4,825,108,000"
1321,302550,리메드,의료용 기기 제조업,"6,088,916","3,044,458,000"
1322,303030,지니틱스,반도체 제조업,"35,401,608","3,540,160,800"
1323,304100,솔트룩스,소프트웨어 개발 및 공급업,"5,067,215","2,533,607,500"
1324,305090,마이크로디지탈,의료용 기기 제조업,"7,261,600","3,630,800,000"
1325,306040,에스제이그룹,"가죽, 가방 및 유사제품 제조업","9,865,828","4,932,914,000"
1326,306620,네온테크,특수 목적용 기계 제조업,"37,089,160","3,708,916,000"
1329,307180,아이엘사이언스,전구 및 조명장치 제조업,"20,997,273","2,099,727,300"
1334,308100,까스텔바작,"섬유, 의복, 신발 및 가죽제품 소매업","6,596,700","3,298,350,000"
1336,310200,애니플러스,"영화, 비디오물, 방송프로그램 제작 및 배급업","27,917,439","2,791,743,900"
1340,311390,네오크레마,기타 식품 제조업,"7,303,995","3,651,997,500"
1341,311690,천랩,자연과학 및 공학 연구개발업,"3,871,448","1,935,724,000"
1342,312610,에이에프더블류,일차전지 및 축전지 제조업,"10,128,444","5,064,222,000"
1344,313760,윌링스,"전동기, 발전기 및 전기 변환 · 공급 · 제어 장치 제조업","4,862,000","2,431,000,000"
1346,317120,라닉스,반도체 제조업,"9,435,500","4,794,670,000"
1349,317330,덕산테코피아,기타 화학제품 제조업,"18,377,428","9,188,714,000"
1350,317530,캐리소프트,"영화, 비디오물, 방송프로그램 제작 및 배급업","6,761,196","3,380,598,000"
1351,317770,슈프리마아이디,전자부품 제조업,"3,032,020","1,516,010,000"
1352,317830,에스피시스템스,특수 목적용 기계 제조업,"8,145,700","814,570,000"
1353,317850,대모,특수 목적용 기계 제조업,"8,324,420","4,162,210,000"
1354,317870,엔바이오니아,그외 기타 제품 제조업,"7,485,555","3,742,777,500"
1355,318000,한국바이오젠,합성고무 및 플라스틱 물질 제조업,"8,129,825","1,625,965,000"
1356,318010,팜스빌,기타 식품 제조업,"7,929,338","3,964,669,000"
1358,319660,피에스케이,특수 목적용 기계 제조업,"14,765,020","7,382,510,000"
1359,320000,윈텍,특수 목적용 기계 제조업,"17,900,148","1,790,014,800"
1361,321550,티움바이오,자연과학 및 공학 연구개발업,"23,471,826","11,735,913,000"
1362,322180,티라유텍,소프트웨어 개발 및 공급업,"5,433,750","543,375,000"
1363,322510,제이엘케이,소프트웨어 개발 및 공급업,"15,014,737","1,501,473,700"
1369,327260,메탈라이프,전자부품 제조업,"3,596,588","1,798,294,000"
1372,330350,위더스제약,의약품 제조업,"8,792,415","1,758,483,000"
1377,332570,와이팜,전자부품 제조업,"37,141,356","18,570,678,000"
1396,347890,엠투아이,"측정, 시험, 항해, 제어 및 기타 정밀기기 제조업; 광학기기 제외","8,399,102","839,910,200"
1402,353810,이지바이오,동물용 사료 및 조제식품 제조업,"2,286,728","1,143,364,000"
1403,357780,솔브레인,기타 화학제품 제조업,"7,778,566","3,889,283,000"
1406,900100,뉴프라이드,자동차 부품 및 내장품 판매업,"103,434,628","310,304"
1417,950110,SBI핀테크솔루션즈,소프트웨어 개발 및 공급업,"24,656,540",0
1418,950130,엑세스바이오,의료용품 및 기타 의약 관련제품 제조업,"33,577,659",0
1419,950140,잉글우드랩,기타 화학제품 제조업,"19,867,866",0
1420,950160,코오롱티슈진,기초 의약물질 및 생물학적 제제 제조업,"61,117,550",0
1421,950170,JTC,종합 소매업,"35,005,517",0
1422,950180,SNK,소프트웨어 개발 및 공급업,"21,061,800",0
1423,950200,소마젠,"그외 기타 전문, 과학 및 기술 서비스업","16,861,261",0
