CODE,NAME,SECT.,STOCK NO.,CAPT.,PRICE,PER,EPS,E_PER,E_EPS,PBR,BPS,ITR
20,동화약품,의약품 제조업,"27,931,470","27,931,470,000",29350,83.38,352,N/A,N/A,2.71,10848,0.41
40,KR모터스,그외 기타 운송장비 제조업,"91,661,018","45,830,509,000",744,N/A,-761,N/A,N/A,1.91,390,N/A
50,경방,종합 소매업,"27,415,270","13,707,635,000",11700,8.69,1346,N/A,N/A,0.42,28062,1.07
80,하이트진로,알코올음료 제조업,"70,133,611","368,818,745,000",44300,642.03,69,31,1431,3.03,14614,1.58
100,유한양행,의약품 제조업,"66,856,810","68,037,750,000",66800,32.41,2061,23,2902,2.41,27766,0.57
120,CJ대한통운,도로 화물 운송업,"22,812,344","114,061,720,000",150500,48.69,3091,39,3896,0.9,166903,N/A
150,두산,회사 본부 및 경영 컨설팅 서비스업,"16,523,835","123,738,105,000",44400,4.19,10600,N/A,N/A,0.55,80486,11.71
180,성창기업지주,회사 본부 및 경영 컨설팅 서비스업,"69,751,600","36,000,000,000",1660,N/A,-119,N/A,N/A,0.21,8078,N/A
210,대림산업,토목 건설업,"34,800,000","218,500,000,000",86300,5.18,16654,4,20274,0.55,157285,1.51
220,유유제약,의약품 제조업,"6,753,200","8,427,585,000",17400,23.71,734,N/A,N/A,1.39,12500,1.21
230,일동홀딩스,의약품 제조업,"11,540,400","11,540,400,000",9150,N/A,-2762,N/A,N/A,0.78,11728,1.04
270,기아자동차,자동차용 엔진 및 자동차 제조업,"405,363,347","2,139,316,735,000",42250,11.86,3561,12,3562,0.59,71692,2.72
300,대유플러스,통신 및 방송 장비 제조업,"114,588,434","57,294,217,000",618,2.63,235,N/A,N/A,0.8,768,N/A
390,삼화페인트공업,기타 화학제품 제조업,"26,438,751","13,219,375,500",5150,27.54,187,N/A,N/A,0.42,12385,2.43
430,대원강업,자동차 신품 부품 제조업,"62,000,000","31,000,000,000",3230,22.91,141,N/A,N/A,0.43,7551,3.56
480,조선내화,"내화, 비내화 요업제품 제조업","4,000,000","20,000,000,000",73700,18.06,4081,N/A,N/A,0.42,176356,5.43
490,대동공업,특수 목적용 기계 제조업,"23,728,210","23,728,210,000",7180,33.71,213,N/A,N/A,0.66,10855,0.84
500,가온전선,절연선 및 케이블 제조업,"4,160,347","20,801,735,000",16750,12.39,1352,N/A,N/A,0.26,64821,3.58
520,삼일제약,의약품 제조업,"6,500,000","6,500,000,000",21950,99.77,220,N/A,N/A,2.12,10361,0.68
650,천일고속,육상 여객 운송업,"1,429,220","7,146,100,000",61200,N/A,-1305,N/A,N/A,1.83,33382,8.17
660,SK하이닉스,반도체 제조업,"728,002,365","3,657,652,050,000",80600,37.65,2141,14,5870,1.14,70513,1.24
670,영풍,1차 비철금속 제조업,"1,842,040","9,210,200,000",583000,4.34,134345,N/A,N/A,0.3,1919580,1.72
680,LS네트웍스,상품 종합 도매업,"78,803,016","394,015,080,000",2220,N/A,-1104,N/A,N/A,0.32,7004,N/A
700,유수홀딩스,회사 본부 및 경영 컨설팅 서비스업,"26,041,812","65,104,530,000",5570,23.21,240,N/A,N/A,0.61,9162,N/A
720,현대건설,토목 건설업,"111,355,765","557,273,105,000",34100,8.73,3907,9,3792,0.56,60551,1.76
760,이화산업,기타 전문 도매업,"2,800,000","14,000,000,000",14050,N/A,-1325,N/A,N/A,0.39,36374,N/A
850,화천기공,특수 목적용 기계 제조업,"2,200,000","11,000,000,000",31800,9.8,3245,N/A,N/A,0.23,136013,3.93
860,강남제비스코,기타 화학제품 제조업,"6,500,000","6,500,000,000",15200,7.76,1958,N/A,N/A,0.19,80662,3.29
880,한화,기타 화학제품 제조업,"74,958,735","489,550,145,000",24800,20.65,1201,9,2877,0.52,47901,2.82
890,보해양조,알코올음료 제조업,"127,449,373","63,724,686,500",879,N/A,-129,N/A,N/A,1.38,637,N/A
910,유니온,"시멘트, 석회, 플라스터 및 그 제품 제조업","15,611,619","7,805,809,500",9550,N/A,-1366,N/A,N/A,1.63,5863,1.05
950,전방,방적 및 가공사 제조업,"1,680,000","8,400,000,000",25700,N/A,-21607,N/A,N/A,0.38,67524,N/A
970,한국주철관공업,1차 철강 제조업,"22,800,500","12,000,000,000",9200,16.67,552,N/A,N/A,0.73,12528,2.17
990,DB하이텍,반도체 제조업,"44,398,588","222,554,520,000",33750,10.46,3226,N/A,N/A,2.14,15768,1.04
1020,페이퍼코리아,"펄프, 종이 및 판지 제조업","35,166,280","17,583,140,000",1665,N/A,-701,N/A,N/A,2.84,586,N/A
1060,JW중외제약,의약품 제조업,"20,920,054","52,956,972,500",38500,N/A,-1049,N/A,N/A,3.86,9986,0.82
1070,대한방직,직물직조 및 직물제품 제조업,"5,300,000","5,300,000,000",33250,N/A,-2329,N/A,N/A,0.95,35070,N/A
1080,만호제강,1차 철강 제조업,"4,150,000","4,150,000,000",16800,34.57,486,N/A,N/A,0.22,75855,1.19
1120,LG상사,상품 중개업,"38,760,000","193,800,000,000",15350,2.93,5236,2,7491,0.42,36390,1.95
1130,대한제분,"곡물가공품, 전분 및 전분제품 제조업","1,690,000","8,450,000,000",164500,15.93,10328,N/A,N/A,0.36,460154,1.22
1140,국보,도로 화물 운송업,"44,596,337","22,298,168,500",2420,N/A,-755,N/A,N/A,2.44,992,N/A
1200,유진증권,금융 지원 서비스업,"96,866,418","537,592,090,000",4320,9.27,466,N/A,N/A,0.52,8375,1.62
1210,금호전기,전구 및 조명장치 제조업,"11,981,820","5,990,910,000",3390,N/A,-3572,N/A,N/A,1.14,2978,N/A
1230,동국제강,1차 철강 제조업,"95,432,737","589,228,035,000",6140,N/A,-2019,-9,-656,0.3,20452,N/A
1250,GS글로벌,상품 종합 도매업,"82,533,764","206,334,410,000",1720,N/A,-213,N/A,N/A,0.39,4401,N/A
1260,남광토건,토목 건설업,"9,828,611","49,143,055,000",10750,25.29,425,N/A,N/A,1.89,5692,N/A
1270,부국증권,금융 지원 서비스업,"10,369,886","66,849,430,000",19550,8.69,2251,N/A,N/A,0.36,53600,6.14
1290,상상인증권,금융 지원 서비스업,"96,108,437","97,411,913,000",1030,N/A,-11,N/A,N/A,0.63,1638,N/A
1340,백광산업,기초 화학물질 제조업,"44,918,407","22,459,203,500",3755,14.28,263,N/A,N/A,0.96,3925,2
1360,삼성제약,의약품 제조업,"61,549,713","30,774,856,500",4295,N/A,-187,N/A,N/A,1.89,2274,N/A
1380,SG충방,자동차 신품 부품 제조업,"44,964,143","22,482,071,500",1620,N/A,-2,N/A,N/A,0.55,2966,N/A
1390,KG케미칼,기초 화학물질 제조업,"13,013,232","67,374,405,000",21950,2.87,7636,N/A,N/A,0.82,26655,1.6
1420,태원물산,자동차 신품 부품 제조업,"7,600,000","3,800,000,000",3475,75.54,46,N/A,N/A,0.81,4269,2.45
1430,세아베스틸,1차 철강 제조업,"35,862,119","219,310,595,000",10350,16.48,628,14,751,0.2,53049,2.9
1440,대한전선,절연선 및 케이블 제조업,"856,473,009","428,236,504,500",743,N/A,-23,N/A,N/A,2.32,320,N/A
1460,BYC,봉제의복 제조업,"624,615","4,200,000,000",212000,7,30267,N/A,N/A,0.41,519728,0.52
1470,삼부토건,토목 건설업,"137,546,368","137,546,368,000",928,13.65,68,N/A,N/A,0.61,1521,N/A
1500,현대차증권,금융 지원 서비스업,"29,337,111","146,685,555,000",10150,4.44,2286,N/A,N/A,0.4,25572,5.91
1510,SK증권,금융 지원 서비스업,"472,590,171","238,251,342,500",870,870,1,N/A,N/A,0.72,1213,1.15
1520,동양,"시멘트, 석회, 플라스터 및 그 제품 제조업","238,684,063","119,850,042,500",1220,N/A,-9,N/A,N/A,0.3,4052,3.28
1530,디아이동일,상품 중개업,"2,465,609","12,328,045,000",75900,12.42,6110,N/A,N/A,0.28,273380,1.94
1550,조비,"비료, 농약 및 살균, 살충제 제조업","5,192,239","25,961,195,000",24700,1235,20,N/A,N/A,2.64,9342,N/A
1560,제일연마,기타 비금속 광물제품 제조업,"10,000,000","5,000,000,000",6520,11.16,584,N/A,N/A,0.6,10956,3.37
1570,금양,기초 화학물질 제조업,"44,048,135","22,024,067,500",4800,N/A,-236,N/A,N/A,2.49,1930,N/A
1620,케이비아이동국실업,자동차 신품 부품 제조업,"66,042,072","33,021,036,000",584,N/A,-117,N/A,N/A,0.23,2594,N/A
1630,종근당홀딩스,의약품 제조업,"5,009,861","12,524,652,500",123000,16.09,7643,N/A,N/A,1.3,94464,1.06
1680,대상,기타 식품 제조업,"34,648,025","36,018,248,000",25800,6.78,3805,8,3398,0.9,28718,2.33
1720,신영증권,금융 지원 서비스업,"9,386,237","82,200,000,000",45850,36.53,1255,N/A,N/A,0.34,135482,5.45
1740,SK네트웍스,기타 전문 도매업,"248,187,647","620,753,237,500",5180,N/A,-526,10,545,0.57,9045,2.32
1750,한양증권,금융 지원 서비스업,"12,728,534","66,267,670,000",9230,4.52,2040,N/A,N/A,0.41,22445,3.79
1770,신화실업,1차 철강 제조업,"1,214,878","6,074,390,000",19800,36.8,538,N/A,N/A,0.71,27929,0.5
1780,알루코,1차 비철금속 제조업,"74,714,941","37,357,470,500",2065,N/A,-76,N/A,N/A,0.73,2821,N/A
1790,대한제당,"곡물가공품, 전분 및 전분제품 제조업","8,969,658","24,044,835,000",20100,11.63,1729,N/A,N/A,0.4,49852,3.36
1820,삼화콘덴서공업,전자부품 제조업,"10,395,000","10,395,000,000",64800,29.59,2190,N/A,N/A,4.3,15085,0.39
1880,대림건설,건물 건설업,"22,053,284","110,266,420,000",28900,3.69,7832,N/A,N/A,0.87,33299,1.38
1940,KISCO홀딩스,1차 철강 제조업,"18,476,380","18,476,380,000",11100,4.86,2282,N/A,N/A,0.21,53729,2.52
2030,아세아,회사 본부 및 경영 컨설팅 서비스업,"2,191,024","10,955,120,000",74800,3.41,21952,N/A,N/A,0.18,407624,2.34
2070,비비안,봉제의복 제조업,"68,679,450","6,867,945,000",991,N/A,-56,N/A,N/A,0.65,1528,N/A
2100,경농,"비료, 농약 및 살균, 살충제 제조업","21,691,750","10,845,875,000",15900,55.02,289,N/A,N/A,1.43,11091,1.38
2140,고려산업,"곡물가공품, 전분 및 전분제품 제조업","24,939,425","24,939,425,000",3815,17.66,216,N/A,N/A,0.99,3861,0.79
2150,도화엔지니어링,"건축기술, 엔지니어링 및 관련 기술 서비스업","33,720,000","16,860,000,000",8020,12.02,667,N/A,N/A,1.07,7515,3.12
2170,삼양통상,"가죽, 가방 및 유사제품 제조업","3,000,000","15,000,000,000",60000,4.51,13312,N/A,N/A,0.52,115503,1.67
2200,한국수출포장공업,"골판지, 종이 상자 및 종이용기 제조업","4,000,000","20,000,000,000",18750,3.93,4777,N/A,N/A,0.3,62260,3.2
2210,동성제약,의약품 제조업,"26,100,970","26,100,970,000",13250,N/A,-461,N/A,N/A,4.84,2736,N/A
2220,한일철강,1차 철강 제조업,"22,841,537","11,420,768,500",1790,N/A,-535,N/A,N/A,0.25,7148,N/A
2240,고려제강,1차 철강 제조업,"20,000,000","20,000,000,000",15950,56.76,281,N/A,N/A,0.23,69270,2.19
2270,롯데푸드,낙농제품 및 식용빙과류 제조업,"1,131,870","5,659,350,000",331000,10.09,32814,N/A,N/A,0.43,773121,3.62
2310,아세아제지,"골판지, 종이 상자 및 종이용기 제조업","8,956,502","44,782,510,000",28750,4.16,6919,N/A,N/A,0.43,66436,2.09
2320,한진,도로 화물 운송업,"11,974,656","59,873,280,000",46300,209.5,221,213,217,0.62,74648,1.08
2350,넥센타이어,고무제품 제조업,"97,667,877","54,083,938,500",5300,5.17,1025,9,581,0.35,15295,1.98
2360,SH에너지화학,기초 화학물질 제조업,"111,133,730","55,566,865,000",851,N/A,-43,N/A,N/A,0.98,866,N/A
2380,케이씨씨,기타 화학제품 제조업,"8,886,471","48,084,660,000",136000,N/A,-49619,N/A,N/A,0.27,510847,4.04
2390,한독,의약품 제조업,"13,763,533","6,881,766,500",38700,19.36,1999,N/A,N/A,1.58,24441,0.71
2410,범양건영,건물 건설업,"24,831,982","24,831,982,000",6360,8.26,770,N/A,N/A,2.22,2870,N/A
2420,세기상사,"영화, 비디오물, 방송프로그램 제작 및 배급업","407,592","2,037,960,000",62600,N/A,-2758,N/A,N/A,1.16,53947,N/A
2450,삼익악기,악기 제조업,"90,530,915","45,265,457,500",1440,13.71,105,N/A,N/A,0.53,2705,3.47
2460,화성산업,건물 건설업,"12,450,800","62,254,000,000",12550,6.4,1961,N/A,N/A,0.4,31566,3.98
2600,조흥,기타 식품 제조업,"600,000","3,000,000,000",154000,14.37,10719,N/A,N/A,0.73,209871,3.9
2620,제일파마홀딩스,회사 본부 및 경영 컨설팅 서비스업,"15,973,355","7,986,677,500",24350,N/A,-5519,N/A,N/A,0.95,25752,0.29
2630,오리엔트바이오,의약품 제조업,"101,798,996","50,899,498,000",837,N/A,-107,N/A,N/A,1.64,510,N/A
2690,동일제강,1차 철강 제조업,"15,000,000","7,500,000,000",1920,40,48,N/A,N/A,0.22,8611,0.52
2700,신일전자,기계장비 및 관련 물품 도매업,"71,047,521","35,523,760,500",1885,24.17,78,N/A,N/A,1.96,962,1.06
2710,TCC스틸,1차 철강 제조업,"23,000,000","23,000,000,000",2165,N/A,-2,N/A,N/A,0.42,5176,1.35
2720,국제약품,의약품 제조업,"18,400,520","18,400,520,000",10800,N/A,-103,N/A,N/A,2.88,3755,N/A
2760,보락,기타 화학제품 제조업,"59,900,000","11,980,000,000",1895,105.28,18,N/A,N/A,2.6,728,0.26
2780,진흥기업,토목 건설업,"145,471,745","73,311,885,500",2365,23.42,101,N/A,N/A,3.49,678,N/A
2790,아모레퍼시픽그룹,기타 화학제품 제조업,"82,458,180","47,997,075,000",55100,49.68,1109,65,848,1.51,36586,0.54
2810,삼영무역,기타 전문 도매업,"18,466,948","9,233,474,000",13200,7.42,1780,N/A,N/A,0.66,20073,2.53
2820,선창산업,나무제품 제조업,"12,607,989","12,607,989,000",3405,N/A,-2116,N/A,N/A,0.19,18320,N/A
2840,미원상사,기타 화학제품 제조업,"4,970,000","6,661,780,000",83300,11.32,7356,N/A,N/A,1.79,46653,0.79
2870,신풍제지,"펄프, 종이 및 판지 제조업","34,958,700","17,479,350,000",1520,6.23,244,N/A,N/A,0.71,2135,3.95
2880,대유에이텍,자동차 신품 부품 제조업,"106,915,987","53,457,993,500",666,41.62,16,N/A,N/A,0.7,951,N/A
2900,동양물산기업,특수 목적용 기계 제조업,"126,004,610","63,002,305,000",1165,28.41,41,N/A,N/A,1.25,929,N/A
2920,유성기업,자동차 신품 부품 제조업,"25,947,500","12,973,750,000",2500,4.76,525,N/A,N/A,0.24,10615,8
2960,한국쉘석유,석유 정제품 제조업,"1,300,000","7,000,000,000",235000,13.4,17532,N/A,N/A,3.64,64533,6.81
2990,금호산업,건물 건설업,"36,633,924","184,630,950,000",7460,5.27,1416,4,1706,0.7,10609,6.7
3000,부광약품,의약품 제조업,"64,837,978","33,289,457,500",37700,N/A,-166,N/A,N/A,8.21,4592,0.51
3010,혜인,기계장비 및 관련 물품 도매업,"12,712,747","6,356,373,500",5120,116.36,44,N/A,N/A,0.56,9094,1.17
3060,에이프로젠제약,의약품 제조업,"398,575,766","199,287,883,000",1520,760,2,N/A,N/A,1.62,937,N/A
3070,코오롱글로벌,토목 건설업,"25,210,438","127,616,205,000",10150,4.92,2064,3,2918,0.54,18855,3.45
3080,성보화학,"비료, 농약 및 살균, 살충제 제조업","20,020,000","10,010,000,000",4580,N/A,-125,N/A,N/A,0.61,7499,2.95
3120,일성신약,의약품 제조업,"2,660,000","13,300,000,000",84700,32.65,2594,N/A,N/A,0.38,224106,0.88
3160,디아이,"측정, 시험, 항해, 제어 및 기타 정밀기기 제조업; 광학기기 제외","31,496,785","17,248,392,500",4380,N/A,-34,N/A,N/A,0.96,4564,1.14
3200,일신방직,방적 및 가공사 제조업,"2,400,000","12,000,000,000",69300,20.15,3440,N/A,N/A,0.22,309340,2.16
3220,대원제약,의약품 제조업,"20,243,603","10,121,801,500",21650,15.16,1428,N/A,N/A,2.1,10325,1.17
3230,삼양식품,기타 식품 제조업,"7,533,015","37,665,075,000",126500,13.52,9356,12,10909,3.19,39655,0.63
3240,태광산업,화학섬유 제조업,"1,113,400","5,567,000,000",688000,4.34,158691,N/A,N/A,0.18,3826294,0.22
3280,흥아해운,해상 운송업,"116,732,559","58,366,279,500",258,N/A,-496,N/A,N/A,1.05,246,N/A
3300,한일홀딩스,"시멘트, 석회, 플라스터 및 그 제품 제조업","5,994,356","31,342,450,000",46500,11,4229,N/A,N/A,0.28,163851,4.95
3350,한국화장품제조,기타 화학제품 제조업,"4,532,000","2,266,000,000",42700,N/A,-320,N/A,N/A,3.22,13260,0.23
3410,쌍용양회공업,"시멘트, 석회, 플라스터 및 그 제품 제조업","503,859,595","505,403,280,000",5290,19.45,272,17,303,1.52,3484,7.94
3460,유화증권,금융 지원 서비스업,"56,702,415","74,178,840,000",2205,66.82,33,N/A,N/A,0.3,7345,5.44
3470,유안타증권,금융 지원 서비스업,"199,596,576","1,062,543,940,000",3280,10.79,304,N/A,N/A,0.53,6232,N/A
3480,한진중공업홀딩스,연료용 가스 제조 및 배관공급업,"29,529,812","155,149,060,000",3540,3.21,1104,N/A,N/A,0.27,13224,N/A
3490,대한항공,항공 여객 운송업,"174,209,713","876,602,535,000",19100,N/A,-11212,-4,-4471,1.16,16521,N/A
3520,영진약품,의약품 제조업,"182,892,731","91,446,365,500",6610,236.07,28,N/A,N/A,10.28,643,N/A
3530,한화투자증권,금융 지원 서비스업,"214,547,775","1,096,738,875,000",1920,12,160,N/A,N/A,0.37,5129,N/A
3540,대신증권,금융 지원 서비스업,"50,773,400","434,867,000,000",11000,9.87,1115,N/A,N/A,0.38,29124,9.09
3560,아이에이치큐,"영화, 비디오물, 방송프로그램 제작 및 배급업","146,235,748","73,117,874,000",1470,N/A,-495,N/A,N/A,1.61,911,N/A
3570,S&T중공업,자동차 신품 부품 제조업,"33,252,697","85,631,742,500",5010,10.68,469,N/A,N/A,0.22,23147,5.99
3580,넥스트사이언스,기타 비금속광물 광업,"32,012,942","16,006,471,000",5010,N/A,-784,N/A,N/A,1.75,2866,N/A
3610,방림,직물직조 및 직물제품 제조업,"42,314,090","21,157,045,000",1735,14.96,116,N/A,N/A,0.36,4885,2.31
3620,쌍용자동차,자동차용 엔진 및 자동차 제조업,"149,840,002","749,200,010,000",3700,N/A,-3395,N/A,N/A,2.64,1401,N/A
3650,미창석유공업,석유 정제품 제조업,"1,739,672","8,698,360,000",58700,7.71,7615,N/A,N/A,0.35,167589,3.41
3670,포스코케미칼,"내화, 비내화 요업제품 제조업","60,988,220","30,494,110,000",96000,71.06,1351,114,841,5.92,16206,0.42
3680,한성기업,수산물 가공 및 저장 처리업,"6,209,515","31,047,575,000",16000,N/A,-2589,N/A,N/A,1.83,8738,N/A
3690,코리안리,재 보험업,"120,369,116","60,184,558,000",7070,5.12,1380,N/A,N/A,0.32,22047,7.07
3720,삼영화학공업,플라스틱제품 제조업,"34,000,000","17,000,000,000",1670,N/A,-31,N/A,N/A,1.29,1295,N/A
3780,진양산업,플라스틱제품 제조업,"13,000,000","6,500,000,000",3700,7.01,528,N/A,N/A,1.18,3138,5.41
3830,대한화섬,화학섬유 제조업,"1,328,000","6,640,000,000",85700,4.48,19110,N/A,N/A,0.18,483302,0.48
3850,보령제약,의약품 제조업,"47,620,000","23,810,000,000",17300,24.13,717,N/A,N/A,2.53,6830,0.58
3920,남양유업,낙농제품 및 식용빙과류 제조업,"720,000","4,433,310,000",302000,N/A,-3341,N/A,N/A,0.29,1045090,0.33
3960,사조대림,수산물 가공 및 저장 처리업,"9,164,467","45,822,335,000",15000,1.53,9782,N/A,N/A,0.35,42880,1
4000,롯데정밀화학,기초 화학물질 제조업,"25,800,000","129,000,000,000",46400,7.02,6612,7,6848,0.79,58617,3.66
4020,현대제철,1차 철강 제조업,"133,445,785","667,228,925,000",25900,N/A,-1590,-31,-844,0.21,124463,2.9
4060,SG세계물산,상품 종합 도매업,"202,424,960","101,212,480,000",607,26.39,23,N/A,N/A,0.62,977,N/A
4080,신흥,기계장비 및 관련 물품 도매업,"9,600,000","6,733,070,000",9130,11.71,780,N/A,N/A,0.94,9726,2.19
4090,한국석유공업,기타 비금속 광물제품 제조업,"655,200","3,276,000,000",98100,N/A,-11649,N/A,N/A,0.44,221944,1.53
4100,태양금속공업,자동차 신품 부품 제조업,"36,700,000","20,000,000,000",1075,N/A,-601,N/A,N/A,0.61,1771,0.47
4140,동방,기타 운송관련 서비스업,"34,636,700","34,636,700,000",1850,N/A,-234,N/A,N/A,0.69,2696,N/A
4170,신세계,종합 소매업,"9,845,181","49,225,905,000",207000,N/A,-14384,18,11443,0.54,386376,0.97
4250,엔피씨,플라스틱제품 제조업,"36,720,000","21,000,000,000",3410,8.63,395,N/A,N/A,0.5,6782,2.93
4270,남성,기타 전문 도매업,"36,212,160","18,106,080,000",2735,N/A,-110,N/A,N/A,0.99,2758,0.91
4310,현대약품,의약품 제조업,"32,000,000","16,000,000,000",6260,63.23,99,N/A,N/A,1.99,3152,0.72
4360,세방,도로 화물 운송업,"19,308,690","11,498,970,000",10100,42.08,240,N/A,N/A,0.28,36669,1.73
4370,농심,기타 식품 제조업,"6,082,642","30,413,210,000",376500,25.25,14911,17,21886,1.1,342527,1.06
4380,삼익THK,일반 목적용 기계 제조업,"21,000,000","10,500,000,000",10200,73.91,138,N/A,N/A,1.14,8960,1.47
4410,서울식품공업,기타 식품 제조업,"337,410,000","33,963,450,000",156,N/A,-8,N/A,N/A,2.14,73,N/A
4430,송원산업,기타 화학제품 제조업,"24,000,000","12,000,000,000",13200,8.55,1544,N/A,N/A,0.71,18466,1.14
4440,대림씨엔에스,"시멘트, 석회, 플라스터 및 그 제품 제조업","12,731,947","12,731,947,000",7680,60,128,N/A,N/A,0.35,21888,0.5
4450,삼화왕관,기타 금속 가공제품 제조업,"2,154,379","10,771,895,000",41400,9.26,4473,N/A,N/A,0.53,78222,3.26
4490,세방전지,일차전지 및 축전지 제조업,"14,000,000","7,000,000,000",30350,5.93,5120,N/A,N/A,0.39,78266,1.65
4540,깨끗한나라,"펄프, 종이 및 판지 제조업","37,240,693","37,606,853,000",4085,14.13,289,N/A,N/A,0.88,4619,N/A
4560,현대비앤지스틸,1차 철강 제조업,"15,078,811","75,943,315,000",7560,5.08,1487,N/A,N/A,0.28,26623,1.32
4690,삼천리,연료용 가스 제조 및 배관공급업,"4,055,025","20,275,125,000",77500,22,3523,N/A,N/A,0.21,377824,3.87
4700,조광피혁,"가죽, 가방 및 유사제품 제조업","6,649,138","34,245,690,000",52600,22.52,2336,N/A,N/A,0.72,73364,N/A
4710,한솔테크닉스,전자부품 제조업,"32,109,878","160,549,390,000",10050,22.84,440,N/A,N/A,1.13,8857,N/A
4720,우리들제약,의약품 제조업,"13,706,224","6,853,112,000",15000,N/A,-115,N/A,N/A,3.03,4947,N/A
4770,써니전자,반도체 제조업,"34,845,011","18,372,505,500",3610,180.5,20,N/A,N/A,2.21,1634,N/A
4830,덕성,플라스틱제품 제조업,"15,680,000","8,536,000,000",6070,60.7,100,N/A,N/A,1.46,4150,0.33
4870,티웨이홀딩스,"시멘트, 석회, 플라스터 및 그 제품 제조업","76,680,855","38,340,427,500",1040,N/A,-802,N/A,N/A,0.57,1823,N/A
4890,동일산업,1차 철강 제조업,"2,425,215","12,126,075,000",69000,85.82,804,N/A,N/A,0.42,163096,1.09
4910,조광페인트,기타 화학제품 제조업,"12,800,000","6,400,000,000",5630,N/A,-56,N/A,N/A,0.35,16283,3.55
4920,씨아이테크,그외 기타 제품 제조업,"24,070,772","12,035,386,000",1100,N/A,-273,N/A,N/A,0.67,1637,N/A
4960,한신공영,건물 건설업,"11,570,702","57,853,510,000",15500,2.45,6331,N/A,N/A,0.34,45052,2.26
4970,신라교역,어로 어업,"16,000,000","8,000,000,000",10200,21.79,468,N/A,N/A,0.32,32228,4.9
4980,성신양회,"시멘트, 석회, 플라스터 및 그 제품 제조업","24,516,073","128,508,590,000",7940,22.49,353,N/A,N/A,0.52,15286,1.89
5010,휴스틸,1차 철강 제조업,"7,621,668","38,108,340,000",7080,N/A,-2097,N/A,N/A,0.14,50422,4.24
5030,부산주공,자동차 신품 부품 제조업,"42,397,604","21,198,802,000",339,N/A,-577,N/A,N/A,0.54,624,N/A
5070,코스모신소재,기타 화학제품 제조업,"29,247,965","29,247,965,000",16300,N/A,-235,N/A,N/A,3.2,5088,N/A
5090,삼광글라스,유리 및 유리제품 제조업,"4,854,418","24,272,090,000",29950,46.36,646,N/A,N/A,0.53,56654,3.34
5110,한창,기계장비 및 관련 물품 도매업,"34,790,269","17,395,134,500",1510,N/A,-455,N/A,N/A,2.46,614,N/A
5180,빙그레,낙농제품 및 식용빙과류 제조업,"9,851,241","49,756,205,000",59700,14.15,4219,13,4433,0.94,63618,2.43
5190,동성화학,기초 화학물질 제조업,"5,335,564","5,531,244,000",16050,5.67,2830,N/A,N/A,0.71,22483,3.74
5250,녹십자홀딩스,회사 본부 및 경영 컨설팅 서비스업,"47,028,210","25,744,900,000",30300,N/A,-45,N/A,N/A,1.74,17460,1.07
5300,롯데칠성음료,비알코올음료 및 얼음 제조업,"7,993,460","4,384,385,000",102000,N/A,-16865,27,3732,0.71,143327,2.65
5320,국동,생활용품 도매업,"38,026,114","19,013,057,000",3300,N/A,-317,N/A,N/A,1.37,2402,N/A
5360,모나미,생활용품 도매업,"18,897,307","18,897,307,000",8290,N/A,-153,N/A,N/A,2.2,3771,0.84
5380,현대자동차,자동차용 엔진 및 자동차 제조업,"213,668,187","1,488,993,125,000",147000,15.58,9438,16,9468,0.55,266807,2.72
5390,신성통상,기타 전문 도매업,"143,708,390","71,854,195,000",2100,N/A,-26,N/A,N/A,1.3,1616,N/A
5420,코스모화학,기타 화학제품 제조업,"26,110,825","26,110,825,000",10300,N/A,-687,N/A,N/A,1.93,5338,N/A
5430,한국공항,기타 운송관련 서비스업,"3,166,355","15,831,775,000",35000,52.79,663,N/A,N/A,0.35,99710,2.86
5440,현대그린푸드,종합 소매업,"97,704,482","48,852,241,000",8020,14.12,568,8,1054,0.42,18956,2.62
5490,포스코,1차 철강 제조업,"87,186,835","482,403,125,000",197000,11.53,17081,17,11882,0.36,552135,5.08
5500,삼진제약,의약품 제조업,"13,900,000","13,900,000,000",30350,50.84,597,N/A,N/A,1.9,15955,2.64
5610,SPC삼립,기타 식품 제조업,"8,629,009","43,145,045,000",64000,34.67,1846,17,3720,1.63,39289,1.73
5680,삼영전자공업,전자부품 제조업,"20,000,000","10,000,000,000",7850,16.99,462,N/A,N/A,0.32,24248,3.18
5690,파미셀,기초 의약물질 및 생물학적 제제 제조업,"59,958,950","29,979,475,000",22950,323.24,71,N/A,N/A,26.26,874,N/A
5720,넥센,고무제품 제조업,"53,543,977","28,572,288,500",4070,4.21,966,N/A,N/A,0.22,18626,1.97
5750,대림비앤코,"내화, 비내화 요업제품 제조업","16,672,240","16,672,240,000",5120,N/A,-32,N/A,N/A,0.54,9525,2.54
5800,신영와코루,봉제의복 제조업,"900,000","4,500,000,000",98000,18.71,5238,N/A,N/A,0.29,343598,1.53
5820,원림,직물직조 및 직물제품 제조업,"2,200,000","11,000,000,000",17250,28.28,610,N/A,N/A,0.38,45649,1.45
5850,에스엘,자동차 신품 부품 제조업,"48,203,277","24,101,638,500",11950,6.52,1832,8,1411,0.4,29776,3.35
5870,휴니드테크놀러지스,통신 및 방송 장비 제조업,"14,116,015","70,580,075,000",6720,9.75,689,N/A,N/A,0.78,8628,N/A
5880,대한해운,해상 운송업,"24,427,109","122,135,545,000",16200,3.75,4319,5,3505,0.42,38345,N/A
5930,삼성전자,통신 및 방송 장비 제조업,"5,969,782,550","897,513,820,000",57500,18.35,3134,16,3627,1.51,38053,2.46
5940,NH투자증권,금융 지원 서비스업,"281,408,887","1,531,275,030,000",9120,8.14,1121,7,1394,0.52,17704,5.48
5950,이수화학,기초 화학물질 제조업,"15,278,000","76,390,000,000",8920,189.79,47,N/A,N/A,0.48,18496,4.06
5960,동부건설,토목 건설업,"22,701,669","114,637,005,000",11450,3.41,3360,N/A,N/A,0.61,18909,6.11
6040,동원산업,어로 어업,"3,677,641","18,388,205,000",211500,21.12,10012,N/A,N/A,0.67,314989,0.95
6060,화승인더스트리,플라스틱제품 제조업,"55,320,000","27,660,000,000",6900,7.44,928,N/A,N/A,0.78,8867,0.65
6090,사조오양,수산물 가공 및 저장 처리업,"9,422,739","47,113,695,000",8500,5.17,1643,N/A,N/A,0.47,18100,1.18
6110,삼아알미늄,1차 비철금속 제조업,"11,000,000","5,500,000,000",6030,13.28,454,N/A,N/A,0.61,9889,1.82
6280,녹십자,의약품 제조업,"11,686,538","58,432,690,000",277500,N/A,-1106,63,4391,3.08,90031,0.36
6340,대원전선,절연선 및 케이블 제조업,"68,107,171","35,364,185,500",1020,N/A,-12,N/A,N/A,0.89,1146,N/A
6360,GS건설,건물 건설업,"80,097,804","400,489,020,000",26700,4.8,5557,5,5721,0.53,49909,3.74
6370,대구백화점,종합 소매업,"10,821,611","54,108,055,000",5600,N/A,-2191,N/A,N/A,0.17,33272,1.79
6380,카프로,기초 화학물질 제조업,"40,000,000","20,000,000,000",2655,N/A,-2500,N/A,N/A,0.62,4248,N/A
6390,한일현대시멘트,"시멘트, 석회, 플라스터 및 그 제품 제조업","16,821,290","84,106,450,000",29550,10.02,2949,N/A,N/A,2.59,11425,3.38
6400,삼성SDI,일차전지 및 축전지 제조업,"68,764,530","356,712,130,000",488000,115.72,4217,70,6962,2.69,181084,0.2
6490,인스코비,전기 통신업,"98,630,240","49,315,120,000",2280,N/A,-272,N/A,N/A,9.08,251,N/A
6570,대림통상,기타 금속 가공제품 제조업,"15,225,000","16,425,000,000",4515,N/A,-679,N/A,N/A,0.77,5843,3.1
6650,대한유화,기초 화학물질 제조업,"6,500,000","41,000,000,000",116000,41.18,2817,7,16448,0.41,280608,2.15
6660,삼성공조,자동차 신품 부품 제조업,"8,126,314","4,063,157,000",6390,16.02,399,N/A,N/A,0.24,27098,0.94
6740,영풍제지,"골판지, 종이 상자 및 종이용기 제조업","22,200,000","11,100,000,000",3430,7.01,489,N/A,N/A,0.5,6803,1.17
6800,미래에셋대우,금융 지원 서비스업,"645,316,408","4,101,960,790,000",8810,11.94,738,12,753,0.67,13165,2.95
6880,신송홀딩스,산업용 농·축산물 및 동·식물 도매업,"11,828,858","5,914,429,000",4020,N/A,-2651,N/A,N/A,0.51,7890,1.99
6890,태경케미컬,기초 화학물질 제조업,"11,600,000","5,800,000,000",8170,9.1,898,N/A,N/A,0.84,9740,1.84
6980,우성사료,"곡물가공품, 전분 및 전분제품 제조업","30,900,000","15,450,000,000",3405,8.58,397,N/A,N/A,0.51,6622,0.44
7070,GS리테일,종합 소매업,"77,000,000","77,000,000,000",33900,14.47,2343,13,2687,1.2,28167,2.21
7110,일신석재,"건축자재, 철물 및 난방장치 도매업","77,456,610","38,728,305,000",2350,293.75,8,N/A,N/A,3.51,670,N/A
7120,미래아이앤지,"컴퓨터 프로그래밍, 시스템 통합 및 관리업","129,484,148","12,948,414,800",381,3.02,126,N/A,N/A,0.68,560,N/A
7160,사조산업,어로 어업,"5,000,000","25,000,000,000",32750,N/A,-5016,N/A,N/A,0.41,80111,0.46
7210,벽산,기타 비금속 광물제품 제조업,"68,560,000","34,280,000,000",1810,N/A,-63,N/A,N/A,0.46,3914,N/A
7280,한국특수형강,1차 철강 제조업,"32,353,490","16,176,745,000",1535,N/A,-456,N/A,N/A,0.74,2083,N/A
7310,오뚜기,기타 식품 제조업,"3,605,237","18,026,185,000",568000,17.72,32053,15,37763,1.48,384127,1.32
7340,디티알오토모티브,일차전지 및 축전지 제조업,"9,994,005","4,997,002,500",24200,3.52,6882,N/A,N/A,0.35,70111,6.2
7460,에이프로젠 KIC,기타 금속 가공제품 제조업,"178,678,039","89,339,019,500",2725,97.32,28,N/A,N/A,1.47,1858,N/A
7570,일양약품,의약품 제조업,"19,085,664","48,826,860,000",88100,202.53,435,N/A,N/A,8.27,10651,0.14
7590,동방아그로,"비료, 농약 및 살균, 살충제 제조업","13,617,577","6,808,788,500",6790,21.49,316,N/A,N/A,0.56,12208,3.68
7610,선도전기,"전동기, 발전기 및 전기 변환 · 공급 · 제어 장치 제조업","18,000,000","9,000,000,000",2505,N/A,-286,N/A,N/A,0.58,4323,1
7630,폴루스바이오팜,상품 중개업,"39,311,572","19,655,786,000",1225,N/A,-285,N/A,N/A,0.83,1468,N/A
7660,이수페타시스,전자부품 제조업,"41,268,398","41,268,398,000",4310,N/A,-2200,N/A,N/A,2.48,1739,1.39
7690,국도화학,기초 화학물질 제조업,"5,810,616","29,053,080,000",39150,7.05,5557,N/A,N/A,0.42,94110,3.83
7700,F&F,봉제의복 제조업,"15,400,000","7,700,000,000",92000,12.92,7123,13,6823,2.94,31336,1.09
7810,코리아써키트,전자부품 제조업,"23,620,751","13,684,570,000",15050,36.27,415,N/A,N/A,1.21,12440,N/A
7980,태평양물산,봉제의복 제조업,"48,149,587","24,955,871,000",1730,1730,1,N/A,N/A,0.49,3524,1.73
8040,사조동아원,"곡물가공품, 전분 및 전분제품 제조업","141,144,600","70,572,300,000",854,N/A,-59,N/A,N/A,0.58,1469,N/A
8060,대덕,전자부품 제조업,"28,590,047","14,901,202,000",6640,9.5,699,N/A,N/A,1.38,4804,4.52
8110,대동전자,통신 및 방송 장비 제조업,"10,490,447","5,245,223,500",4205,10.04,419,N/A,N/A,0.26,16173,11.89
8250,이건산업,나무제품 제조업,"10,952,635","54,763,175,000",7430,64.05,116,N/A,N/A,0.42,17512,2.69
8260,NI스틸,1차 철강 제조업,"28,600,117","14,300,058,500",2210,10.73,206,N/A,N/A,0.57,3878,2.26
8350,남선알미늄,1차 비철금속 제조업,"110,179,090","55,243,490,000",5150,34.33,150,N/A,N/A,3.08,1671,N/A
8420,문배철강,1차 철강 제조업,"20,503,505","10,251,752,500",2745,33.48,82,N/A,N/A,0.48,5668,1.82
8490,서흥,기타 화학제품 제조업,"11,569,113","6,084,556,500",57800,19.52,2961,16,3658,2.1,27582,0.69
8500,일정실업,편조원단 제조업,"1,200,000","6,000,000,000",12050,N/A,-10442,N/A,N/A,0.51,23795,N/A
8560,메리츠증권,금융 지원 서비스업,"675,961,727","675,961,727,000",3350,4.62,725,5,631,0.56,5953,5.97
8600,윌비스,생활용품 도매업,"64,894,721","70,540,861,000",1285,N/A,-589,N/A,N/A,0.67,1908,N/A
8700,아남전자,영상 및 음향기기 제조업,"77,124,820","38,562,410,000",1660,N/A,-22,N/A,N/A,2.18,763,N/A
8730,율촌화학,플라스틱제품 제조업,"24,800,000","14,776,380,000",19200,21.94,875,N/A,N/A,1.42,13563,2.6
8770,호텔신라,기타 상품 전문 소매업,"39,248,121","200,000,000,000",72100,65.19,1106,-15,-4828,3.26,22114,0.49
8870,금비,유리 및 유리제품 제조업,"1,000,000","5,000,000,000",56700,15.97,3550,N/A,N/A,0.45,125796,3
8970,동양철관,1차 철강 제조업,"118,885,290","59,442,645,000",1030,27.84,37,N/A,N/A,1.49,690,N/A
9070,케이씨티시,도로 화물 운송업,"30,000,000","15,000,000,000",2350,11.69,201,N/A,N/A,0.36,6487,1.91
9140,경인전자,전자부품 제조업,"1,570,797","7,853,985,000",17250,27.04,638,N/A,N/A,0.41,42065,1.45
9150,삼성전기,전자부품 제조업,"74,693,696","388,003,400,000",141500,21.26,6657,23,6025,1.99,70999,0.78
9160,SIMPAC,특수 목적용 기계 제조업,"65,429,516","32,714,758,000",2390,17.97,133,N/A,N/A,0.32,7456,2.51
9180,한솔로지스틱스,기타 운송관련 서비스업,"27,477,425","14,340,941,000",2150,9.15,235,N/A,N/A,1.22,1762,1.86
9190,대양금속,1차 철강 제조업,"29,565,939","14,782,969,500",4340,30.78,141,N/A,N/A,2.24,1935,N/A
9200,무림페이퍼,"펄프, 종이 및 판지 제조업","41,609,310","104,023,275,000",2055,N/A,-294,N/A,N/A,0.19,10539,2.43
9240,한샘,생활용품 도매업,"23,533,928","23,533,928,000",104000,57.68,1803,37,2807,3.13,33243,1.15
9270,신원,봉제의복 제조업,"85,042,499","42,566,619,500",1650,165,10,N/A,N/A,0.62,2677,N/A
9290,광동제약,의약품 제조업,"52,420,851","52,420,851,000",9370,19.94,470,N/A,N/A,0.86,10835,0.85
9310,참엔지니어링,특수 목적용 기계 제조업,"55,361,480","28,105,738,500",1350,N/A,-274,N/A,N/A,1.19,1131,N/A
9320,대우부품,자동차 신품 부품 제조업,"47,646,375","23,823,187,500",2420,N/A,-67,N/A,N/A,3.15,768,N/A
9410,태영건설,토목 건설업,"76,400,000","39,478,740,000",18450,13.68,1349,N/A,N/A,1.09,16896,0.81
9420,한올바이오파마,의약품 제조업,"52,240,638","26,120,319,000",30800,81.48,378,99,311,10.84,2842,N/A
9450,경동나비엔,가정용 기기 제조업,"12,739,510","12,739,510,000",52800,19.83,2663,N/A,N/A,2.17,24302,0.57
9460,한창제지,"펄프, 종이 및 판지 제조업","59,667,486","29,833,743,000",1990,14.96,133,N/A,N/A,1.36,1463,1
9470,삼화전기,전자부품 제조업,"6,613,820","6,613,820,000",21300,69.84,305,N/A,N/A,3.37,6325,0.47
9540,한국조선해양,선박 및 보트 건조업,"70,773,116","353,865,580,000",86000,20.51,4194,31,2740,0.52,165320,N/A
9580,무림P&P,"펄프, 종이 및 판지 제조업","62,368,324","155,920,810,000",3205,N/A,-61,N/A,N/A,0.33,9623,5.46
9680,모토닉,자동차 신품 부품 제조업,"33,000,000","16,500,000,000",7630,20.29,376,N/A,N/A,0.41,18494,3.93
9770,삼정펄프,"펄프, 종이 및 판지 제조업","2,499,971","12,499,855,000",27000,8.47,3186,N/A,N/A,0.36,75591,N/A
9810,엔케이물산,기타 전문 도매업,"83,578,428","41,789,214,000",523,N/A,-15,N/A,N/A,1.04,505,N/A
9830,한화솔루션,기초 화학물질 제조업,"159,864,497","821,170,655,000",30050,N/A,-1789,18,1633,0.84,35614,0.67
10040,한국내화,"내화, 비내화 요업제품 제조업","22,863,632","11,431,816,000",3385,42.85,79,N/A,N/A,0.55,6175,1.03
10060,OCI,기초 화학물질 제조업,"23,849,371","127,246,855,000",61400,N/A,-34002,-13,-4701,0.56,109712,N/A
10100,한국프랜지공업,자동차 신품 부품 제조업,"30,450,420","30,450,420,000",2340,4.09,572,N/A,N/A,0.32,7310,2.14
10120,엘에스일렉트릭,"전동기, 발전기 및 전기 변환 · 공급 · 제어 장치 제조업","30,000,000","150,000,000,000",54700,16.56,3304,15,3549,1.19,46101,2.19
10130,고려아연,1차 비철금속 제조업,"18,870,000","94,350,000,000",454000,13.83,32829,15,30907,1.21,375789,3.08
10140,삼성중공업,선박 및 보트 건조업,"630,000,000","3,150,574,225,000",5440,N/A,-2280,-4,-1465,0.62,8727,N/A
10400,우진아이엔에스,건물설비 설치 공사업,"7,622,000","3,811,000,000",7200,23.08,312,N/A,N/A,0.52,13934,3.47
10420,한솔피엔에스,기타 전문 도매업,"20,493,012","10,246,506,000",1485,9.9,150,N/A,N/A,0.74,2007,1.68
10580,지코,자동차 신품 부품 제조업,"64,581,636","32,290,818,000",306,N/A,-199,N/A,N/A,1.05,291,N/A
10600,웰바이오텍,상품 중개업,"43,229,886","21,614,943,000",3555,N/A,-445,N/A,N/A,2.03,1754,N/A
10620,현대미포조선,선박 및 보트 건조업,"39,942,149","199,710,745,000",31300,16.76,1868,16,2001,0.53,58845,1.12
10640,진양폴리우레탄,플라스틱제품 제조업,"10,000,000","5,000,000,000",2910,3.98,731,N/A,N/A,1.12,2603,3.44
10660,화천기계,특수 목적용 기계 제조업,"22,000,000","11,000,000,000",3740,N/A,-250,N/A,N/A,0.61,6162,N/A
10690,화신,자동차 신품 부품 제조업,"34,920,410","17,460,205,000",2530,N/A,-805,N/A,N/A,0.3,8302,1.98
10770,평화홀딩스,자동차 신품 부품 제조업,"14,625,466","7,312,733,000",2960,N/A,-1447,N/A,N/A,0.39,7594,5.07
10780,아이에스동서,"내화, 비내화 요업제품 제조업","30,892,606","15,446,303,000",45150,24.99,1807,12,3749,1.28,35142,1.55
10820,퍼스텍,무기 및 총포탄 제조업,"48,061,460","24,030,730,000",2215,N/A,-156,N/A,N/A,4.65,476,N/A
10950,S-Oil,석유 정제품 제조업,"112,582,792","291,511,797,500",62300,N/A,-7965,-11,-5539,1.3,47965,0.32
10960,삼호개발,기반조성 및 시설물 축조관련 전문공사업,"25,000,000","12,500,000,000",4370,5.23,836,N/A,N/A,0.55,7984,4.35
11000,진원생명과학,의약품 제조업,"44,618,808","44,618,808,000",9080,N/A,-329,N/A,N/A,7.81,1162,N/A
11070,LG이노텍,전자부품 제조업,"23,667,107","118,335,535,000",165000,18.09,9121,12,14325,1.7,96977,0.18
11090,에넥스,가구 제조업,"59,991,641","29,995,820,500",1140,N/A,-89,N/A,N/A,1.17,974,N/A
11150,CJ씨푸드,기타 식품 제조업,"35,930,773","18,065,386,500",3940,43.3,91,N/A,N/A,2.19,1799,N/A
11170,롯데케미칼,기초 화학물질 제조업,"34,275,419","171,377,095,000",175500,14.32,12259,20,8873,0.46,381481,3.82
11200,HMM,해상 운송업,"326,726,323","1,633,631,615,000",6600,N/A,-1501,N/A,N/A,2.03,3254,N/A
11210,현대위아,자동차 신품 부품 제조업,"27,195,083","135,975,415,000",38950,8.98,4336,15,2630,0.33,119183,1.8
11230,삼화전자공업,영상 및 음향기기 제조업,"10,457,940","10,457,940,000",3140,N/A,-379,N/A,N/A,3.04,1033,N/A
11280,태림포장,"골판지, 종이 상자 및 종이용기 제조업","70,805,940","35,402,970,000",3595,15.3,235,N/A,N/A,0.8,4469,8.07
11300,성안,직물직조 및 직물제품 제조업,"56,857,860","28,428,930,000",419,N/A,-174,N/A,N/A,0.35,1203,N/A
11330,유니켐,"가죽, 가방 및 유사제품 제조업","68,710,343","34,355,171,500",1410,6.13,230,N/A,N/A,1.08,1307,N/A
11390,부산산업,"시멘트, 석회, 플라스터 및 그 제품 제조업","1,056,000","5,280,000,000",130500,38.62,3379,N/A,N/A,2.47,52880,0.19
11420,갤럭시아에스엠,스포츠 서비스업,"27,549,644","13,774,822,000",1735,N/A,-14,N/A,N/A,2.75,632,N/A
11500,한농화성,기타 화학제품 제조업,"15,637,042","7,818,521,000",5890,8.35,705,N/A,N/A,0.75,7903,2.55
11690,유양디앤유,반도체 제조업,"58,494,201","29,247,100,500",1220,N/A,-613,N/A,N/A,1.39,877,N/A
11700,한신기계공업,일반 목적용 기계 제조업,"32,446,151","16,223,075,500",1360,22.67,60,N/A,N/A,0.52,2594,1.1
11760,현대종합상사,상품 종합 도매업,"13,228,966","66,144,830,000",14700,9.82,1497,N/A,N/A,0.53,27903,4.08
11780,금호석유화학,기초 화학물질 제조업,"30,467,691","167,455,885,000",94200,10.24,9203,8,11595,0.99,95307,1.59
11790,SKC,기타 화학제품 제조업,"37,534,555","187,672,775,000",86800,27.18,3193,20,4339,1.55,55936,1.15
11810,STX,상품 종합 도매업,"19,726,902","49,317,255,000",5180,N/A,-913,N/A,N/A,1.78,2906,N/A
11930,신성이엔지,반도체 제조업,"184,525,352","92,372,676,000",1355,84.69,16,N/A,N/A,1.61,844,N/A
12030,DB,"컴퓨터 프로그래밍, 시스템 통합 및 관리업","201,173,933","100,586,966,500",731,20.89,35,N/A,N/A,0.73,1005,N/A
12160,영흥,1차 철강 제조업,"85,826,509","42,913,254,500",1260,37.06,34,N/A,N/A,0.4,3140,2.38
12170,키위미디어그룹,"영화, 비디오물, 방송프로그램 제작 및 배급업","197,284,650","98,642,325,000",150,N/A,-9229,N/A,N/A,0.46,325,N/A
12200,계양전기,일반 목적용 기계 제조업,"32,600,000","17,000,000,000",3170,1585,2,N/A,N/A,0.58,5460,1.1
12280,영화금속,자동차 신품 부품 제조업,"45,451,006","23,597,333,000",2070,159.23,13,N/A,N/A,1.24,1672,N/A
12330,현대모비스,자동차 신품 부품 제조업,"95,054,694","490,969,315,000",223500,9.89,22594,12,18084,0.64,348322,1.79
12450,한화에어로스페이스,"항공기,우주선 및 부품 제조업","50,630,000","265,650,000,000",25550,10.18,2511,12,2163,0.52,48722,N/A
12510,더존비즈온,"컴퓨터 프로그래밍, 시스템 통합 및 관리업","29,672,700","14,836,350,000",102000,63.2,1614,60,1713,8.87,11495,0.46
12600,청호컴넷,일반 목적용 기계 제조업,"8,576,351","42,881,755,000",5850,N/A,-1710,N/A,N/A,6.18,947,N/A
12610,경인양행,기초 화학물질 제조업,"41,196,365","20,598,182,500",9110,27.11,336,N/A,N/A,1.71,5342,0.55
12690,모나리자,기타 종이 및 판지 제품 제조업,"36,571,255","18,885,627,500",5950,47.6,125,N/A,N/A,3.31,1798,0.84
12750,에스원,"경비, 경호 및 탐정업","37,999,178","18,999,589,000",91100,23.97,3800,22,4144,2.41,37788,2.74
12800,대창,1차 비철금속 제조업,"91,140,499","45,570,249,500",1195,20.25,59,N/A,N/A,0.5,2400,0.84
13000,세우글로벌,기타 전문 도매업,"28,705,031","14,352,515,500",1875,133.93,14,N/A,N/A,1.22,1534,N/A
13360,일성건설,토목 건설업,"54,024,880","27,012,440,000",961,21.84,44,N/A,N/A,0.56,1709,1.56
13520,화승알앤에이,자동차 신품 부품 제조업,"64,561,210","32,280,605,000",1740,6.33,275,N/A,N/A,0.44,3992,1.44
13580,계룡건설산업,토목 건설업,"8,930,907","44,654,535,000",27650,3.57,7748,N/A,N/A,0.53,51939,2.17
13700,까뮤이앤씨,건물 건설업,"45,152,280","22,576,140,000",1310,4.32,303,N/A,N/A,0.79,1664,2.29
13870,지엠비코리아,자동차 신품 부품 제조업,"19,072,280","9,536,140,000",4875,49.24,99,N/A,N/A,0.41,11888,0.62
13890,지누스,가구 제조업,"14,406,749","7,203,374,500",81900,14.61,5605,13,6528,2.83,28935,1.53
14130,한익스프레스,도로 화물 운송업,"12,000,000","6,000,000,000",4870,8.48,574,N/A,N/A,0.81,6018,1.44
14160,대영포장,"골판지, 종이 상자 및 종이용기 제조업","108,394,549","54,197,274,500",1095,10.95,100,N/A,N/A,0.74,1484,N/A
14280,금강공업,1차 철강 제조업,"26,159,553","26,749,428,000",3605,N/A,-343,N/A,N/A,0.3,11968,2.22
14440,영보화학,플라스틱제품 제조업,"20,000,000","10,000,000,000",4270,28.28,151,N/A,N/A,0.57,7448,2.34
14530,극동유화,석유 정제품 제조업,"34,869,420","17,434,710,000",3205,6.92,463,N/A,N/A,0.65,4965,4.99
14580,태경비케이,"시멘트, 석회, 플라스터 및 그 제품 제조업","27,583,100","13,791,550,000",3915,23.3,168,N/A,N/A,0.84,4644,2.55
14680,한솔케미칼,기초 화학물질 제조업,"11,295,195","56,475,975,000",172000,19.74,8714,18,9562,4.1,41993,0.87
14710,사조씨푸드,수산물 가공 및 저장 처리업,"17,218,543","17,218,543,000",3800,N/A,-524,N/A,N/A,0.32,11769,N/A
14790,한라,토목 건설업,"38,874,942","194,374,710,000",3810,17.4,219,N/A,N/A,0.67,5660,N/A
14820,동원시스템즈,플라스틱제품 제조업,"25,618,511","129,419,345,000",22200,15.51,1431,N/A,N/A,1.25,17803,2.25
14830,유니드,기초 화학물질 제조업,"8,889,843","44,449,215,000",48900,6.37,7675,N/A,N/A,0.59,82689,2.45
14910,성문전자,전자부품 제조업,"19,486,857","10,043,428,500",1630,N/A,-79,N/A,N/A,1.12,1458,N/A
14990,인디에프,봉제의복 제조업,"58,932,995","29,466,497,500",2000,N/A,-61,N/A,N/A,2.04,981,N/A
15230,대창단조,자동차 신품 부품 제조업,"2,857,223","14,286,115,000",27200,4.78,5686,N/A,N/A,0.39,68988,4.04
15260,에이엔피,전자부품 제조업,"82,784,868","41,392,434,000",183,N/A,-250,N/A,N/A,0.04,4873,N/A
15350,부산도시가스,연료용 가스 제조 및 배관공급업,"11,000,000","55,000,000,000",36500,8.76,4169,N/A,N/A,0.53,68610,2.74
15540,쎌마테라퓨틱스,기타 사업지원 서비스업,"11,276,903","5,638,451,500",8420,N/A,-3434,N/A,N/A,14.75,571,N/A
15590,큐로,일반 목적용 기계 제조업,"227,211,638","113,605,819,000",610,15.25,40,N/A,N/A,1.23,497,N/A
15760,한국전력공사,전기업,"641,964,077","3,209,820,385,000",19600,N/A,-2391,11,1819,0.19,105049,N/A
15890,태경산업,기초 화학물질 제조업,"29,228,750","14,614,375,000",4920,N/A,-139,N/A,N/A,0.61,8063,7.52
16090,대현,봉제의복 제조업,"44,282,310","26,906,155,000",1795,5.63,319,N/A,N/A,0.4,4445,5.57
16360,삼성증권,금융 지원 서비스업,"89,300,000","458,478,080,000",31100,9.58,3248,8,3999,0.58,53815,5.47
16380,KG동부제철,1차 철강 제조업,"100,008,897","500,311,410,000",13600,43.17,315,N/A,N/A,1.52,8947,N/A
16450,한세예스24홀딩스,봉제의복 제조업,"40,000,000","20,000,000,000",3995,114.14,35,N/A,N/A,0.6,6645,6.26
16580,환인제약,의약품 제조업,"18,600,070","9,700,035,000",16300,17.34,940,N/A,N/A,0.91,17869,1.84
16590,신대양제지,"골판지, 종이 상자 및 종이용기 제조업","4,029,782","20,148,910,000",57300,4.03,14231,N/A,N/A,0.53,107414,1.09
16610,DB금융투자,금융 지원 서비스업,"42,446,389","212,231,945,000",3810,5.77,660,N/A,N/A,0.23,16696,6.56
16710,대성홀딩스,회사 본부 및 경영 컨설팅 서비스업,"16,089,459","16,089,459,000",14300,18.5,773,N/A,N/A,0.53,26761,1.75
16740,두올,자동차 신품 부품 제조업,"27,066,680","67,666,700,000",3705,13.57,273,N/A,N/A,0.69,5395,2.16
16800,퍼시스,가구 제조업,"11,500,000","14,300,000,000",28500,10.3,2768,N/A,N/A,0.61,46643,3.51
17040,광명전기,"전동기, 발전기 및 전기 변환 · 공급 · 제어 장치 제조업","43,337,615","21,668,807,500",1880,9.69,194,N/A,N/A,0.82,2279,0.8
17180,명문제약,의약품 제조업,"33,953,454","16,976,727,000",6420,N/A,-960,N/A,N/A,2.27,2831,N/A
17370,우신시스템,특수 목적용 기계 제조업,"18,314,054","9,157,027,000",2900,12.03,241,N/A,N/A,0.42,6891,N/A
17390,서울도시가스,연료용 가스 제조 및 배관공급업,"5,000,000","35,000,000,000",66500,10.97,6063,N/A,N/A,0.26,251517,2.63
17550,수산중공업,특수 목적용 기계 제조업,"53,985,163","26,992,581,500",1720,57.33,30,N/A,N/A,0.86,2005,0.58
17670,SK텔레콤,전기 통신업,"80,745,711","44,639,473,000",229000,22.55,10157,13,17632,0.74,310286,4.37
17800,현대엘리베이터,일반 목적용 기계 제조업,"38,351,001","199,915,005,000",46350,100.54,461,33,1386,2.12,21905,1.29
17810,풀무원,기타 식품 제조업,"38,090,950","19,045,475,000",21100,53.83,392,29,740,2.16,9785,0.48
17900,광전자,반도체 제조업,"57,943,763","28,971,881,500",2310,33,70,N/A,N/A,0.54,4302,2.16
17940,E1,기타 전문 도매업,"6,860,000","34,300,000,000",37950,N/A,-2888,N/A,N/A,0.22,169219,5.8
17960,한국카본,"구조용 금속제품, 탱크 및 증기발생기 제조업","43,960,757","21,980,378,500",8270,13.67,605,10,810,1.06,7768,1.45
18250,애경산업,기타 화학제품 제조업,"26,409,935","26,409,935,000",22700,18.49,1228,18,1265,1.8,12591,1.98
18260,삼성에스디에스,"컴퓨터 프로그래밍, 시스템 통합 및 관리업","77,377,800","38,688,900,000",167000,22.8,7323,27,6237,2.03,82168,1.44
18470,조일알미늄,1차 비철금속 제조업,"70,155,555","35,077,777,500",595,N/A,-1101,N/A,N/A,0.38,1575,N/A
18500,동원금속,자동차 신품 부품 제조업,"46,754,933","23,377,466,500",682,1.95,350,N/A,N/A,0.5,1363,N/A
18670,SK가스,기타 전문 도매업,"9,230,244","46,151,220,000",91700,3.25,28219,N/A,N/A,0.48,192247,3.24
18880,한온시스템,일반 목적용 기계 제조업,"533,800,000","53,380,000,000",10550,18.97,556,44,238,2.52,4189,3.03
19170,신풍제약,의약품 제조업,"52,984,990","27,592,495,000",76100,1691.11,45,N/A,N/A,18.09,4207,N/A
19180,티에이치엔,기타 전기장비 제조업,"18,000,000","9,000,000,000",2585,N/A,-172,N/A,N/A,0.83,3125,2.32
19440,세아특수강,1차 철강 제조업,"8,570,000","42,850,000,000",10850,10.54,1029,N/A,N/A,0.29,36896,8.3
19490,하이트론씨스템즈,영상 및 음향기기 제조업,"5,530,735","13,826,837,500",3030,N/A,-3007,N/A,N/A,0.43,7067,N/A
19680,대교,초등 교육기관,"84,702,850","52,064,920,000",3995,N/A,-22,N/A,N/A,0.59,6782,4.26
20000,한섬,봉제의복 제조업,"24,630,000","12,315,000,000",30450,9.21,3306,9,3546,0.63,48109,1.48
20120,키다리스튜디오,"자료처리, 호스팅, 포털 및 기타 인터넷 정보매개 서비스업","17,015,245","8,507,622,500",9400,47,200,N/A,N/A,7.4,1270,N/A
20150,일진머티리얼즈,전자부품 제조업,"46,110,835","23,055,417,500",56000,48.87,1146,44,1276,4.48,12496,0.09
20560,아시아나항공,항공 여객 운송업,"223,235,294","1,116,176,470,000",4295,N/A,-6095,-1,-3757,7.54,570,N/A
20760,일진디스플,반도체 제조업,"28,314,440","14,157,220,000",3145,N/A,-1075,N/A,N/A,2.07,1516,N/A
21050,서원,금속 주조업,"47,474,590","23,737,295,000",3290,34.27,96,N/A,N/A,1.44,2283,0.3
21240,코웨이,그외 기타 개인 서비스업,"73,799,619","40,662,398,000",79700,17.61,4527,14,5649,4.84,16462,3.01
21820,세원정공,자동차 신품 부품 제조업,"10,000,000","5,000,000,000",8090,36.12,224,N/A,N/A,0.19,41567,0.31
23000,삼원강재,자동차 신품 부품 제조업,"40,000,000","20,000,000,000",2280,8.8,259,N/A,N/A,0.44,5231,5.04
23150,MH에탄올,알코올음료 제조업,"7,378,526","4,596,763,000",8430,N/A,-275,N/A,N/A,1.02,8283,4.15
23350,한국종합기술,"건축기술, 엔지니어링 및 관련 기술 서비스업","10,950,000","5,475,000,000",3985,N/A,-463,N/A,N/A,0.45,8852,2.51
23450,동남합성,기초 화학물질 제조업,"3,610,000","3,125,564,000",33900,6.35,5342,N/A,N/A,1.58,21411,0.59
23530,롯데쇼핑,종합 소매업,"28,288,755","141,443,775,000",78200,N/A,-37696,89,883,0.21,369312,4.86
23590,다우기술,"자료처리, 호스팅, 포털 및 기타 인터넷 정보매개 서비스업","44,866,617","22,433,308,500",21000,7.31,2873,N/A,N/A,0.7,30107,1.9
23800,인지컨트롤스,자동차 신품 부품 제조업,"15,160,128","7,580,064,000",5180,N/A,-434,N/A,N/A,0.41,12627,1.93
23810,인팩,자동차 신품 부품 제조업,"10,000,000","5,000,000,000",4590,N/A,-401,N/A,N/A,0.5,9120,2.61
23960,에쓰씨엔지니어링,토목 건설업,"25,016,587","12,508,293,500",1195,N/A,-41,N/A,N/A,1.21,988,N/A
24070,WISCOM,플라스틱제품 제조업,"15,326,438","7,663,219,000",2300,34.33,67,N/A,N/A,0.3,7712,2.17
24090,디씨엠,1차 철강 제조업,"11,700,000","6,000,000,000",10900,6.11,1785,N/A,N/A,0.59,18598,4.59
24890,대원화성,플라스틱제품 제조업,"41,249,152","20,624,576,000",1825,19.62,93,N/A,N/A,0.93,1970,0.55
24900,덕양산업,자동차 신품 부품 제조업,"32,564,980","16,282,490,000",1535,N/A,-472,N/A,N/A,1.07,1441,N/A
25000,KPX케미칼,기초 화학물질 제조업,"4,840,000","24,200,000,000",45600,5.8,7866,N/A,N/A,0.47,97646,5.48
25530,에스제이엠홀딩스,자동차 부품 및 내장품 판매업,"14,934,008","7,467,004,000",2550,6.06,421,N/A,N/A,0.23,10984,6.86
25540,한국단자공업,"전동기, 발전기 및 전기 변환 · 공급 · 제어 장치 제조업","10,415,000","5,207,500,000",39300,11.05,3558,N/A,N/A,0.57,68828,1.78
25560,미래산업,"측정, 시험, 항해, 제어 및 기타 정밀기기 제조업; 광학기기 제외","16,864,368","1,686,436,800",3160,N/A,-247,N/A,N/A,0.8,3934,N/A
25620,제이준코스메틱,기타 화학제품 제조업,"36,402,552","18,201,276,000",2920,N/A,-2785,N/A,N/A,1.42,2055,N/A
25750,한솔홈데코,제재 및 목재 가공업,"80,565,149","83,765,149,000",1130,N/A,-101,N/A,N/A,0.59,1924,N/A
25820,이구산업,1차 비철금속 제조업,"33,442,000","16,721,000,000",1570,N/A,-107,N/A,N/A,0.52,3007,1.91
25860,남해화학,"비료, 농약 및 살균, 살충제 제조업","49,678,843","49,678,843,000",8440,20.64,409,N/A,N/A,0.92,9134,0.71
25890,한국주강,특수 목적용 기계 제조업,"11,309,259","5,654,629,500",1410,N/A,-1206,N/A,N/A,0.49,2853,N/A
26890,디피씨,"전동기, 발전기 및 전기 변환 · 공급 · 제어 장치 제조업","41,678,175","20,839,087,500",20300,54.72,371,N/A,N/A,4.77,4255,0.39
26940,부국철강,1차 철강 제조업,"20,000,000","10,000,000,000",5480,57.08,96,N/A,N/A,0.99,5518,1.37
26960,동서,음·식료품 및 담배 도매업,"99,700,000","49,850,000,000",21050,15.43,1364,N/A,N/A,1.59,13247,3.33
27740,마니커,"도축, 육류 가공 및 저장 처리업","158,472,594","79,236,297,000",767,N/A,-217,N/A,N/A,1.67,458,N/A
27970,세하,"펄프, 종이 및 판지 제조업","29,562,997","29,562,997,000",1570,3.96,396,N/A,N/A,1.37,1143,N/A
28050,삼성엔지니어링,"건축기술, 엔지니어링 및 관련 기술 서비스업","196,000,000","980,000,000,000",11900,8.88,1340,8,1440,1.65,7224,N/A
28100,동아지질,기반조성 및 시설물 축조관련 전문공사업,"11,500,000","5,750,000,000",16350,12.9,1267,N/A,N/A,0.94,17456,1.22
28260,삼성물산,기타 전문 도매업,"186,887,081","18,851,450,600",106500,18.14,5871,18,6042,0.84,126794,1.88
28670,팬오션,해상 운송업,"534,569,207","534,569,207,000",3585,13.43,267,13,280,0.62,5745,N/A
29460,케이씨,"측정, 시험, 항해, 제어 및 기타 정밀기기 제조업; 광학기기 제외","13,554,044","6,777,022,000",22850,5.94,3849,N/A,N/A,0.63,36326,1.09
29530,신도리코,컴퓨터 및 주변장치 제조업,"10,080,029","50,400,145,000",23400,41.86,559,N/A,N/A,0.27,87402,4.27
30000,제일기획,광고업,"115,041,225","23,008,245,000",18550,15.33,1210,15,1225,2.11,8804,4.42
30200,케이티,전기 통신업,"261,111,808","1,564,498,835,000",23850,10.44,2284,9,2768,0.43,55326,4.61
30210,KTB투자증권,금융 지원 서비스업,"60,314,092","301,570,460,000",2805,5.67,495,N/A,N/A,0.36,7720,5.35
30610,교보증권,금융 지원 서비스업,"64,653,296","323,266,480,000",7130,4.86,1467,N/A,N/A,0.26,27038,5.61
30720,동원수산,어로 어업,"4,653,805","23,269,025,000",9480,5.44,1743,N/A,N/A,0.87,10907,N/A
30790,비케이탑스,"컴퓨터 프로그래밍, 시스템 통합 및 관리업","11,896,974","5,948,487,000",5390,N/A,-8544,N/A,N/A,0.85,6335,N/A
31430,신세계인터내셔날,"섬유, 의복, 신발 및 가죽제품 소매업","7,140,000","35,700,000,000",147500,18.86,7819,18,8115,1.77,83180,0.75
31440,신세계푸드,음식점업,"3,872,480","19,362,400,000",53400,N/A,-221,51,1042,0.67,79711,1.4
31820,콤텍시스템,"컴퓨터 프로그래밍, 시스템 통합 및 관리업","67,851,466","33,925,733,000",1215,243,5,N/A,N/A,0.9,1349,N/A
32350,롯데관광개발,여행사 및 기타 여행보조 서비스업,"69,275,662","34,637,831,000",16600,N/A,-382,N/A,N/A,3.88,4279,N/A
32560,황금에스티,1차 비철금속 제조업,"14,000,000","7,000,000,000",6240,4.15,1502,N/A,N/A,0.33,18648,1.6
32640,LG유플러스,전기 통신업,"436,611,361","2,573,969,175,000",11600,11.22,1034,9,1260,0.72,16147,3.45
33180,필룩스,전자부품 제조업,"90,043,128","45,171,564,000",3610,N/A,-527,N/A,N/A,1.15,3151,N/A
33240,자화전자,전자부품 제조업,"17,900,000","8,950,000,000",11650,N/A,-562,N/A,N/A,0.73,15867,N/A
33250,체시스,자동차 신품 부품 제조업,"24,000,000","12,000,000,000",3085,N/A,-55,N/A,N/A,2.74,1126,N/A
33270,유나이티드,의약품 제조업,"16,244,822","8,122,411,000",26200,12.76,2053,N/A,N/A,1.48,17659,1.26
33530,세종공업,자동차 신품 부품 제조업,"25,035,775","12,517,887,500",6370,276.96,23,N/A,N/A,0.37,17060,0.79
33780,케이티앤지,담배 제조업,"137,292,497","954,959,485,000",86300,11.22,7695,11,8085,1.31,65705,5.1
33920,무학,알코올음료 제조업,"28,500,000","5,700,000,000",5480,N/A,-1843,N/A,N/A,0.33,16706,N/A
34020,두산중공업,일반 목적용 기계 제조업,"253,140,778","1,265,703,890,000",9140,N/A,-3884,N/A,N/A,0.98,9303,N/A
34120,SBS,텔레비전 방송업,"18,252,582","91,262,910,000",15550,31.22,498,33,471,0.49,31825,0.96
34220,LG디스플레이,전자부품 제조업,"357,815,700","1,789,078,500,000",12400,N/A,-8294,-5,-2360,0.39,31773,N/A
34300,신세계건설,건물 건설업,"4,000,000","20,000,000,000",24950,6.48,3852,N/A,N/A,0.51,48914,3.21
34310,NICE,회사 본부 및 경영 컨설팅 서비스업,"37,882,300","18,941,150,000",20250,37.99,533,N/A,N/A,1.13,17999,1.14
34590,인천도시가스,연료용 가스 제조 및 배관공급업,"4,374,754","21,873,770,000",24400,11.41,2138,N/A,N/A,0.55,44444,5.12
34830,한국토지신탁,신탁업 및 집합투자업,"252,489,230","252,489,230,000",1745,3.88,450,N/A,N/A,0.46,3755,6.3
35000,지투알,회사 본부 및 경영 컨설팅 서비스업,"16,567,409","17,571,493,000",5100,5.19,983,N/A,N/A,0.62,8228,5.88
35150,백산,플라스틱제품 제조업,"24,200,000","14,000,000,000",5160,12.2,423,N/A,N/A,0.81,6360,1.94
35250,강원랜드,유원지 및 기타 오락관련 서비스업,"213,940,500","106,970,250,000",22800,64.04,356,-35,-644,1.37,16650,3.95
35420,NAVER,"자료처리, 호스팅, 포털 및 기타 인터넷 정보매개 서비스업","164,263,395","16,481,339,500",314000,81.07,3873,56,5632,6.87,45682,0.12
35510,신세계I&C,"컴퓨터 프로그래밍, 시스템 통합 및 관리업","1,720,000","8,600,000,000",131000,14.6,8972,N/A,N/A,1.07,121926,1.53
35720,카카오,"자료처리, 호스팅, 포털 및 기타 인터넷 정보매개 서비스업","88,013,995","44,056,997,500",353000,N/A,-2962,90,3920,5.39,65538,0.04
36420,제이콘텐트리,"영화, 비디오물, 방송프로그램 제작 및 배급업","16,385,071","81,925,355,000",29300,N/A,-1194,-106,-276,1.54,19074,N/A
36460,한국가스공사,연료용 가스 제조 및 배관공급업,"92,313,000","461,565,000,000",24800,50.41,492,9,2915,0.26,94349,1.53
36570,엔씨소프트,소프트웨어 개발 및 공급업,"21,954,022","10,977,011,000",865000,39.6,21842,23,37233,6.87,125855,0.6
36580,팜스코,"곡물가공품, 전분 및 전분제품 제조업","36,727,943","18,363,971,500",6010,N/A,-692,N/A,N/A,0.77,7757,0.83
37270,YG PLUS,"자료처리, 호스팅, 포털 및 기타 인터넷 정보매개 서비스업","58,170,704","29,710,352,000",4025,N/A,-133,N/A,N/A,2.71,1486,N/A
37560,LG헬로비전,텔레비전 방송업,"77,446,865","193,617,162,500",4015,N/A,-1259,13,307,0.33,12263,1.87
37710,광주신세계,종합 소매업,"1,600,000","8,000,000,000",139000,5.07,27437,N/A,N/A,0.33,418042,2.52
39130,하나투어,여행사 및 기타 여행보조 서비스업,"13,939,185","6,969,592,500",38600,N/A,-3771,-6,-6265,1.84,20924,2.59
39490,키움증권,금융 지원 서비스업,"22,099,740","110,498,700,000",107000,12.68,8441,7,16347,1.26,84952,1.87
39570,HDC아이콘트롤스,전기 및 통신 공사업,"16,460,000","8,230,000,000",8530,N/A,-306,N/A,N/A,0.85,10065,4.1
41650,상신브레이크,자동차 신품 부품 제조업,"21,471,450","10,735,725,000",2600,N/A,-134,N/A,N/A,0.31,8359,3.85
42660,대우조선해양,선박 및 보트 건조업,"107,205,752","541,028,760,000",23400,2925,8,7,3379,0.63,37306,N/A
42670,두산인프라코어,특수 목적용 기계 제조업,"209,352,765","1,046,763,825,000",7590,7.74,981,10,739,0.66,11451,N/A
42700,한미반도체,특수 목적용 기계 제조업,"51,501,501","12,716,420,500",11750,25.16,467,N/A,N/A,2.65,4439,0.85
44380,주연테크,컴퓨터 및 주변장치 제조업,"54,612,089","10,922,417,800",1170,N/A,-53,N/A,N/A,1.48,792,N/A
44450,KSS해운,해상 운송업,"23,185,880","11,592,940,000",8750,8.67,1009,N/A,N/A,0.67,12990,3.09
47040,대우건설,건물 건설업,"415,622,638","2,078,113,190,000",3510,6.82,515,6,636,0.56,6259,N/A
47050,포스코인터내셔널,상품 중개업,"123,375,149","616,875,745,000",13900,8.14,1708,6,2181,0.56,24723,5.04
47400,유니온머티리얼,"내화, 비내화 요업제품 제조업","42,000,000","21,000,000,000",5510,54.55,101,N/A,N/A,2.66,2070,0.91
47810,한국항공우주,"항공기,우주선 및 부품 제조업","97,475,107","487,375,535,000",23650,11.12,2126,13,1772,1.95,12146,1.69
49770,동원F&B,기타 식품 제조업,"3,859,124","19,295,620,000",183000,10.94,16722,10,18314,1.02,179696,1.64
49800,우진플라임,특수 목적용 기계 제조업,"10,000,000","5,000,000,000",3390,N/A,-683,N/A,N/A,0.62,5424,N/A
51600,한전KPS,전기 및 통신 공사업,"45,000,000","9,000,000,000",29500,8.26,3570,9,3214,1.31,22502,6.51
51630,진양화학,플라스틱제품 제조업,"12,000,000","6,000,000,000",3670,N/A,-99,N/A,N/A,1.63,2255,N/A
51900,LG생활건강,기타 화학제품 제조업,"15,618,197","88,589,470,000",1432000,32.31,44318,32,44813,5.64,253945,0.77
51910,LG화학,기초 화학물질 제조업,"70,592,343","391,405,715,000",746000,417.23,1788,56,13285,3.36,221970,0.27
52690,한전기술,"건축기술, 엔지니어링 및 관련 기술 서비스업","38,220,000","7,644,000,000",17150,29.42,583,27,628,1.35,12685,1.81
53210,케이티스카이라이프,텔레비전 방송업,"47,821,966","119,554,915,000",9360,7.63,1226,6,1464,0.64,14715,3.74
53690,한미글로벌,"건축기술, 엔지니어링 및 관련 기술 서비스업","10,957,550","5,478,775,000",9010,14.53,620,N/A,N/A,0.76,11799,2.22
55490,테이팩스,플라스틱제품 제조업,"4,717,650","3,771,825,000",26650,14.71,1812,N/A,N/A,1.22,21781,N/A
57050,현대홈쇼핑,무점포 소매업,"12,000,000","60,000,000,000",62100,9.06,6858,6,11287,0.41,150306,3.22
58430,포스코강판,1차 철강 제조업,"6,000,000","30,000,000,000",13200,18.86,700,N/A,N/A,0.37,36133,3.03
58650,세아홀딩스,1차 철강 제조업,"4,000,000","20,000,000,000",73700,7.36,10014,N/A,N/A,0.15,498748,3.05
58730,다스코,"구조용 금속제품, 탱크 및 증기발생기 제조업","15,400,000","8,000,000,000",4675,N/A,-106,N/A,N/A,0.57,8138,N/A
58850,KTcs,기타 정보 서비스업,"42,685,000","23,842,500,000",1900,10.33,184,N/A,N/A,0.5,3767,4.21
58860,KTis,기타 정보 서비스업,"34,802,000","17,401,000,000",2250,9.45,238,N/A,N/A,0.45,5014,4
63160,종근당바이오,의약품 제조업,"5,485,962","13,714,905,000",59000,26,2269,N/A,N/A,1.99,29682,0.32
64350,현대로템,철도장비 제조업,"85,000,000","425,000,000,000",17650,N/A,-4318,86,205,1.39,12697,N/A
64960,S&T모티브,자동차 신품 부품 제조업,"14,623,136","73,115,680,000",50300,8.64,5823,10,4822,0.94,53564,2.78
66570,LG전자,통신 및 방송 장비 제조업,"163,647,814","904,169,030,000",77200,28.73,2687,10,8089,0.91,84434,0.97
67830,세이브존I&C,종합 소매업,"41,040,895","41,040,895,000",2225,5.08,438,N/A,N/A,0.19,11893,1.35
68270,셀트리온,기초 의약물질 및 생물학적 제제 제조업,"134,939,385","134,939,385,000",314500,125.1,2514,82,3858,14.52,21666,N/A
68290,삼성출판사,"서적, 잡지 및 기타 인쇄물 출판업","10,000,000","5,000,000,000",21700,135.62,160,N/A,N/A,2.41,9002,0.46
68400,SK렌터카,운송장비 임대업,"35,765,140","17,882,570,000",9500,11.79,806,N/A,N/A,0.92,10326,N/A
69260,휴켐스,기타 화학제품 제조업,"40,878,588","40,878,588,000",16300,9.14,1784,9,1777,0.98,16670,6.14
69460,대호에이엘,1차 비철금속 제조업,"27,134,839","13,567,419,500",2230,N/A,-186,N/A,N/A,2.61,856,N/A
69620,대웅제약,의약품 제조업,"11,586,575","28,966,437,500",117000,80.58,1452,N/A,N/A,2.32,50342,0.51
69640,한세엠케이,"섬유, 의복, 신발 및 가죽제품 소매업","12,909,322","6,454,661,000",2545,N/A,-3398,N/A,N/A,0.29,8803,N/A
69730,DSR제강,1차 철강 제조업,"14,400,000","7,200,000,000",4225,7.85,538,N/A,N/A,0.42,10019,0.95
69960,현대백화점,종합 소매업,"23,402,441","117,012,205,000",60200,9.04,6662,9,6414,0.32,189387,1.66
70960,용평리조트,일반 및 생활 숙박시설 운영업,"48,133,333","240,666,665,000",4455,N/A,-342,N/A,N/A,0.55,8137,N/A
71090,하이스틸,1차 철강 제조업,"1,999,944","9,999,720,000",17000,36.32,468,N/A,N/A,0.27,63522,0.59
71320,지역난방공사,"증기, 냉·온수 및 공기조절 공급업","11,578,744","57,893,720,000",34550,71.98,480,N/A,N/A,0.25,139583,N/A
71840,롯데하이마트,가전제품 및 정보통신장비 소매업,"23,607,712","118,038,560,000",29650,N/A,-4402,9,3452,0.37,80809,3.37
71950,코아스,가구 제조업,"30,907,210","15,453,605,000",1140,18.39,62,N/A,N/A,1.38,828,N/A
71970,STX중공업,일반 목적용 기계 제조업,"28,365,976","70,914,940,000",2350,N/A,-1246,N/A,N/A,0.51,4636,N/A
72130,유엔젤,"자료처리, 호스팅, 포털 및 기타 인터넷 정보매개 서비스업","13,195,454","6,597,727,000",3115,N/A,-310,N/A,N/A,1.04,3003,N/A
73240,금호타이어,고무제품 제조업,"287,260,287","1,436,301,435,000",2855,N/A,-315,N/A,N/A,0.66,4298,N/A
74610,이엔플러스,일반 목적용 기계 제조업,"39,324,219","19,662,109,500",5200,N/A,-828,N/A,N/A,4.05,1284,N/A
75180,새론오토모티브,자동차 신품 부품 제조업,"19,200,000","9,600,000,000",4200,N/A,-369,N/A,N/A,0.38,11183,3.33
75580,세진중공업,선박 및 보트 건조업,"38,372,720","21,986,360,000",6400,N/A,-19,N/A,N/A,1.56,4096,0.31
77500,유니퀘스트,기계장비 및 관련 물품 도매업,"27,280,975","13,640,487,500",10500,16.85,623,N/A,N/A,1.31,8025,1.43
77970,STX엔진,일반 목적용 기계 제조업,"23,008,904","57,522,260,000",5790,11.31,512,N/A,N/A,0.67,8588,N/A
78000,텔코웨어,"자료처리, 호스팅, 포털 및 기타 인터넷 정보매개 서비스업","9,702,706","5,026,353,000",12550,38.5,326,N/A,N/A,0.67,18817,4.38
78520,에이블씨엔씨,기타 화학제품 제조업,"27,033,459","13,516,729,500",8120,N/A,-707,N/A,N/A,0.89,9161,N/A
79160,CJ CGV,"영화, 비디오물, 방송프로그램 제작 및 배급업","35,100,000","17,550,000,000",18800,N/A,-10048,-3,-7141,2.74,6853,N/A
79430,현대리바트,가구 제조업,"20,535,282","20,535,282,000",21500,20.17,1066,11,1917,0.93,23176,0.7
79550,LIG넥스원,무기 및 총포탄 제조업,"22,000,000","110,000,000,000",33150,27.35,1212,17,1899,1.13,29280,1.81
79980,휴비스,화학섬유 제조업,"34,500,000","172,500,000,000",7030,111.59,63,N/A,N/A,0.59,12008,2.13
81000,일진다이아,기타 화학제품 제조업,"14,202,975","14,202,975,000",57300,62.55,916,N/A,N/A,4.55,12606,0.52
81660,휠라홀딩스,생활용품 도매업,"60,752,222","61,674,420,000",32350,8.59,3767,11,3042,1.5,21586,0.68
82740,HSD엔진,일반 목적용 기계 제조업,"32,947,142","32,947,142,000",4720,N/A,-704,13,366,0.8,5904,N/A
83420,그린케미칼,기타 화학제품 제조업,"24,000,000","12,000,000,000",3545,12.31,288,N/A,N/A,0.77,4606,4.56
84010,대한제강,1차 철강 제조업,"24,646,734","24,646,734,000",6490,5.61,1157,N/A,N/A,0.31,20805,3.08
84670,동양고속,육상 여객 운송업,"2,895,569","16,959,295,000",26650,2.94,9063,N/A,N/A,0.58,46151,17.64
84680,이월드,유원지 및 기타 오락관련 서비스업,"103,139,897","103,139,897,000",3790,111.47,34,N/A,N/A,1.41,2694,N/A
84870,티비에이치글로벌,봉제의복 제조업,"20,856,819","10,428,409,500",1705,N/A,-4847,N/A,N/A,0.43,3978,N/A
85310,엔케이,"구조용 금속제품, 탱크 및 증기발생기 제조업","79,983,352","39,991,676,000",996,N/A,-314,N/A,N/A,0.87,1142,N/A
86280,현대글로비스,기타 운송관련 서비스업,"37,500,000","18,750,000,000",122000,8.22,14848,9,13297,0.98,123877,2.87
88790,진도,기타 전문 도매업,"12,447,744","6,223,872,000",2635,N/A,-96,N/A,N/A,0.33,7940,3.8
89470,HDC현대EP,기타 화학제품 제조업,"31,900,000","17,200,000,000",4505,15.64,288,N/A,N/A,0.45,9912,2.66
89590,제주항공,항공 여객 운송업,"26,356,758","131,783,790,000",15450,N/A,-6108,-2,-7668,1.99,7755,N/A
90080,평화산업,자동차 신품 부품 제조업,"54,902,259","27,451,129,500",1165,N/A,-154,N/A,N/A,2.12,550,N/A
90350,노루페인트,기타 화학제품 제조업,"20,000,000","10,231,563,000",7370,7.33,1005,N/A,N/A,0.47,15731,3.73
90370,메타랩스,봉제의복 제조업,"63,689,937","31,844,968,500",1370,N/A,-458,N/A,N/A,1.33,1032,N/A
90430,아모레퍼시픽,기타 화학제품 제조업,"58,458,490","34,508,160,000",169500,62.57,2709,74,2293,2.58,65735,0.59
91090,세원셀론텍,"구조용 금속제품, 탱크 및 증기발생기 제조업","61,908,841","30,954,420,500",2690,N/A,-38,N/A,N/A,0.91,2944,N/A
91810,티웨이항공,항공 여객 운송업,"46,974,812","23,487,406,000",2750,N/A,-2089,-1,-2960,0.84,3273,N/A
92200,디아이씨,자동차 신품 부품 제조업,"38,888,569","19,444,284,500",1690,N/A,-1567,N/A,N/A,0.44,3876,N/A
92220,KEC,반도체 제조업,"116,706,940","58,353,470,000",808,N/A,-146,N/A,N/A,0.45,1796,N/A
92230,KPX홀딩스,기초 화학물질 제조업,"4,224,646","21,123,230,000",42750,6.39,6685,N/A,N/A,0.28,152781,6.08
92440,기신정기,특수 목적용 기계 제조업,"29,200,000","14,600,000,000",3120,10.47,298,N/A,N/A,0.38,8125,4.81
92780,동양피스톤,자동차용 엔진 및 자동차 제조업,"13,168,460","6,584,230,000",5290,6.89,768,N/A,N/A,0.62,8468,2.27
93050,LF,봉제의복 제조업,"29,240,000","146,200,000,000",12350,7.16,1724,N/A,N/A,0.29,42158,4.05
93230,이아이디,기타 전문 도매업,"553,342,542","110,668,508,400",247,20.58,12,N/A,N/A,0.99,250,N/A
93240,형지엘리트,봉제의복 제조업,"31,154,798","15,577,399,000",1775,N/A,-319,N/A,N/A,0.9,1980,N/A
93370,후성,기초 화학물질 제조업,"92,606,819","46,303,409,500",9110,455.5,20,N/A,N/A,3.97,2293,0.17
94280,효성 ITX,기타 사업지원 서비스업,"11,558,200","5,779,100,000",29800,33.18,898,N/A,N/A,8.18,3645,1.68
95570,AJ네트웍스,산업용 기계 및 장비 임대업,"46,822,295","46,822,295,000",3225,N/A,-1690,N/A,N/A,0.48,6659,9.3
95720,웅진씽크빅,초등 교육기관,"117,401,592","58,700,796,000",2610,N/A,-1234,N/A,N/A,0.82,3176,11.9
96770,SK이노베이션,석유 정제품 제조업,"92,465,564","468,569,950,000",184000,N/A,-19095,-11,-17507,1,184800,1.63
97230,한진중공업,토목 건설업,"83,274,281","416,371,405,000",6390,6.9,926,N/A,N/A,2.22,2879,N/A
97950,CJ제일제당,기타 식품 제조업,"15,054,186","81,908,095,000",424000,12.51,33901,10,43929,1.26,336603,0.82
100220,비상교육,"서적, 잡지 및 기타 인쇄물 출판업","12,996,741","6,498,370,500",6930,N/A,-70,N/A,N/A,0.42,16341,3.61
100250,진양홀딩스,플라스틱제품 제조업,"55,895,292","27,947,646,000",2400,9.49,253,N/A,N/A,0.43,5532,7.08
100840,S&TC,일반 목적용 기계 제조업,"7,506,711","3,753,355,500",15350,5.01,3065,N/A,N/A,0.44,35168,5.21
101060,SBS미디어홀딩스,텔레비전 방송업,"139,896,190","69,948,095,000",1875,N/A,-504,N/A,N/A,0.42,4417,N/A
101140,비티원,생활용품 도매업,"41,244,464","20,622,232,000",3885,11.36,342,N/A,N/A,2.29,1695,N/A
101530,해태제과식품,기타 식품 제조업,"29,116,822","14,558,411,000",8140,N/A,-1065,N/A,N/A,0.89,9126,1.84
102260,동성코퍼레이션,회사 본부 및 경영 컨설팅 서비스업,"43,993,012","43,993,012,000",4000,23.67,169,N/A,N/A,0.64,6271,5
102280,쌍방울,봉제의복 제조업,"139,359,627","69,679,813,500",797,N/A,-412,N/A,N/A,0.76,1048,N/A
102460,이연제약,의약품 제조업,"16,770,000","8,385,000,000",20100,106.35,189,N/A,N/A,1.55,12973,1.74
103140,풍산,1차 비철금속 제조업,"28,024,278","140,121,390,000",25250,133.6,189,13,1873,0.52,49014,1.58
103590,일진전기,절연선 및 케이블 제조업,"37,080,390","37,080,390,000",2800,8.59,326,N/A,N/A,0.34,8313,N/A
104700,한국철강,1차 철강 제조업,"46,050,000","46,050,000,000",4505,10.68,422,N/A,N/A,0.29,15739,4.44
105630,한세실업,봉제의복 제조업,"40,000,000","20,000,000,000",10550,N/A,-471,58,181,1.13,9357,4.74
105840,우진,"측정, 시험, 항해, 제어 및 기타 정밀기기 제조업; 광학기기 제외","20,202,234","10,101,117,000",3765,N/A,-435,N/A,N/A,0.67,5587,2.66
108670,LG하우시스,플라스틱제품 제조업,"8,967,670","50,000,000,000",60000,35.23,1703,19,3153,0.65,92677,0.42
109070,컨버즈,"골판지, 종이 상자 및 종이용기 제조업","3,590,507","1,795,253,500",4100,N/A,-3636,N/A,N/A,1.39,2941,N/A
111110,호전실업,봉제의복 제조업,"8,000,000","4,657,880,000",8500,32.82,259,N/A,N/A,0.57,14962,2.94
111770,영원무역,상품 종합 도매업,"44,311,468","22,155,734,000",23650,5.89,4017,7,3273,0.56,42095,1.69
112610,씨에스윈드,"구조용 금속제품, 탱크 및 증기발생기 제조업","17,285,715","8,642,857,500",80200,42.03,1908,24,3332,3.52,22798,0.57
114090,GKL,유원지 및 기타 오락관련 서비스업,"61,855,670","30,927,835,000",13050,10.3,1267,237,55,1.42,9169,5.05
115390,락앤락,플라스틱제품 제조업,"54,186,600","27,500,000,000",12100,53.07,228,N/A,N/A,0.94,12916,N/A
117580,대성에너지,연료용 가스 제조 및 배관공급업,"27,500,000","27,500,000,000",5070,13.63,372,N/A,N/A,0.45,11328,4.93
118000,우리들휴브레인,기계장비 및 관련 물품 도매업,"41,993,250","20,996,625,000",3400,N/A,-156,N/A,N/A,3.31,1028,N/A
119650,KC코트렐,일반 목적용 기계 제조업,"13,000,000","6,500,000,000",6180,N/A,-293,N/A,N/A,1.14,5432,0.49
120030,조선선재,기타 금속 가공제품 제조업,"1,257,651","628,825,500",107500,9.29,11573,N/A,N/A,1,107528,1.39
120110,코오롱인더,화학섬유 제조업,"26,978,840","148,733,500,000",35000,6.01,5824,4,7778,0.49,70894,2.57
122900,아이마켓코리아,상품 종합 도매업,"35,393,340","18,166,670,000",8200,18.1,453,N/A,N/A,0.76,10836,7.32
123690,한국화장품,생활용품 도매업,"16,068,000","8,034,000,000",14250,N/A,-1202,N/A,N/A,6.94,2054,N/A
123700,에스제이엠,자동차 신품 부품 제조업,"15,604,898","7,802,449,000",2565,4.14,620,N/A,N/A,0.25,10466,4.87
123890,한국자산신탁,신탁업 및 집합투자업,"123,977,752","61,988,876,000",3070,4,767,N/A,N/A,0.56,5472,5.93
126560,현대에이치씨엔,텔레비전 방송업,"112,876,596","56,438,298,000",4110,12.97,317,N/A,N/A,0.61,6748,1.46
128820,대성산업,연료 소매업,"45,235,478","226,177,390,000",3225,N/A,-1768,N/A,N/A,0.26,12325,N/A
128940,한미약품,의약품 제조업,"11,843,029","29,607,572,500",353500,89.25,3961,95,3734,5.72,61812,0.14
129260,인터지스,도로 화물 운송업,"29,747,874","14,873,937,000",2800,N/A,-771,N/A,N/A,0.43,6490,N/A
130660,한전산업,"건축기술, 엔지니어링 및 관련 기술 서비스업","32,600,000","16,300,000,000",3245,6.29,516,N/A,N/A,1.27,2555,6.99
133820,화인베스틸,1차 철강 제조업,"29,550,000","16,050,000,000",2655,N/A,-338,N/A,N/A,0.88,3034,N/A
134380,미원화학,기타 화학제품 제조업,"2,199,268","2,404,080,000",50900,7.43,6849,N/A,N/A,0.99,51597,1.97
134790,시디즈,가구 제조업,"2,000,000","1,000,000,000",57000,12.52,4553,N/A,N/A,2.71,21002,0.53
136490,선진,동물용 사료 및 조제식품 제조업,"23,779,604","11,889,802,000",10100,8.79,1149,N/A,N/A,0.72,13947,0.5
138250,엔에스쇼핑,무점포 소매업,"33,696,000","16,848,000,000",12000,N/A,-186,41,295,0.92,12990,1.25
138490,코오롱플라스틱,합성고무 및 플라스틱 물질 제조업,"38,000,000","38,000,000,000",4650,52.25,89,N/A,N/A,0.91,5087,1.5
139480,이마트,종합 소매업,"27,875,819","139,379,095,000",114500,14.86,7705,11,10880,0.36,316506,1.75
143210,핸즈코퍼레이션,자동차 신품 부품 제조업,"21,863,268","10,931,634,000",6700,20.18,332,N/A,N/A,0.44,15176,1.94
144620,코오롱머티리얼,화학섬유 제조업,"68,658,635","68,658,635,000",2890,N/A,-562,N/A,N/A,2.89,1001,N/A
145210,세화아이엠씨,특수 목적용 기계 제조업,"81,094,734","40,547,367,000",1130,N/A,-101,N/A,N/A,1.94,582,N/A
145720,덴티움,의료용 기기 제조업,"11,068,830","6,184,415,000",44000,54.46,808,14,3092,1.79,24534,N/A
145990,삼양사,기타 식품 제조업,"10,313,449","53,417,595,000",65100,13.78,4724,N/A,N/A,0.59,110369,1.54
152330,코리아오토글라스,유리 및 유리제품 제조업,"20,000,000","100,000,000,000",14500,8.61,1684,N/A,N/A,0.82,17723,6.21
155660,DSR,1차 비철금속 제조업,"16,000,000","8,000,000,000",3915,7.05,555,N/A,N/A,0.4,9740,1.28
161000,애경유화,기초 화학물질 제조업,"32,040,000","16,020,000,000",7630,6.33,1205,N/A,N/A,0.66,11586,4.59
161390,한국타이어앤테크놀로지,고무제품 제조업,"123,875,069","61,937,534,500",28800,9.06,3178,11,2695,0.49,58634,1.91
161890,한국콜마,기타 화학제품 제조업,"22,881,180","11,440,590,000",49750,41.46,1200,19,2580,2.38,20882,0.66
163560,동일고무벨트,고무제품 제조업,"13,650,000","6,825,000,000",8070,8.96,901,N/A,N/A,0.55,14564,1.21
170900,동아에스티,의약품 제조업,"8,443,868","42,219,340,000",102000,8.86,11509,N/A,N/A,1.23,82868,0.98
180640,한진칼,항공 여객 운송업,"59,170,458","149,268,060,000",83900,N/A,-8354,N/A,N/A,5.18,16188,0.3
181710,엔에이치엔,소프트웨어 개발 및 공급업,"19,565,025","9,782,512,500",82300,84.15,978,20,4028,0.97,84732,N/A
183190,아세아시멘트,"시멘트, 석회, 플라스터 및 그 제품 제조업","3,895,809","19,479,045,000",60600,8.75,6927,N/A,N/A,0.3,200271,2.47
185750,종근당,의약품 제조업,"10,885,685","27,214,212,500",178500,31.9,5596,27,6614,4.02,44440,0.48
192080,더블유게임즈,소프트웨어 개발 및 공급업,"18,374,502","9,187,251,000",78300,12.39,6320,10,7857,1.84,42480,0.45
192650,드림텍,전자부품 제조업,"62,075,008","6,280,956,600",18400,53.03,347,N/A,N/A,5.05,3646,0.87
192820,코스맥스,기타 화학제품 제조업,"10,049,509","5,024,754,500",90900,33.07,2749,22,4080,2.63,34588,0.99
194370,제이에스코퍼레이션,"가죽, 가방 및 유사제품 제조업","13,335,601","1,333,560,100",6840,13.39,511,N/A,N/A,0.56,12203,7.31
195870,해성디에스,전자부품 제조업,"17,000,000","85,000,000,000",19950,12.59,1585,9,2129,1.6,12452,1.75
200880,서연이화,자동차 신품 부품 제조업,"27,028,437","13,514,218,500",4930,N/A,-2226,N/A,N/A,0.22,22821,2.03
204320,만도,자동차 신품 부품 제조업,"46,957,120","46,957,120,000",31200,14.36,2172,-205,-152,0.95,32859,1.76
207940,삼성바이오로직스,기초 의약물질 및 생물학적 제제 제조업,"66,165,000","165,412,500,000",768000,182.77,4202,233,3300,11.57,66373,N/A
210540,디와이파워,특수 목적용 기계 제조업,"11,041,708","5,520,854,000",10850,7.68,1412,N/A,N/A,0.7,15520,1.84
213500,한솔제지,"펄프, 종이 및 판지 제조업","23,800,576","119,002,880,000",13900,6.3,2206,N/A,N/A,0.55,25432,4.32
214320,이노션,광고업,"20,000,000","10,000,000,000",49650,13.13,3782,14,3475,1.33,37366,3.02
214330,금호에이치티,자동차 신품 부품 제조업,"28,877,149","14,438,574,500",2040,N/A,-62,N/A,N/A,0.9,2272,N/A
214390,경보제약,기초 의약물질 및 생물학적 제제 제조업,"23,906,860","11,953,430,000",11900,55.35,215,N/A,N/A,1.92,6212,0.84
214420,토니모리,기타 화학제품 제조업,"17,640,000","3,528,000,000",10550,N/A,-716,N/A,N/A,2.07,5104,N/A
226320,잇츠한불,기타 화학제품 제조업,"21,929,315","10,964,657,500",27750,N/A,-205,N/A,N/A,1.19,23304,0.36
227840,현대코퍼레이션홀딩스,음·식료품 및 담배 도매업,"9,100,836","45,504,180,000",10550,8.4,1256,N/A,N/A,0.5,20950,4.74
234080,JW생명과학,의약품 제조업,"15,834,554","39,586,385,000",20800,14.32,1453,N/A,N/A,2.71,7682,2.4
241560,두산밥캣,특수 목적용 기계 제조업,"100,249,166","50,124,583,000",27150,11.48,2366,15,1844,0.66,41019,4.42
241590,화승엔터프라이즈,신발 및 신발 부분품 제조업,"60,536,670","30,268,335,000",11050,13.38,826,14,774,1.35,8176,0.41
248170,샘표식품,기타 식품 제조업,"4,568,286","2,284,143,000",49450,7.34,6741,N/A,N/A,1.37,36223,0.4
249420,일동제약,의약품 제조업,"23,803,285","23,803,285,000",16150,N/A,-859,N/A,N/A,1.53,10558,0
251270,넷마블,소프트웨어 개발 및 공급업,"85,800,897","8,580,089,700",151000,75.88,1990,50,3018,2.61,57764,N/A
264900,크라운제과,기타 식품 제조업,"12,523,850","2,659,482,000",8600,5.83,1476,N/A,N/A,0.79,10923,2.91
267250,현대중공업지주,석유 정제품 제조업,"15,798,617","81,433,085,000",232000,N/A,-7856,-21,-10893,0.45,521122,7.97
267260,현대일렉트릭,"전동기, 발전기 및 전기 변환 · 공급 · 제어 장치 제조업","36,047,135","180,235,675,000",12250,N/A,-8384,27,459,0.63,19597,N/A
267270,현대건설기계,일반 목적용 기계 제조업,"19,700,793","98,503,965,000",24150,N/A,-1717,19,1240,0.38,64204,N/A
267290,경동도시가스,연료용 가스 제조 및 배관공급업,"5,895,406","14,738,515,000",16750,4.74,3536,N/A,N/A,0.29,57956,5.22
267850,아시아나IDT,"컴퓨터 프로그래밍, 시스템 통합 및 관리업","11,100,000","5,550,000,000",22050,N/A,-751,N/A,N/A,1.8,12241,2.27
268280,미원에스씨,기초 화학물질 제조업,"5,100,000","2,633,945,500",80300,10.18,7887,N/A,N/A,1.64,49016,2.12
271560,오리온,기타 식품 제조업,"39,536,132","19,768,066,000",145000,24.15,6004,20,7299,3.39,42788,0.41
271980,제일약품,의약품 제조업,"14,704,872","7,352,436,000",55300,N/A,-484,N/A,N/A,4.68,11827,0.13
272210,한화시스템,전자부품 제조업,"110,230,389","551,151,945,000",10350,14.66,706,16,646,1.21,8574,2.99
272450,진에어,항공 여객 운송업,"30,000,000","30,000,000,000",9720,N/A,-4475,-2,-4979,1.99,4885,N/A
272550,삼양패키징,플라스틱제품 제조업,"14,209,804","71,049,020,000",19200,9.11,2107,N/A,N/A,0.98,19530,3.91
280360,롯데제과,기타 식품 제조업,"6,416,717","3,208,358,500",107500,23.27,4620,N/A,N/A,0.58,184521,1.21
281820,케이씨텍,"측정, 시험, 항해, 제어 및 기타 정밀기기 제조업; 광학기기 제외","19,839,340","9,919,670,000",23050,11.76,1960,N/A,N/A,1.56,14788,0.87
282330,BGF리테일,종합 소매업,"17,283,906","17,283,906,000",129500,15.71,8241,15,8527,3.81,34021,2.09
282690,동아타이어,고무제품 제조업,"13,733,015","6,866,507,500",10450,6.26,1669,N/A,N/A,0.41,25655,4.78
284740,쿠쿠홈시스,개인 및 가정용품 임대업,"22,437,330","2,243,733,000",39300,14.78,2659,N/A,N/A,1.97,19947,1.42
285130,SK케미칼,합성고무 및 플라스틱 물질 제조업,"11,741,396","66,000,330,000",339000,145.62,2328,22,15739,6.18,54853,0.13
286940,롯데정보통신,"컴퓨터 프로그래밍, 시스템 통합 및 관리업","15,396,331","76,981,655,000",35600,9.85,3613,13,2675,1.4,25476,1.97
293480,하나제약,의약품 제조업,"16,200,000","8,100,000,000",25350,15.14,1674,N/A,N/A,1.82,13930,1.82
294870,HDC현대산업개발,건물 건설업,"65,907,330","329,536,650,000",23800,2.8,8502,4,5700,0.6,39950,1.84
298000,효성화학,기초 화학물질 제조업,"3,190,126","15,950,630,000",111000,4.7,23632,14,7707,0.78,142339,4.51
298020,효성티앤씨,화학섬유 제조업,"4,327,682","21,638,410,000",106000,5.15,20589,7,14709,0.9,117148,1.89
298040,효성중공업,"전동기, 발전기 및 전기 변환 · 공급 · 제어 장치 제조업","9,324,548","46,622,740,000",45750,N/A,-5348,N/A,N/A,0.5,91524,N/A
298050,효성첨단소재,화학섬유 제조업,"4,479,948","22,399,740,000",140000,N/A,-19449,-51,-2753,1.8,77646,N/A
298690,에어부산,항공 여객 운송업,"52,070,000","52,070,000,000",3900,N/A,-2623,N/A,N/A,4.37,892,N/A
300720,한일시멘트,"시멘트, 석회, 플라스터 및 그 제품 제조업","4,144,970","20,724,850,000",88700,8.62,10286,8,11204,0.42,210892,5.3
306200,세아제강,1차 철강 제조업,"2,836,300","14,181,500,000",66100,8.19,8068,N/A,N/A,0.32,205513,3.03
307950,현대오토에버,소프트웨어 개발 및 공급업,"21,000,000","10,500,000,000",41200,15.54,2652,N/A,N/A,1.71,24039,1.72
308170,센트랄모텍,자동차 신품 부품 제조업,"8,610,000","4,305,000,000",29200,37.34,782,N/A,N/A,2.51,11628,N/A
322000,현대에너지솔루션,반도체 제조업,"11,200,000","56,000,000,000",35400,12.7,2788,N/A,N/A,1.24,28650,N/A
326030,에스케이바이오팜,자연과학 및 공학 연구개발업,"78,313,250","39,156,625,000",179000,N/A,-1100,N/A,N/A,N/A,-1188,N/A
336260,두산퓨얼셀,"전동기, 발전기 및 전기 변환 · 공급 · 제어 장치 제조업","55,493,726","7,184,422,600",44400,67.68,656,178,249,19.53,2274,N/A
336370,두산솔루스,전자부품 제조업,"30,589,758","3,960,220,800",40100,88.91,451,53,752,10.38,3865,N/A
344820,케이씨씨글라스,유리 및 유리제품 제조업,"8,350,210","8,350,210,000",31200,N/A,N/A,N/A,N/A,0.29,108824,N/A
353200,대덕전자,전자부품 제조업,"49,416,925","25,756,222,000",12400,N/A,N/A,N/A,N/A,N/A,N/A,N/A
900140,엘브이엠씨,자동차 판매업,"51,120,439","12,780,110",3700,N/A,-996,N/A,N/A,0.57,6502,N/A
