,NAME,CODE,PRICE,PER,EPS,E_PER,E_EPS,PBR,BPS,ITR
0,CJ프레시웨이,051500,15800.0,N/A,-1039.0,-18.0,-893.0,1.05,15026.0,1.58
0,KB오토시스,024120,6500.0,8.17,796.0,N/A,N/A,0.73,8920.0,3.54
0,갤럭시아컴즈,094480,4995.0,21.81,229.0,N/A,N/A,2.08,2404.0,1.1
0,나노브릭,286750,19350.0,N/A,-183.0,N/A,N/A,6.38,3032.0,N/A
0,대유에이피,290120,6150.0,8.64,712.0,N/A,N/A,1.48,4151.0,3.25
0,디지틀조선,033130,3560.0,37.47,95.0,N/A,N/A,1.73,2055.0,0.84
0,메디톡스,086900,182100.0,163.32,1115.0,N/A,N/A,4.14,43957.0,0.43
0,바이넥스,053030,22350.0,81.27,275.0,N/A,N/A,4.3,5196.0,N/A
0,세종메디칼,258830,13400.0,28.63,468.0,N/A,N/A,1.92,6978.0,0.75
0,쌍용정보통신,010280,1240.0,1240.0,1.0,N/A,N/A,1.16,1071.0,N/A
0,아이원스,114810,8210.0,N/A,-239.0,N/A,N/A,0.85,9630.0,N/A
0,에스코넥,096630,1740.0,N/A,-251.0,N/A,N/A,1.18,1475.0,N/A
0,엠게임,058630,6190.0,14.1,439.0,N/A,N/A,2.85,2174.0,N/A
0,우리바이오,082850,1180.0,14.05,84.0,N/A,N/A,0.53,2215.0,N/A
0,유니테크노,241690,10900.0,22.61,482.0,N/A,N/A,1.88,5785.0,N/A
0,이엠넷,123570,4340.0,13.87,313.0,N/A,N/A,1.63,2659.0,0.69
0,제우스,079370,14500.0,32.22,450.0,N/A,N/A,0.68,21436.0,1.38
0,지엔씨에너지,119850,6580.0,24.01,274.0,N/A,N/A,1.3,5072.0,0.76
0,코스온,069110,4690.0,N/A,-448.0,N/A,N/A,1.02,4609.0,N/A
0,티앤알바이오팹,246710,14650.0,N/A,-741.0,N/A,N/A,5.26,2787.0,N/A
0,피델릭스,032580,1410.0,N/A,-55.0,N/A,N/A,1.02,1376.0,N/A
0,한일화학,007770,9810.0,23.81,412.0,N/A,N/A,0.37,26580.0,1.53
0,CS,065770,2535.0,N/A,-20.0,N/A,N/A,2.23,1135.0,N/A
0,SCI평가정보,036120,5370.0,31.4,171.0,N/A,N/A,8.85,607.0,1.28
0,나노엔텍,039860,11500.0,42.28,272.0,N/A,N/A,7.22,1593.0,N/A
0,뉴파워프라즈마,144960,6010.0,25.68,234.0,N/A,N/A,1.73,3468.0,N/A
0,디알텍,214680,1670.0,52.19,32.0,N/A,N/A,2.13,783.0,N/A
0,머큐리,100590,10450.0,497.62,21.0,N/A,N/A,2.2,4760.0,N/A
0,미래에셋벤처투자,100790,3965.0,21.67,183.0,N/A,N/A,1.25,3174.0,3.11
0,삼강엠앤티,100090,10200.0,N/A,-314.0,N/A,N/A,2.03,5013.0,N/A
0,삼화네트웍스,046390,1410.0,33.57,42.0,N/A,N/A,1.59,886.0,N/A
0,세명전기,017510,3960.0,28.29,140.0,N/A,N/A,0.87,4554.0,2.02
0,신라젠,215600,12100.0,N/A,-1526.0,N/A,N/A,17.41,695.0,N/A
0,아이에이,038880,443.0,443.0,1.0,N/A,N/A,1.77,250.0,N/A
0,에스제이케이,080440,498.0,N/A,-936.0,N/A,N/A,0.6,831.0,N/A
0,엑스큐어,070300,5480.0,N/A,-17.0,N/A,N/A,1.74,3156.0,N/A
0,오션브릿지,241790,17400.0,16.63,1046.0,N/A,N/A,2.67,6516.0,1.55
0,유안타제6호스팩,340360,1995.0,N/A,-29.0,N/A,N/A,1.03,1941.0,N/A
0,이엠앤아이,083470,1585.0,0.37,4262.0,N/A,N/A,6.86,231.0,N/A
0,잉크테크,049550,3210.0,N/A,-191.0,N/A,N/A,1.43,2237.0,N/A
0,지니뮤직,043610,3585.0,31.45,114.0,N/A,N/A,1.34,2674.0,N/A
0,케이엔더블유,105330,7000.0,N/A,-993.0,N/A,N/A,1.43,4888.0,N/A
0,코위버,056360,9690.0,4.71,2057.0,N/A,N/A,0.78,12435.0,2.06
0,테스나,131970,88700.0,30.06,2951.0,N/A,N/A,4.25,20887.0,0.22
0,펌텍코리아,251970,15550.0,8.85,1758.0,N/A,N/A,1.15,13520.0,2.12
0,한국아트라스비엑스,023890,45450.0,8.5,5345.0,N/A,N/A,0.46,99656.0,0.88
0,한탑,002680,1825.0,N/A,-529.0,N/A,N/A,1.16,1579.0,N/A
0,JTC,950170,4040.0,N/A,-868.0,N/A,N/A,0.61,6665.0,0.87
0,SGA솔루션즈,184230,841.0,N/A,-686.0,N/A,N/A,1.89,445.0,N/A
0,노터스,278650,26900.0,45.06,597.0,N/A,N/A,4.56,5898.0,N/A
0,덕신하우징,090410,1400.0,56.0,25.0,N/A,N/A,0.75,1855.0,N/A
0,디지털대성,068930,6120.0,9.95,615.0,N/A,N/A,1.53,4012.0,4.9
0,마크로밀엠브레인,169330,9070.0,N/A,N/A,N/A,N/A,N/A,N/A,1.54
0,비디아이,148140,5830.0,N/A,-39.0,N/A,N/A,2.31,2524.0,N/A
0,세운메디칼,100700,4030.0,18.32,220.0,N/A,N/A,1.8,2241.0,1.24
0,스맥,099440,1845.0,N/A,-504.0,N/A,N/A,0.48,3825.0,N/A
0,쎄미시스코,136510,8960.0,N/A,-991.0,N/A,N/A,1.93,4637.0,N/A
0,아프리카TV,067160,63200.0,22.68,2787.0,21.0,2968.0,5.93,10654.0,0.87
0,에스퓨얼셀,288620,42900.0,150.0,286.0,N/A,N/A,7.3,5878.0,0.12
0,엑셈,205100,3900.0,17.57,222.0,N/A,N/A,1.9,2049.0,N/A
0,오스테오닉,226400,3405.0,39.59,86.0,N/A,N/A,1.49,2278.0,N/A
0,유비벨록스,089850,8490.0,9.42,901.0,N/A,N/A,0.74,11409.0,N/A
0,이미지스,115610,2985.0,N/A,-1064.0,N/A,N/A,2.04,1464.0,N/A
0,지티지웰니스,219750,5030.0,N/A,-667.0,N/A,N/A,4.95,1017.0,N/A
0,코나아이,052400,13050.0,N/A,-458.0,N/A,N/A,2.23,5848.0,N/A
0,탑엔지니어링,065130,10000.0,10.4,962.0,N/A,N/A,0.77,13019.0,1.0
0,파워넷,037030,4570.0,10.43,438.0,N/A,N/A,1.03,4458.0,N/A
0,한국제7호스팩,291210,2070.0,172.5,12.0,N/A,N/A,1.12,1846.0,N/A
0,NHN벅스,104200,4670.0,19.06,245.0,N/A,N/A,0.89,5249.0,N/A
0,경남스틸,039240,1720.0,9.77,176.0,N/A,N/A,0.5,3445.0,5.23
0,넥스트BT,065170,2105.0,N/A,-154.0,N/A,N/A,2.61,807.0,N/A
0,덕산하이메탈,077360,8320.0,9.04,920.0,N/A,N/A,0.78,10727.0,N/A
0,라이온켐텍,171120,7830.0,10.79,726.0,N/A,N/A,1.31,5999.0,1.86
0,바이오스마트,038460,11200.0,10.75,1042.0,N/A,N/A,2.09,5359.0,0.56
0,선데이토즈,123420,26750.0,31.88,839.0,10.0,2743.0,1.68,15955.0,N/A
0,신원종합개발,017000,4720.0,3.79,1247.0,N/A,N/A,0.52,9109.0,N/A
0,아이엘사이언스,307180,3120.0,N/A,-140.0,N/A,N/A,6.37,490.0,N/A
0,에스모 머티리얼즈,087730,2720.0,N/A,-19242.0,N/A,N/A,8.24,330.0,N/A
0,에이치엘사이언스,239610,55400.0,14.0,3958.0,N/A,N/A,3.33,16628.0,0.72
0,엔에스엔,031860,1140.0,N/A,-279.0,N/A,N/A,1.16,982.0,N/A
0,옵티팜,153710,24850.0,N/A,-58.0,N/A,N/A,10.13,2453.0,N/A
0,유라테크,048430,12350.0,30.12,410.0,N/A,N/A,1.31,9443.0,0.81
0,인터플렉스,051370,14400.0,N/A,-1293.0,N/A,N/A,1.57,9173.0,N/A
0,조광ILI,044060,6160.0,41.62,148.0,N/A,N/A,1.09,5676.0,N/A
0,코맥스,036690,5870.0,24.56,239.0,N/A,N/A,1.29,4538.0,0.83
0,태웅,044490,13250.0,N/A,-1527.0,N/A,N/A,0.47,28391.0,N/A
0,퓨쳐켐,220100,10200.0,N/A,-935.0,N/A,N/A,9.63,1059.0,N/A
0,한국테크놀로지,053590,991.0,N/A,-336.0,N/A,N/A,3.87,256.0,N/A
0,IBKS제11호스팩,335890,2525.0,N/A,-29.0,N/A,N/A,1.31,1932.0,N/A
0,OQP,078590,5220.0,N/A,-163.0,N/A,N/A,3.9,1337.0,N/A
0,YBM넷,057030,7150.0,216.67,33.0,N/A,N/A,2.81,2544.0,N/A
0,구영테크,053270,1570.0,10.75,146.0,N/A,N/A,0.53,2982.0,1.91
0,네오크레마,311390,7590.0,46.28,164.0,N/A,N/A,1.47,5174.0,N/A
0,대한과학,131220,5810.0,35.86,162.0,N/A,N/A,1.56,3721.0,1.03
0,라온피플,300120,25800.0,26.17,986.0,N/A,N/A,4.42,5841.0,0.58
0,메가엠디,133750,3235.0,77.02,42.0,N/A,N/A,1.24,2608.0,1.55
0,보광산업,225530,6840.0,42.22,162.0,N/A,N/A,3.64,1880.0,0.73
0,삼보모터스,053700,5120.0,N/A,-887.0,N/A,N/A,0.4,12710.0,N/A
0,세원물산,024830,6280.0,4.48,1401.0,N/A,N/A,0.27,22886.0,0.4
0,아즈텍WB,032080,1685.0,12.04,140.0,N/A,N/A,0.37,4535.0,N/A
0,에스디시스템,121890,739.0,N/A,-1214.0,N/A,N/A,0.86,857.0,N/A
0,에코바이오,038870,8500.0,10.86,783.0,N/A,N/A,1.52,5603.0,N/A
0,엠아이텍,179290,4115.0,28.58,144.0,N/A,N/A,2.6,1585.0,1.22
0,와이제이엠게임즈,193250,1800.0,N/A,-93.0,N/A,N/A,1.34,1342.0,N/A
0,유아이디,069330,1055.0,N/A,-1301.0,N/A,N/A,0.93,1135.0,N/A
0,인피니트헬스케어,071200,7190.0,26.15,275.0,N/A,N/A,2.04,3532.0,N/A
0,젬백스링크,064800,1525.0,44.85,34.0,N/A,N/A,0.84,1816.0,0.66
0,카이노스메드,284620,5000.0,N/A,-78.0,N/A,N/A,52.08,96.0,N/A
0,토박스코리아,215480,1005.0,N/A,-15.0,N/A,N/A,1.9,528.0,N/A
0,프리엠스,053160,9860.0,N/A,-3.0,N/A,N/A,1.13,8710.0,0.51
0,한독크린텍,256150,22450.0,16.57,1355.0,N/A,N/A,2.35,9567.0,0.89
0,흥구석유,024060,6730.0,12.13,555.0,N/A,N/A,1.3,5182.0,2.23
0,광진실업,026910,3160.0,N/A,-240.0,N/A,N/A,0.74,4270.0,N/A
0,대신밸런스제6호스팩,307750,2060.0,N/A,-7.0,N/A,N/A,1.08,1910.0,N/A
0,디케이락,105740,9210.0,8.97,1027.0,N/A,N/A,0.83,11044.0,2.17
0,메지온,140410,174200.0,N/A,-2574.0,N/A,N/A,39.73,4385.0,N/A
0,뷰웍스,100120,36550.0,13.86,2638.0,N/A,N/A,2.19,16660.0,1.09
0,삼성머스트스팩3호,309930,2160.0,102.86,21.0,N/A,N/A,1.18,1828.0,N/A
0,소리바다,053110,391.0,N/A,-246.0,N/A,N/A,0.92,427.0,N/A
0,아시아경제,127710,1505.0,215.0,7.0,N/A,N/A,0.38,3984.0,N/A
0,야스,255440,14250.0,17.19,829.0,N/A,N/A,1.24,11526.0,1.05
0,에이에프더블류,312610,13700.0,25.7,533.0,N/A,N/A,1.92,7124.0,0.73
0,오디텍,080520,4935.0,37.67,131.0,N/A,N/A,0.47,10512.0,2.03
0,우주일렉트로,065680,26600.0,23.01,1156.0,N/A,N/A,1.17,22829.0,1.13
0,이그잭스,060230,1465.0,N/A,-52.0,N/A,N/A,1.96,748.0,N/A
0,인크로스,216050,42900.0,36.05,1190.0,N/A,N/A,4.89,8766.0,N/A
0,진로발효,018120,30500.0,14.63,2085.0,N/A,N/A,2.78,10979.0,4.43
0,코스나인,082660,1205.0,N/A,-2013.0,N/A,N/A,1.56,771.0,N/A
0,테크윙,089030,20900.0,21.46,974.0,12.0,1686.0,2.28,9171.0,1.1
0,포메탈,119500,3385.0,17.27,196.0,N/A,N/A,0.89,3785.0,1.77
0,한류타임즈,039670,917.0,N/A,-6643.0,N/A,N/A,N/A,-940.0,N/A
0,화신정공,126640,1250.0,11.9,105.0,N/A,N/A,0.56,2246.0,2.4
0,ISC,095340,20500.0,24.97,821.0,N/A,N/A,1.58,12946.0,0.24
0,국일제지,078130,5630.0,N/A,-300.0,N/A,N/A,13.53,416.0,N/A
0,네오펙트,290660,5890.0,N/A,-1496.0,N/A,N/A,8.34,706.0,N/A
0,대성엘텍,025440,670.0,N/A,-93.0,N/A,N/A,1.76,380.0,N/A
0,동양에스텍,060380,2710.0,N/A,-211.0,N/A,N/A,0.56,4867.0,3.69
0,디젠스,113810,423.0,N/A,-76.0,N/A,N/A,0.71,599.0,N/A
0,모바일어플라이언스,087260,3615.0,N/A,-66.0,N/A,N/A,3.8,952.0,N/A
0,빅솔론,093190,4680.0,8.1,578.0,N/A,N/A,0.53,8854.0,4.06
0,세틀뱅크,234340,28000.0,19.1,1466.0,N/A,N/A,2.29,12244.0,1.36
0,심텍홀딩스,036710,2255.0,N/A,-40.0,N/A,N/A,0.7,3214.0,0.44
0,아이엠,101390,820.0,N/A,-424.0,N/A,N/A,1.03,797.0,N/A
0,에스티아이,039440,18100.0,13.69,1322.0,N/A,N/A,1.65,10999.0,1.38
0,오리콤,010470,4360.0,10.21,427.0,N/A,N/A,0.62,6979.0,5.05
0,웹스,196700,2110.0,58.61,36.0,N/A,N/A,0.73,2889.0,N/A
0,이노와이즈,086250,1405.0,N/A,-774.0,N/A,N/A,1.5,934.0,N/A
0,이크레더블,092130,25450.0,21.14,1204.0,N/A,N/A,6.45,3947.0,2.91
0,제이에스티나,026040,2285.0,N/A,-2118.0,N/A,N/A,0.86,2670.0,N/A
0,컬러레이,900310,1600.0,3.7,433.0,N/A,N/A,0.51,3123.0,N/A
0,코닉글로리,094860,1945.0,N/A,-73.0,N/A,N/A,9.4,207.0,N/A
0,파트론,091700,11050.0,11.74,941.0,17.0,653.0,1.62,6833.0,3.17
0,하나머스트제6호스팩,307160,2090.0,122.94,17.0,N/A,N/A,1.15,1813.0,N/A
0,현대통신,039010,6900.0,7.8,885.0,N/A,N/A,0.71,9720.0,4.35
0,THE MIDONG,161570,1750.0,N/A,-182.0,N/A,N/A,0.81,2162.0,N/A
0,녹십자랩셀,144510,57500.0,N/A,-159.0,N/A,N/A,13.94,4126.0,0.04
0,대신밸런스제8호스팩,336570,2000.0,N/A,-69.0,N/A,N/A,1.06,1891.0,N/A
0,동일금속,109860,11400.0,6.72,1696.0,N/A,N/A,0.6,19120.0,2.46
0,디지탈옵틱,106520,650.0,N/A,-103.0,N/A,N/A,1.11,587.0,N/A
0,마크로젠,038290,37400.0,N/A,-1200.0,N/A,N/A,3.32,11269.0,N/A
0,바른테크놀로지,029480,556.0,N/A,-135.0,N/A,N/A,1.6,348.0,N/A
0,빛샘전자,072950,5280.0,17.66,299.0,N/A,N/A,0.54,9702.0,1.89
0,성광벤드,014620,7530.0,22.61,333.0,18.0,422.0,0.48,15791.0,1.33
0,수젠텍,253840,54100.0,N/A,-796.0,N/A,N/A,28.0,1932.0,N/A
0,씨아이에스,222080,6370.0,31.38,203.0,N/A,N/A,5.93,1074.0,N/A
0,알로이스,297570,2000.0,N/A,-192.0,N/A,N/A,1.96,1018.0,N/A
0,에이치엘비파워,043220,1145.0,52.05,22.0,N/A,N/A,2.5,458.0,N/A
0,영풍정밀,036560,7370.0,8.33,885.0,N/A,N/A,0.45,16492.0,4.07
0,와토스코리아,079000,5170.0,12.55,412.0,N/A,N/A,0.5,10279.0,3.87
0,유안타제3호스팩,287410,2005.0,222.78,9.0,N/A,N/A,1.1,1820.0,N/A
0,이엔드디,101360,25000.0,26.91,929.0,N/A,N/A,12.24,2042.0,N/A
0,제닉,123330,3980.0,N/A,-1602.0,N/A,N/A,1.03,3873.0,N/A
0,진양제약,007370,7310.0,121.83,60.0,N/A,N/A,1.91,3837.0,1.37
0,코렌텍,104540,8300.0,27.21,305.0,N/A,N/A,3.02,2745.0,N/A
0,클래시스,214150,14100.0,22.93,615.0,22.0,652.0,9.41,1499.0,0.33
0,파이오링크,170790,14300.0,15.34,932.0,N/A,N/A,2.39,5986.0,0.7
0,피제이전자,006140,4825.0,13.4,360.0,N/A,N/A,0.68,7097.0,2.9
0,한라IMS,092460,5390.0,20.73,260.0,N/A,N/A,0.75,7180.0,1.86
0,EDGC,245620,17400.0,N/A,-291.0,N/A,N/A,16.68,1043.0,N/A
0,KG모빌리언스,046440,10650.0,17.96,593.0,N/A,N/A,1.63,6548.0,1.88
0,경남바이오파마,044480,5410.0,N/A,-154.0,N/A,N/A,1.57,3454.0,N/A
0,나스미디어,089600,31550.0,14.8,2132.0,13.0,2456.0,1.83,17209.0,2.09
0,대주산업,003310,1925.0,38.5,50.0,N/A,N/A,1.32,1455.0,1.56
0,디케이앤디,263020,5180.0,14.39,360.0,N/A,N/A,0.76,6788.0,N/A
0,메이슨캐피탈,021880,282.0,N/A,-69.0,N/A,N/A,0.9,313.0,N/A
0,삼보판지,023600,7860.0,4.03,1950.0,N/A,N/A,0.35,22555.0,1.59
0,세코닉스,053450,4920.0,N/A,-2501.0,N/A,N/A,0.58,8485.0,1.02
0,씨유메디칼,115480,3065.0,N/A,-242.0,N/A,N/A,1.13,2708.0,N/A
0,아이즈비전,031310,3785.0,180.24,21.0,N/A,N/A,0.62,6070.0,N/A
0,에쎈테크,043340,1150.0,N/A,-15.0,N/A,N/A,3.0,383.0,N/A
0,엠벤처투자,019590,912.0,8.29,110.0,N/A,N/A,1.5,607.0,N/A
0,원익QnC,074600,14900.0,N/A,-282.0,14.0,1028.0,1.84,8116.0,N/A
0,유비쿼스홀딩스,078070,30450.0,84.82,359.0,N/A,N/A,2.52,12090.0,0.43
0,이지바이오,353810,56200.0,N/A,N/A,N/A,N/A,N/A,N/A,N/A
0,제이엠티,094970,2955.0,21.41,138.0,N/A,N/A,0.86,3417.0,1.69
0,지엔코,065060,1255.0,N/A,-229.0,N/A,N/A,1.42,882.0,N/A
0,코윈테크,282880,25000.0,11.68,2140.0,N/A,N/A,2.24,11171.0,1.85
0,티에스이,131290,38700.0,15.67,2469.0,N/A,N/A,2.31,16760.0,0.52
0,피에스엠씨,024850,840.0,420.0,2.0,N/A,N/A,1.65,510.0,N/A
0,해덕파워웨이,102210,1100.0,N/A,-183.0,N/A,N/A,0.7,1573.0,N/A
0,CSA 코스믹,083660,4170.0,N/A,-353.0,N/A,N/A,5.07,822.0,N/A
0,SM C&C,048550,1765.0,70.6,25.0,N/A,N/A,1.45,1220.0,N/A
0,나이벡,138610,23750.0,N/A,-245.0,N/A,N/A,8.57,2771.0,N/A
0,대성파인텍,104040,1330.0,21.45,62.0,N/A,N/A,0.75,1767.0,N/A
0,디엠티,134580,1705.0,N/A,-478.0,N/A,N/A,0.82,2083.0,N/A
0,메디앙스,014100,4195.0,4.83,869.0,N/A,N/A,0.67,6270.0,N/A
0,미코,059090,16600.0,62.88,264.0,N/A,N/A,5.39,3078.0,0.24
0,삼륭물산,014970,8840.0,94.04,94.0,N/A,N/A,1.86,4750.0,0.85
0,상보,027580,1055.0,N/A,-233.0,N/A,N/A,1.57,672.0,N/A
0,셀바스AI,108860,2960.0,34.02,87.0,N/A,N/A,1.81,1631.0,N/A
0,신영스팩5호,323280,2045.0,N/A,-32.0,N/A,N/A,1.04,1971.0,N/A
0,아이에이네트웍스,123010,1920.0,N/A,-268.0,N/A,N/A,10.16,189.0,N/A
0,에스티팜,237690,59400.0,N/A,-931.0,N/A,N/A,3.72,15950.0,N/A
0,엔시트론,101400,1255.0,N/A,-384.0,N/A,N/A,2.18,575.0,N/A
0,우리손에프앤지,073560,1930.0,35.09,55.0,N/A,N/A,0.72,2699.0,1.29
0,육일씨엔에쓰,191410,3610.0,N/A,-875.0,N/A,N/A,1.32,2733.0,N/A
0,이엠텍,091120,14200.0,N/A,-396.0,N/A,N/A,1.25,11337.0,N/A
0,전진바이오팜,110020,8060.0,N/A,-280.0,N/A,N/A,15.74,512.0,N/A
0,지니언스,263860,5580.0,14.31,390.0,N/A,N/A,1.5,3730.0,N/A
0,코너스톤네트웍스,033110,204.0,N/A,-440.0,N/A,N/A,0.76,270.0,N/A
0,콜마비앤에이치,200130,66800.0,33.13,2016.0,26.0,2527.0,7.48,8936.0,0.37
0,티에스아이,277880,16600.0,N/A,-1636.0,N/A,N/A,5.13,3235.0,N/A
0,풍강,093380,2900.0,N/A,-53.0,N/A,N/A,0.46,6265.0,2.07
0,한국알콜,017890,19150.0,11.68,1640.0,N/A,N/A,1.15,16594.0,0.52
0,현진소재,053660,400.0,N/A,-2148.0,N/A,N/A,N/A,-289.0,N/A
0,KCC건설,021320,7600.0,5.04,1507.0,N/A,N/A,0.41,18317.0,1.97
0,SM Life Design,063440,1940.0,N/A,-93.0,N/A,N/A,1.83,1059.0,N/A
0,녹원씨엔아이,065560,5500.0,N/A,-650.0,N/A,N/A,1.2,4593.0,N/A
0,데일리블록체인,139050,547.0,N/A,-278.0,N/A,N/A,1.42,385.0,N/A
0,디티앤씨,187220,6110.0,N/A,-531.0,N/A,N/A,0.8,7602.0,N/A
0,메디포스트,078160,29700.0,N/A,-672.0,N/A,N/A,3.93,7558.0,N/A
0,삼진엘앤디,054090,3110.0,124.4,25.0,N/A,N/A,0.8,3900.0,2.41
0,세종텔레콤,036630,268.0,N/A,-48.0,N/A,N/A,0.53,505.0,N/A
0,시공테크,020710,5120.0,6.75,758.0,N/A,N/A,0.93,5532.0,1.56
0,쎄트렉아이,099320,28150.0,24.71,1139.0,N/A,N/A,3.13,9006.0,0.75
0,알티캐스트,085810,1665.0,N/A,-841.0,N/A,N/A,0.51,3277.0,N/A
0,에이디칩스,054630,700.0,N/A,-357.0,N/A,N/A,1.06,661.0,N/A
0,엔브이에이치코리아,067570,2800.0,N/A,-458.0,N/A,N/A,0.6,4667.0,1.79
0,오텍,067170,12150.0,21.54,564.0,N/A,N/A,1.24,9775.0,1.07
0,유비쿼스,264450,37350.0,16.34,2286.0,N/A,N/A,2.14,17425.0,1.21
0,이수앱지스,086890,8220.0,N/A,-711.0,N/A,N/A,4.32,1901.0,N/A
0,진바이오텍,086060,6440.0,70.0,92.0,N/A,N/A,1.2,5354.0,0.47
0,코드네이처,078940,1275.0,N/A,-95.0,N/A,N/A,1.86,684.0,N/A
0,태웅로직스,124560,3540.0,5.62,630.0,N/A,N/A,1.34,2644.0,1.41
0,팍스넷,038160,862.0,N/A,-2999.0,N/A,N/A,1.16,746.0,N/A
0,한국캐피탈,023760,528.0,5.56,95.0,N/A,N/A,0.58,909.0,4.74
0,SDN,099220,2510.0,25.1,100.0,N/A,N/A,1.5,1673.0,N/A
0,국일신동,060480,3400.0,N/A,-45.0,N/A,N/A,0.8,4224.0,1.47
0,대성미생물,036480,17850.0,23.49,760.0,N/A,N/A,1.91,9354.0,0.48
0,동국제약,086450,154100.0,23.09,6673.0,20.0,7641.0,3.7,41609.0,0.52
0,레이크머티리얼즈,281740,2545.0,94.26,27.0,N/A,N/A,4.59,555.0,N/A
0,바이온,032980,1120.0,N/A,-396.0,N/A,N/A,1.75,641.0,N/A
0,성호전자,043260,763.0,N/A,-153.0,N/A,N/A,0.63,1209.0,N/A
0,신흥에스이씨,243840,49950.0,19.43,2571.0,N/A,N/A,3.03,16463.0,0.56
0,아이진,185490,15200.0,N/A,-899.0,N/A,N/A,11.69,1300.0,N/A
0,에스씨엠생명과학,298060,40000.0,N/A,-5321.0,N/A,N/A,14.78,2707.0,N/A
0,에이치엠씨제4호스팩,353070,2000.0,N/A,N/A,N/A,N/A,N/A,N/A,N/A
0,엔피디,198080,4320.0,3.7,1167.0,N/A,N/A,1.01,4290.0,N/A
0,와이솔,122990,16100.0,16.1,1000.0,19.0,868.0,1.31,12286.0,1.55
0,유성티엔에스,024800,2245.0,2.62,858.0,N/A,N/A,0.27,8445.0,0.67
0,전파기지국,065530,5130.0,128.25,40.0,N/A,N/A,3.48,1473.0,0.98
0,초록뱀,047820,1615.0,16.48,98.0,N/A,N/A,1.81,890.0,N/A
0,코세스,089890,7810.0,22.7,344.0,N/A,N/A,4.88,1601.0,N/A
0,티로보틱스,117730,12800.0,N/A,-868.0,N/A,N/A,2.38,5372.0,N/A
0,피씨디렉트,051380,11300.0,23.35,484.0,N/A,N/A,2.4,4704.0,0.88
0,한일사료,005860,1850.0,N/A,-87.0,N/A,N/A,1.25,1478.0,1.35
0,IBKS제14호스팩,351320,2075.0,N/A,N/A,N/A,N/A,N/A,N/A,N/A
0,SBS콘텐츠허브,046140,6050.0,60.5,100.0,N/A,N/A,0.82,7370.0,N/A
0,iMBC,052220,2810.0,27.82,101.0,N/A,N/A,1.23,2279.0,N/A
0,국보디자인,066620,15400.0,5.93,2597.0,N/A,N/A,0.86,17923.0,1.95
0,넷게임즈,225570,9900.0,N/A,-202.0,N/A,N/A,6.5,1523.0,N/A
0,대호피앤씨,021040,708.0,N/A,-25.0,N/A,N/A,0.77,914.0,N/A
0,랩지노믹스,084650,51900.0,169.61,306.0,N/A,N/A,15.15,3425.0,N/A
0,메드팩토,235980,84800.0,N/A,-810.0,N/A,N/A,22.89,3704.0,N/A
0,본느,226340,2450.0,28.49,86.0,N/A,N/A,2.24,1096.0,N/A
0,삼영엠텍,054540,4145.0,14.96,277.0,N/A,N/A,0.68,6123.0,2.41
0,셀리버리,268600,114400.0,N/A,-1914.0,N/A,N/A,36.78,3110.0,N/A
0,안랩,053800,59100.0,32.03,1845.0,N/A,N/A,2.55,23173.0,1.52
0,에스앤에스텍,101490,50900.0,83.58,609.0,N/A,N/A,10.64,4783.0,0.1
0,에코캡,128540,2880.0,N/A,-5.0,N/A,N/A,0.6,4837.0,N/A
0,엠에스오토텍,123040,5390.0,25.55,211.0,N/A,N/A,1.15,4671.0,1.39
0,와이팜,332570,14800.0,43.66,339.0,N/A,N/A,10.52,1407.0,N/A
0,유아이엘,049520,4130.0,17.5,236.0,N/A,N/A,0.52,7990.0,9.69
0,일신바이오,068330,3785.0,30.04,126.0,N/A,N/A,3.93,962.0,0.19
0,좋은사람들,033340,1935.0,N/A,-307.0,N/A,N/A,0.9,2159.0,N/A
0,카페24,042000,63700.0,165.89,384.0,211.0,302.0,5.23,12190.0,N/A
0,티케이케미칼,104480,1985.0,N/A,-27.0,N/A,N/A,0.6,3301.0,N/A
0,플랜티넷,075130,4840.0,19.6,247.0,N/A,N/A,0.58,8389.0,5.16
0,한화플러스제1호스팩,340440,2000.0,N/A,-43.0,N/A,N/A,1.05,1903.0,N/A
0,3S,060310,2445.0,N/A,-24.0,N/A,N/A,3.28,745.0,N/A
0,그린플러스,186230,14450.0,24.66,586.0,N/A,N/A,1.84,7840.0,N/A
0,대신정보통신,020180,1175.0,30.13,39.0,N/A,N/A,1.73,678.0,0.85
0,디케이티,290550,24150.0,15.73,1535.0,N/A,N/A,3.16,7650.0,N/A
0,명성티엔에스,257370,17200.0,217.72,79.0,N/A,N/A,2.9,5921.0,N/A
0,브레인콘텐츠,066980,597.0,23.88,25.0,N/A,N/A,0.92,652.0,N/A
0,삼표시멘트,038500,3715.0,12.77,291.0,N/A,N/A,0.63,5871.0,1.35
0,솔브레인,357780,278000.0,N/A,N/A,N/A,N/A,N/A,N/A,N/A
0,아이디스홀딩스,054800,14750.0,N/A,-770.0,N/A,N/A,0.64,23221.0,1.36
0,에스맥,097780,1470.0,N/A,-10.0,N/A,N/A,1.41,1041.0,N/A
0,에이테크솔루션,071670,8850.0,48.36,183.0,N/A,N/A,1.24,7142.0,N/A
0,오로라,039830,9660.0,107.33,90.0,N/A,N/A,0.94,10294.0,2.07
0,우진비앤지,018620,3770.0,N/A,-378.0,N/A,N/A,3.24,1165.0,N/A
0,이니텍,053350,4550.0,N/A,-484.0,N/A,N/A,0.77,5917.0,0.44
0,인터엠,017250,1765.0,N/A,-617.0,N/A,N/A,0.67,2654.0,5.67
0,체리부로,066360,2605.0,N/A,-1078.0,N/A,N/A,0.93,2811.0,N/A
0,코아스템,166480,27100.0,N/A,-359.0,N/A,N/A,7.51,3610.0,N/A
0,티엘아이,062860,7530.0,160.21,47.0,N/A,N/A,0.87,8659.0,1.33
0,포스코 ICT,022100,4430.0,16.47,269.0,N/A,N/A,1.86,2388.0,1.13
0,한솔인티큐브,070590,3000.0,7.58,396.0,N/A,N/A,1.33,2255.0,N/A
0,휴마시스,205470,16500.0,N/A,-24.0,N/A,N/A,24.26,680.0,N/A
0,KG이니시스,035600,23450.0,13.18,1779.0,N/A,N/A,2.54,9241.0,1.41
0,금강철강,053260,3100.0,11.74,264.0,N/A,N/A,0.46,6739.0,3.23
0,녹십자엠에스,142280,12150.0,N/A,-999.0,N/A,N/A,5.11,2379.0,N/A
0,대성창투,027830,1850.0,231.25,8.0,N/A,N/A,1.47,1255.0,N/A
0,동양이엔피,079960,15050.0,3.87,3886.0,N/A,N/A,0.5,30215.0,1.99
0,디케이디앤아이,033310,5200.0,29.21,178.0,N/A,N/A,1.92,2714.0,N/A
0,미투온,201490,8410.0,24.24,347.0,N/A,N/A,3.53,2383.0,N/A
0,삼목에스폼,018310,7780.0,16.55,470.0,N/A,N/A,0.28,27547.0,1.28
0,셀트리온헬스케어,091990,102800.0,114.73,896.0,59.0,1754.0,8.82,11660.0,N/A
0,쎌바이오텍,049960,17750.0,20.81,853.0,N/A,N/A,1.24,14264.0,3.38
0,아이엠텍,226350,214.0,N/A,-211.0,N/A,N/A,0.43,499.0,N/A
0,에이아이비트,039230,181.0,N/A,-150.0,N/A,N/A,0.36,504.0,N/A
0,오스템,031510,2185.0,N/A,-558.0,N/A,N/A,0.49,4452.0,0.92
0,윈텍,320000,3325.0,N/A,N/A,N/A,N/A,1.79,1854.0,N/A
0,이디티,215090,770.0,N/A,-309.0,N/A,N/A,0.89,861.0,N/A
0,이화전기,024810,146.0,N/A,-2.0,N/A,N/A,0.5,290.0,N/A
0,젠큐릭스,229000,17300.0,N/A,-1699.0,N/A,N/A,N/A,-498.0,N/A
0,케어랩스,263700,9540.0,74.53,128.0,N/A,N/A,1.93,4952.0,N/A
0,코다코,046070,1115.0,N/A,-654.0,N/A,N/A,1.63,686.0,N/A
0,팬젠,222110,9290.0,N/A,-882.0,N/A,N/A,5.2,1787.0,N/A
0,하림지주,003380,6860.0,17.96,382.0,N/A,N/A,0.28,24204.0,0.73
0,화일약품,061250,16300.0,67.63,241.0,N/A,N/A,2.24,7267.0,0.77
0,YTN,040300,2915.0,34.29,85.0,N/A,N/A,0.67,4374.0,0.34
0,농우바이오,054050,11450.0,20.97,546.0,N/A,N/A,0.78,14632.0,1.75
0,대한광통신,010170,3880.0,N/A,-153.0,N/A,N/A,1.62,2401.0,N/A
0,동화기업,025900,50500.0,50.91,992.0,51.0,988.0,1.67,30278.0,0.3
0,레몬,294140,17350.0,N/A,-265.0,N/A,N/A,12.55,1383.0,N/A
0,매커스,093520,4160.0,13.64,305.0,N/A,N/A,0.98,4260.0,2.4
0,배럴,267790,8770.0,14.94,587.0,N/A,N/A,1.56,5635.0,N/A
0,상상인이안제2호스팩,329560,2005.0,N/A,-66.0,N/A,N/A,1.09,1834.0,N/A
0,세동,053060,543.0,N/A,-364.0,N/A,N/A,0.75,728.0,N/A
0,슈프리마아이디,317770,15750.0,39.67,397.0,N/A,N/A,1.22,12942.0,N/A
0,씨에스베어링,297090,23400.0,31.33,747.0,N/A,N/A,4.62,5065.0,N/A
0,양지사,030960,9490.0,1.24,7677.0,N/A,N/A,0.7,13617.0,0.53
0,에치에프알,230240,35500.0,1868.42,19.0,N/A,N/A,5.9,6016.0,N/A
0,예선테크,250930,2505.0,N/A,-95.0,N/A,N/A,2.19,1142.0,N/A
0,우리산업,215360,19800.0,24.87,796.0,21.0,960.0,1.58,12564.0,0.61
0,유진스팩4호,321260,2000.0,200.0,10.0,N/A,N/A,1.03,1943.0,N/A
0,이오테크닉스,039030,124900.0,79.5,1571.0,N/A,N/A,3.83,32594.0,0.12
0,제이브이엠,054950,33000.0,26.94,1225.0,N/A,N/A,1.54,21402.0,1.21
0,차바이오텍,085660,21900.0,23.4,936.0,N/A,N/A,2.99,7313.0,N/A
0,코리아나,027050,5310.0,N/A,-29.0,N/A,N/A,2.1,2523.0,N/A
0,테스,095610,25050.0,66.27,378.0,17.0,1451.0,2.25,11122.0,1.2
0,포비스티앤씨,016670,997.0,166.17,6.0,N/A,N/A,0.81,1235.0,N/A
0,하림,136480,2780.0,N/A,-541.0,N/A,N/A,1.14,2449.0,N/A
0,한양이엔지,045100,10850.0,5.52,1964.0,N/A,N/A,0.56,19275.0,4.15
0,GH신소재,130500,3805.0,27.57,138.0,N/A,N/A,0.96,3978.0,N/A
0,KH바텍,060720,23450.0,N/A,-41.0,29.0,805.0,2.6,9011.0,N/A
0,경창산업,024910,1015.0,N/A,-1912.0,N/A,N/A,0.51,2008.0,N/A
0,네오티스,085910,3840.0,22.07,174.0,N/A,N/A,0.98,3916.0,6.51
0,대한약품,023910,31550.0,6.59,4784.0,N/A,N/A,1.1,28600.0,1.27
0,라이트론,069540,5420.0,N/A,-625.0,N/A,N/A,1.94,2799.0,N/A
0,메탈라이프,327260,20100.0,44.37,453.0,N/A,N/A,2.67,7525.0,N/A
0,삼본전자,111870,1510.0,N/A,-472.0,N/A,N/A,0.9,1675.0,N/A
0,셀루메드,049180,5980.0,N/A,-1638.0,N/A,N/A,35.18,170.0,N/A
0,씨케이에이치,900120,217.0,N/A,-561.0,N/A,N/A,0.06,3750.0,N/A
0,아이티센,124500,6020.0,74.32,81.0,N/A,N/A,2.4,2510.0,N/A
0,에이루트,096690,5430.0,77.57,70.0,N/A,N/A,0.41,13373.0,N/A
0,엠씨넥스,097520,36300.0,7.12,5099.0,11.0,3231.0,2.69,13502.0,1.38
0,원익큐브,014190,1610.0,9.64,167.0,N/A,N/A,0.7,2287.0,N/A
0,유신,054930,15800.0,N/A,-1582.0,N/A,N/A,0.58,27239.0,N/A
0,이지웰,090850,16600.0,29.86,556.0,N/A,N/A,4.26,3894.0,0.54
0,제이웨이,058420,930.0,N/A,-163.0,N/A,N/A,1.43,649.0,N/A
0,캐스텍코리아,071850,2980.0,N/A,-417.0,N/A,N/A,0.39,7549.0,N/A
0,코프라,126600,3565.0,8.01,445.0,N/A,N/A,0.66,5369.0,1.96
0,파세코,037070,14050.0,23.85,589.0,N/A,N/A,2.75,5118.0,1.78
0,하나금융15호스팩,341160,2045.0,N/A,-204.0,N/A,N/A,1.05,1944.0,N/A
0,현대바이오,048410,12800.0,N/A,-28.0,N/A,N/A,8.61,1486.0,N/A
0,EG,037370,8800.0,N/A,-244.0,N/A,N/A,2.09,4209.0,N/A
0,감마누,192410,408.0,N/A,-60.0,N/A,N/A,0.38,1066.0,N/A
0,남화토건,091590,14750.0,36.24,407.0,N/A,N/A,1.31,11285.0,0.47
0,대아티아이,045390,7030.0,226.77,31.0,N/A,N/A,5.3,1327.0,0.28
0,딜리,131180,1510.0,17.56,86.0,N/A,N/A,0.73,2080.0,2.65
0,메디포럼제약,047920,5890.0,62.66,94.0,N/A,N/A,4.67,1262.0,N/A
0,버킷스튜디오,066410,1790.0,N/A,-121.0,N/A,N/A,1.34,1331.0,N/A
0,삼양옵틱스,225190,9250.0,7.75,1193.0,N/A,N/A,2.74,3372.0,10.81
0,상신이디피,091580,11550.0,42.31,273.0,N/A,N/A,2.34,4935.0,0.43
0,손오공,066910,1635.0,N/A,-141.0,N/A,N/A,1.89,865.0,N/A
0,신일제약,012790,29400.0,40.0,735.0,N/A,N/A,3.02,9720.0,0.37
0,아이오케이,078860,2260.0,N/A,-83.0,N/A,N/A,1.19,1892.0,N/A
0,에이앤티앤,050320,1010.0,N/A,-97.0,N/A,N/A,7.95,127.0,N/A
0,엔에이치스팩14호,319400,2010.0,105.79,19.0,N/A,N/A,1.03,1947.0,N/A
0,우수AMS,066590,3830.0,N/A,-141.0,N/A,N/A,1.63,2354.0,N/A
0,이글루시큐리티,067920,4675.0,20.06,233.0,N/A,N/A,0.9,5187.0,2.99
0,이즈미디어,181340,3200.0,N/A,-904.0,N/A,N/A,0.66,4828.0,N/A
0,정다운,208140,3360.0,560.0,6.0,N/A,N/A,1.41,2387.0,N/A
0,지란지교시큐리티,208350,4850.0,15.8,307.0,N/A,N/A,0.96,5032.0,N/A
0,코데즈컴바인,047770,2630.0,14.94,176.0,N/A,N/A,2.35,1121.0,N/A
0,큐브엔터,182360,4690.0,426.36,11.0,N/A,N/A,7.28,644.0,N/A
0,파루,043200,2620.0,N/A,-89.0,N/A,N/A,2.06,1269.0,N/A
0,플레이디,237820,11400.0,15.62,730.0,N/A,N/A,2.08,5488.0,1.93
0,한국정보인증,053300,7590.0,44.91,169.0,N/A,N/A,2.84,2668.0,1.32
0,휴네시온,290270,5150.0,54.21,95.0,N/A,N/A,2.21,2331.0,0.68
0,KCI,036670,10550.0,9.95,1060.0,N/A,N/A,1.7,6199.0,1.9
0,W홀딩컴퍼니,052300,283.0,N/A,-46.0,N/A,N/A,0.66,427.0,N/A
0,누리플랜,069140,5130.0,N/A,-622.0,N/A,N/A,1.16,4430.0,N/A
0,덴티스,261200,1945.0,277.86,7.0,N/A,N/A,4.05,480.0,N/A
0,램테크놀러지,171010,8040.0,25.2,319.0,N/A,N/A,2.87,2802.0,N/A
0,바이오니아,064550,24000.0,N/A,-1155.0,N/A,N/A,59.85,401.0,N/A
0,삼천리자전거,024950,12250.0,N/A,-348.0,N/A,N/A,1.86,6583.0,N/A
0,소마젠(Reg.S),950200,17050.0,N/A,N/A,N/A,N/A,N/A,N/A,N/A
0,시그네틱스,033170,702.0,N/A,-235.0,N/A,N/A,0.48,1465.0,N/A
0,씨엠에스에듀,225330,5590.0,17.41,321.0,N/A,N/A,2.56,2181.0,7.6
0,애니젠,196300,14850.0,N/A,-1234.0,N/A,N/A,5.36,2770.0,N/A
0,에이비엘바이오,298380,34600.0,N/A,-1007.0,N/A,N/A,13.08,2645.0,N/A
0,엔지켐생명과학,183490,159900.0,N/A,-2176.0,N/A,N/A,18.72,8540.0,N/A
0,원익머트리얼즈,104830,29300.0,11.91,2461.0,13.0,2344.0,1.17,25007.0,0.51
0,유안타제4호스팩,313750,2005.0,64.68,31.0,N/A,N/A,1.07,1877.0,N/A
0,인성정보,033230,3725.0,N/A,-221.0,N/A,N/A,2.21,1688.0,N/A
0,진성티이씨,036890,7940.0,8.58,925.0,N/A,N/A,1.1,7221.0,2.52
0,코디엠,224060,221.0,44.2,5.0,N/A,N/A,0.56,398.0,N/A
0,텔콘RF제약,200230,5830.0,N/A,-646.0,N/A,N/A,4.4,1324.0,N/A
0,프로텍,053610,28800.0,17.5,1646.0,N/A,N/A,1.46,19725.0,1.39
0,한일네트웍스,046110,4690.0,7.56,620.0,N/A,N/A,0.9,5190.0,4.9
0,SK4호스팩,307070,2005.0,117.94,17.0,N/A,N/A,1.12,1790.0,N/A
0,글로벌텍스프리,204620,2770.0,6.94,399.0,N/A,N/A,1.34,2073.0,N/A
0,대신밸런스제7호스팩,332290,2005.0,N/A,-32.0,N/A,N/A,1.01,1985.0,N/A
0,동진쎄미켐,005290,36700.0,28.87,1271.0,N/A,N/A,4.9,7492.0,0.25
0,로지시스,067730,3920.0,N/A,-98.0,N/A,N/A,2.39,1638.0,1.53
0,비에이치아이,083650,2265.0,N/A,-298.0,N/A,N/A,0.82,2763.0,N/A
0,세원,234100,7880.0,117.61,67.0,N/A,N/A,4.77,1653.0,N/A
0,씨앤지하이테크,264660,9540.0,5.91,1613.0,N/A,N/A,1.21,7886.0,1.57
0,아이큐어,175250,50100.0,N/A,-1425.0,N/A,N/A,3.31,15130.0,N/A
0,에스앤씨엔진그룹,900080,197.0,4.38,45.0,N/A,N/A,0.05,3659.0,N/A
0,에이티세미콘,089530,566.0,N/A,-172.0,N/A,N/A,1.43,396.0,N/A
0,엘오티베큠,083310,14450.0,22.72,636.0,N/A,N/A,1.41,10267.0,N/A
0,와이아이케이,232140,5520.0,N/A,-84.0,N/A,N/A,3.25,1700.0,N/A
0,유에스티,263770,4050.0,39.32,103.0,N/A,N/A,2.03,1999.0,N/A
0,제너셈,217190,4450.0,18.54,240.0,N/A,N/A,1.95,2281.0,1.12
0,칩스앤미디어,094360,9360.0,22.08,424.0,N/A,N/A,2.92,3204.0,1.25
0,코스메카코리아,241710,14400.0,26.42,545.0,25.0,571.0,1.17,12332.0,N/A
0,파마리서치프로덕트,214450,60900.0,36.82,1654.0,25.0,2480.0,2.79,21816.0,0.49
0,피에스케이홀딩스,031980,7310.0,0.88,8343.0,N/A,N/A,0.79,9199.0,2.05
0,헝셩그룹,900270,684.0,1.93,354.0,N/A,N/A,0.19,3650.0,N/A
0,KBI메탈,024840,1270.0,6.26,203.0,N/A,N/A,0.47,2709.0,N/A
0,SG&G,040610,1425.0,N/A,-1106.0,N/A,N/A,0.24,5957.0,N/A
0,가온미디어,078890,5890.0,5.29,1113.0,N/A,N/A,0.54,10978.0,1.66
0,글로스퍼랩스,032860,263.0,N/A,-840.0,N/A,N/A,0.1,2683.0,N/A
0,노랑풍선,104620,13350.0,N/A,-225.0,N/A,N/A,1.12,11881.0,1.5
0,대화제약,067080,13500.0,22.84,591.0,N/A,N/A,2.94,4591.0,1.11
0,로스웰,900260,335.0,N/A,-6.0,N/A,N/A,0.18,1896.0,N/A
0,메카로,241770,13200.0,22.22,594.0,N/A,N/A,0.93,14223.0,1.21
0,브릿지바이오테라퓨틱스,288330,38300.0,155.69,246.0,N/A,N/A,3.52,10885.0,N/A
0,삼천당제약,000250,52700.0,135.82,388.0,N/A,N/A,7.16,7357.0,0.09
0,스카이문스테크놀로지,033790,829.0,N/A,-855.0,N/A,N/A,0.91,911.0,N/A
0,알서포트,131370,10550.0,N/A,-278.0,N/A,N/A,13.35,790.0,0.19
0,에스에이엠티,031330,2220.0,5.44,408.0,N/A,N/A,0.92,2423.0,6.31
0,에프앤리퍼블릭,064090,495.0,N/A,-660.0,N/A,N/A,1.16,427.0,N/A
0,엠케이전자,033160,10550.0,21.23,497.0,N/A,N/A,0.69,15256.0,0.38
0,우리넷,115440,10200.0,77.86,131.0,N/A,N/A,1.34,7603.0,0.49
0,이상네트웍스,080010,5980.0,8.72,686.0,N/A,N/A,0.57,10487.0,1.67
0,잉글우드랩,950140,4930.0,29.7,166.0,N/A,N/A,1.51,3269.0,N/A
0,중앙백신,072020,17850.0,69.46,257.0,N/A,N/A,2.04,8741.0,0.28
0,케이비17호스팩,317030,2005.0,37.13,54.0,N/A,N/A,1.05,1916.0,N/A
0,팅크웨어,084730,9680.0,27.42,353.0,N/A,N/A,0.61,15813.0,N/A
0,피엔티,137400,16500.0,375.0,44.0,N/A,N/A,3.5,4716.0,N/A
0,현대사료,016790,16550.0,40.97,404.0,N/A,N/A,1.73,9557.0,0.6
0,JYP Ent.,035900,32350.0,31.72,1020.0,37.0,871.0,6.45,5018.0,0.48
0,기산텔레콤,035460,2880.0,7.27,396.0,N/A,N/A,1.3,2220.0,N/A
0,더블유에프엠,035290,11750.0,N/A,-6800.0,N/A,N/A,58.46,201.0,N/A
0,라온시큐어,042510,3800.0,108.57,35.0,N/A,N/A,6.05,628.0,N/A
0,모다이노칩,080420,2365.0,43.0,55.0,N/A,N/A,0.55,4263.0,N/A
0,블루콤,033560,8050.0,51.27,157.0,N/A,N/A,0.88,9105.0,N/A
0,상상인이안1호스팩,307870,2000.0,95.24,21.0,N/A,N/A,1.06,1887.0,N/A
0,스킨앤스킨,159910,263.0,N/A,-35.0,N/A,N/A,0.89,296.0,N/A
0,아이쓰리시스템,214430,23350.0,N/A,-297.0,N/A,N/A,2.42,9668.0,0.3
0,에스모,073070,418.0,N/A,-685.0,N/A,N/A,0.91,460.0,N/A
0,에코마이스터,064510,1625.0,N/A,-141.0,N/A,N/A,1.3,1254.0,N/A
0,오상자이엘,053980,13300.0,N/A,-773.0,N/A,N/A,5.96,2230.0,N/A
0,웹케시,053580,59100.0,56.13,1053.0,35.0,1666.0,7.2,8204.0,0.34
0,이더블유케이,258610,6030.0,N/A,-175.0,N/A,N/A,1.62,3728.0,N/A
0,일지테크,019540,3805.0,N/A,-530.0,N/A,N/A,0.44,8736.0,N/A
0,컴투스,078340,126600.0,14.62,8660.0,13.0,9971.0,1.65,76580.0,1.11
0,큐렉소,060280,6470.0,N/A,-608.0,N/A,N/A,4.99,1297.0,N/A
0,티움바이오,321550,15750.0,N/A,-354.0,N/A,N/A,4.08,3859.0,N/A
0,플레이위드,023770,11300.0,4.78,2362.0,N/A,N/A,3.49,3240.0,N/A
0,한스바이오메드,042520,20750.0,27.23,762.0,N/A,N/A,2.74,7573.0,0.58
0,휴비츠,065510,6820.0,9.73,701.0,N/A,N/A,0.87,7843.0,2.2
0,MP한강,219550,1195.0,N/A,-71.0,N/A,N/A,3.07,389.0,N/A
0,기가레인,049080,1010.0,N/A,-807.0,N/A,N/A,1.97,513.0,N/A
0,녹십자웰빙,234690,11850.0,29.62,400.0,N/A,N/A,2.56,4630.0,0.68
0,대양제지,006580,2930.0,3.46,848.0,N/A,N/A,0.46,6313.0,1.37
0,동일철강,023790,3270.0,5.17,633.0,N/A,N/A,0.39,8287.0,N/A
0,러셀,217500,2180.0,14.83,147.0,N/A,N/A,1.55,1405.0,1.15
0,바른손,018700,2800.0,N/A,-798.0,N/A,N/A,1.68,1664.0,N/A
0,삼성스팩2호,291230,2000.0,105.26,19.0,N/A,N/A,1.07,1875.0,N/A
0,소프트센,032680,2065.0,N/A,-149.0,N/A,N/A,2.16,957.0,N/A
0,씨티케이코스메틱스,260930,13250.0,33.8,392.0,N/A,N/A,0.74,17876.0,2.26
0,아진엑스텍,059120,6930.0,17.54,395.0,N/A,N/A,1.05,6599.0,1.44
0,에이치케이,044780,1285.0,91.79,14.0,N/A,N/A,0.48,2654.0,N/A
0,우리기술,032820,742.0,N/A,-90.0,N/A,N/A,2.18,341.0,N/A
0,윙입푸드,900340,1470.0,7.28,202.0,N/A,N/A,0.6,2451.0,0.74
0,이라이콤,041520,6120.0,13.19,464.0,N/A,N/A,0.36,17104.0,1.63
0,인트론바이오,048530,17800.0,N/A,-211.0,N/A,N/A,8.81,2021.0,N/A
0,조이시티,067000,19600.0,51.99,377.0,N/A,N/A,5.22,3754.0,N/A
0,케이엔제이,272110,14800.0,17.33,854.0,N/A,N/A,3.36,4405.0,N/A
0,코리아에프티,123410,2515.0,8.64,291.0,N/A,N/A,0.59,4282.0,2.39
0,포스코엠텍,009520,4620.0,17.84,259.0,N/A,N/A,2.12,2177.0,1.73
0,하이제5호스팩,340120,2000.0,N/A,-37.0,N/A,N/A,1.09,1835.0,N/A
0,휘닉스소재,050090,519.0,N/A,-23.0,N/A,N/A,1.28,406.0,N/A
0,골프존뉴딘홀딩스,121440,6000.0,N/A,-556.0,N/A,N/A,0.58,10415.0,1.95
0,뉴트리,270870,24850.0,16.75,1484.0,N/A,N/A,3.76,6617.0,0.6
0,더네이쳐홀딩스,298540,50700.0,17.79,2850.0,N/A,N/A,3.78,13420.0,N/A
0,드림시큐리티,203650,3795.0,30.6,124.0,N/A,N/A,2.87,1322.0,N/A
0,로보티즈,108490,13650.0,46.27,295.0,N/A,N/A,2.44,5593.0,N/A
0,메디아나,041920,20900.0,19.96,1047.0,N/A,N/A,2.95,7073.0,N/A
0,백금T&A,046310,2840.0,59.17,48.0,N/A,N/A,1.08,2636.0,1.76
0,상상인인더스트리,101000,787.0,N/A,-229.0,N/A,N/A,1.91,411.0,N/A
0,세미콘라이트,214310,900.0,N/A,-1397.0,N/A,N/A,0.53,1702.0,N/A
0,스카이이앤엠,131100,2530.0,N/A,-656.0,N/A,N/A,2.67,948.0,N/A
0,아난티,025980,10450.0,N/A,-408.0,N/A,N/A,2.47,4225.0,N/A
0,에스씨디,042110,1200.0,N/A,-45.0,N/A,N/A,0.58,2075.0,1.25
0,엔에이치스팩16호,353190,2010.0,N/A,N/A,N/A,N/A,N/A,N/A,N/A
0,오리엔트정공,065500,576.0,N/A,-48.0,N/A,N/A,1.39,413.0,N/A
0,우리이앤엘,153490,830.0,7.55,110.0,N/A,N/A,0.64,1295.0,N/A
0,이노메트리,302430,27300.0,61.76,442.0,N/A,N/A,5.15,5301.0,0.73
0,인터로조,119610,21850.0,13.66,1599.0,N/A,N/A,1.9,11495.0,1.33
0,제이엔케이히터,126880,7440.0,18.6,400.0,N/A,N/A,1.79,4153.0,N/A
0,천랩,311690,39250.0,N/A,-1316.0,N/A,N/A,5.11,7687.0,N/A
0,코스맥스엔비티,222040,9490.0,N/A,-1147.0,N/A,N/A,3.02,3143.0,N/A
0,텔레칩스,054450,8250.0,27.23,303.0,N/A,N/A,1.05,7873.0,1.46
0,포시에스,189690,7170.0,14.84,483.0,N/A,N/A,1.09,6562.0,1.33
0,하이록코리아,013030,13900.0,11.81,1177.0,N/A,N/A,0.56,25044.0,3.6
0,한프,066110,480.0,N/A,-326.0,N/A,N/A,0.95,506.0,N/A
0,GST,083450,20550.0,7.51,2735.0,N/A,N/A,1.72,11972.0,0.97
0,SK5호스팩,337450,1990.0,N/A,-64.0,N/A,N/A,1.03,1925.0,N/A
0,고려시멘트,198440,3460.0,41.19,84.0,N/A,N/A,1.29,2691.0,0.43
0,네이처셀,007390,9970.0,N/A,-17.0,N/A,N/A,7.56,1318.0,N/A
0,동구바이오제약,006620,25850.0,17.36,1489.0,N/A,N/A,2.83,9135.0,0.39
0,루미마이크로,082800,1580.0,N/A,-395.0,N/A,N/A,1.79,883.0,N/A
0,모비스,250060,2605.0,N/A,-79.0,N/A,N/A,3.31,788.0,N/A
0,삼아제약,009300,19950.0,13.92,1433.0,N/A,N/A,0.73,27362.0,1.5
0,셀바스헬스케어,208370,2005.0,N/A,-49.0,N/A,N/A,1.82,1099.0,N/A
0,아나패스,123860,22400.0,N/A,-3167.0,N/A,N/A,5.56,4030.0,0.45
0,알리코제약,260660,14900.0,13.17,1131.0,N/A,N/A,1.99,7499.0,1.34
0,에이티넘인베스트,021080,2175.0,24.44,89.0,N/A,N/A,1.37,1590.0,2.3
0,영화테크,265560,15500.0,N/A,-502.0,N/A,N/A,1.77,8750.0,0.32
0,원풍물산,008290,1980.0,N/A,-155.0,N/A,N/A,1.83,1083.0,N/A
0,유안타제5호스팩,336060,1995.0,N/A,-8.0,N/A,N/A,1.03,1933.0,N/A
0,인베니아,079950,1750.0,46.05,38.0,N/A,N/A,0.79,2206.0,N/A
0,제일제강,023440,1705.0,N/A,-153.0,N/A,N/A,0.85,2012.0,N/A
0,케이비제20호스팩,342550,1995.0,N/A,-150.0,N/A,N/A,1.05,1909.0,N/A
0,키네마스터,139670,11950.0,138.95,86.0,N/A,N/A,11.89,1005.0,N/A
0,파커스,065690,2590.0,N/A,-189.0,N/A,N/A,0.42,6149.0,5.79
0,하이즈항공,221840,3515.0,26.23,134.0,N/A,N/A,0.76,4601.0,1.74
0,화성밸브,039610,5480.0,21.92,250.0,N/A,N/A,0.78,7003.0,N/A
0,HRS,036640,3410.0,18.04,189.0,N/A,N/A,0.74,4588.0,N/A
0,강스템바이오텍,217730,9310.0,N/A,-1191.0,N/A,N/A,3.55,2622.0,N/A
0,네오팜,092730,31500.0,12.79,2463.0,13.0,2411.0,2.34,13446.0,2.38
0,대주전자재료,078600,47700.0,973.47,49.0,N/A,N/A,8.49,5620.0,N/A
0,라이브플렉스,050120,737.0,N/A,-173.0,N/A,N/A,1.1,673.0,N/A
0,메타바이오메드,059210,2825.0,20.62,137.0,N/A,N/A,1.24,2284.0,0.35
0,부스타,008470,4500.0,14.52,310.0,N/A,N/A,0.52,8694.0,2.0
0,삼영이엔씨,065570,7560.0,N/A,-1014.0,N/A,N/A,0.86,8766.0,N/A
0,서린바이오,038070,13300.0,11.2,1188.0,N/A,N/A,1.71,7775.0,0.7
0,솔루에타,154040,2730.0,N/A,-658.0,N/A,N/A,0.6,4532.0,N/A
0,신한제4호스팩,277480,2030.0,156.15,13.0,N/A,N/A,1.1,1853.0,N/A
0,아이톡시,052770,4460.0,N/A,-805.0,N/A,N/A,8.11,550.0,N/A
0,에이치엘비,028300,83500.0,N/A,-1039.0,N/A,N/A,21.15,3948.0,N/A
0,연우,115960,17000.0,12.49,1361.0,14.0,1191.0,1.0,17056.0,0.94
0,원일특강,012620,9030.0,4.32,2089.0,N/A,N/A,0.34,26870.0,1.66
0,이글벳,044960,8580.0,72.71,118.0,N/A,N/A,2.92,2934.0,0.23
0,이지케어텍,099750,20700.0,N/A,-155.0,N/A,N/A,3.11,6648.0,0.41
0,제놀루션,225220,34650.0,N/A,-74.0,N/A,N/A,36.63,946.0,N/A
0,지스마트글로벌,114570,620.0,N/A,-7602.0,N/A,N/A,0.15,4193.0,N/A
0,코메론,049430,8660.0,5.8,1494.0,N/A,N/A,0.51,16924.0,2.31
0,크로바하이텍,043590,1490.0,N/A,-174.0,N/A,N/A,2.15,692.0,N/A
0,파멥신,208340,22200.0,N/A,-1007.0,N/A,N/A,4.9,4533.0,N/A
0,피에스텍,002230,3880.0,N/A,-119.0,N/A,N/A,0.52,7517.0,3.87
0,한국정보통신,025770,9460.0,16.74,565.0,N/A,N/A,1.73,5474.0,N/A
0,휴맥스홀딩스,028080,3140.0,N/A,-930.0,N/A,N/A,0.24,13313.0,N/A
0,KD,044180,495.0,N/A,-586.0,N/A,N/A,0.23,2149.0,N/A
0,교보9호스팩,331520,2005.0,N/A,-44.0,N/A,N/A,1.07,1873.0,N/A
0,뉴프라이드,900100,717.0,N/A,-363.0,N/A,N/A,1.88,381.0,N/A
0,동신건설,025950,13350.0,153.45,87.0,N/A,N/A,1.29,10372.0,N/A
0,레고켐바이오,141080,54800.0,127.44,430.0,N/A,N/A,11.8,4643.0,N/A
0,베뉴지,019010,1735.0,16.21,107.0,N/A,N/A,0.27,6425.0,1.73
0,삼현철강,017480,3620.0,9.48,382.0,N/A,N/A,0.38,9570.0,4.14
0,소프트캠프,258790,1935.0,96.75,20.0,N/A,N/A,3.23,600.0,N/A
0,신도기연,290520,20500.0,9.41,2179.0,N/A,N/A,2.7,7586.0,N/A
0,씨큐브,101240,8070.0,13.77,586.0,N/A,N/A,1.33,6063.0,2.11
0,액션스퀘어,205500,2040.0,N/A,-178.0,N/A,N/A,4.13,494.0,N/A
0,에이스침대,003800,42300.0,11.68,3621.0,N/A,N/A,0.93,45456.0,2.6
0,엔텔스,069410,9090.0,31.78,286.0,N/A,N/A,1.45,6266.0,N/A
0,원익홀딩스,030530,4840.0,8.51,569.0,N/A,N/A,0.46,10452.0,N/A
0,유진테크,084370,32050.0,215.1,149.0,74.0,435.0,3.03,10570.0,0.72
0,인탑스,049070,13700.0,6.85,2001.0,N/A,N/A,0.53,25972.0,1.83
0,캐리소프트,317530,4365.0,N/A,-340.0,N/A,N/A,1.65,2646.0,N/A
0,코리아에셋투자증권,190650,7790.0,6.46,1206.0,N/A,N/A,0.71,10902.0,3.85
0,토비스,051360,7260.0,6.01,1208.0,N/A,N/A,0.56,12928.0,3.31
0,피에스케이,319660,31550.0,15.19,2077.0,N/A,N/A,2.23,14133.0,0.95
0,해마로푸드서비스,220630,2570.0,11.58,222.0,N/A,N/A,2.66,967.0,1.95
0,SKC 솔믹스,057500,5570.0,N/A,-17.0,N/A,N/A,3.52,1582.0,N/A
0,글로본,019660,3500.0,N/A,-317.0,N/A,N/A,5.29,662.0,N/A
0,대양전기공업,108380,11350.0,8.46,1341.0,N/A,N/A,0.51,22338.0,1.76
0,디바이스이엔지,187870,22600.0,21.67,1043.0,N/A,N/A,2.24,10097.0,N/A
0,링네트,042500,4995.0,14.15,353.0,N/A,N/A,1.04,4818.0,N/A
0,새로닉스,042600,4890.0,N/A,-33.0,N/A,N/A,0.73,6682.0,0.82
0,셀트리온제약,068760,122300.0,414.58,295.0,N/A,N/A,15.55,7864.0,N/A
0,씨티씨바이오,060590,9210.0,N/A,-674.0,N/A,N/A,2.38,3874.0,N/A
0,아이크래프트,052460,4265.0,N/A,-76.0,N/A,N/A,1.82,2349.0,N/A
0,에스텍파마,041910,12950.0,9.2,1408.0,N/A,N/A,1.46,8884.0,0.77
0,에이팩트,200470,6940.0,34.36,202.0,N/A,N/A,1.96,3532.0,N/A
0,엠투아이,347890,15250.0,19.06,800.0,N/A,N/A,3.02,5044.0,1.84
0,우노앤컴퍼니,114630,3120.0,N/A,-78.0,N/A,N/A,0.6,5188.0,3.2
0,이노인스트루먼트,215790,1680.0,N/A,-1072.0,N/A,N/A,1.03,1627.0,N/A
0,제넨바이오,072520,2850.0,N/A,-599.0,N/A,N/A,5.76,495.0,N/A
0,컴퍼니케이,307930,7030.0,11.64,604.0,N/A,N/A,2.21,3178.0,2.28
0,코엔텍,029960,9500.0,20.65,460.0,N/A,N/A,3.53,2694.0,5.68
0,파인디앤씨,049120,1850.0,N/A,-79.0,N/A,N/A,1.47,1260.0,1.35
0,하이로닉,149980,4335.0,21.78,199.0,N/A,N/A,1.32,3280.0,1.29
0,효성오앤비,097870,8730.0,39.86,219.0,N/A,N/A,1.12,7814.0,N/A
0,KMH하이텍,052900,1280.0,20.0,64.0,N/A,N/A,0.91,1403.0,N/A
0,SGA,049470,588.0,N/A,-333.0,N/A,N/A,1.03,569.0,N/A
0,경동제약,011040,13650.0,17.43,783.0,N/A,N/A,1.49,9148.0,2.93
0,나이스정보통신,036800,24150.0,8.7,2777.0,N/A,N/A,0.98,24618.0,1.9
0,노바텍,285490,23950.0,13.2,1814.0,N/A,N/A,3.57,6702.0,1.01
0,동아화성,041930,8400.0,36.05,233.0,N/A,N/A,1.15,7321.0,0.6
0,리더스코스메틱,016100,4030.0,N/A,-2631.0,N/A,N/A,2.62,1536.0,N/A
0,모베이스,101330,3710.0,2.14,1732.0,N/A,N/A,0.32,11572.0,N/A
0,블러썸엠앤씨,263920,4555.0,N/A,-739.0,N/A,N/A,0.9,5081.0,N/A
0,샘코,263540,2015.0,N/A,-4364.0,N/A,N/A,3.8,530.0,N/A
0,시너지이노베이션,048870,2170.0,N/A,-2.0,N/A,N/A,2.0,1085.0,N/A
0,애니플러스,310200,1595.0,N/A,-55.0,N/A,N/A,2.45,652.0,N/A
0,에스와이,109610,3695.0,N/A,-636.0,N/A,N/A,0.86,4309.0,N/A
0,에프엔에스테크,083500,9090.0,20.34,447.0,N/A,N/A,1.41,6442.0,N/A
0,오스템임플란트,048260,42450.0,N/A,-2164.0,N/A,N/A,7.62,5571.0,N/A
0,우리조명,037400,1130.0,35.31,32.0,N/A,N/A,0.36,3104.0,N/A
0,이엠코리아,095190,5010.0,N/A,-359.0,N/A,N/A,2.4,2087.0,N/A
0,장원테크,174880,1525.0,N/A,-310.0,N/A,N/A,0.75,2043.0,N/A
0,지어소프트,051160,12400.0,N/A,-49.0,N/A,N/A,18.87,657.0,N/A
0,케이에스피,073010,1450.0,31.52,46.0,N/A,N/A,2.23,649.0,N/A
0,파라텍,033540,5940.0,N/A,-1414.0,N/A,N/A,1.67,3566.0,N/A
0,피제이메탈,128660,2110.0,35.17,60.0,N/A,N/A,1.35,1559.0,4.74
0,현우산업,092300,3155.0,N/A,-33.0,N/A,N/A,0.65,4820.0,3.17
0,RFHIC,218410,37000.0,58.82,629.0,43.0,865.0,4.48,8263.0,0.54
0,나무기술,242040,3820.0,53.8,71.0,N/A,N/A,6.49,589.0,N/A
0,동국알앤에스,075970,2395.0,16.4,146.0,N/A,N/A,0.59,4071.0,3.34
0,라파스,214260,24850.0,232.24,107.0,N/A,N/A,4.26,5835.0,N/A
0,모베이스전자,012860,1655.0,N/A,-408.0,N/A,N/A,0.58,2845.0,N/A
0,비에이치,090460,23950.0,13.4,1787.0,11.0,2250.0,2.44,9811.0,N/A
0,서부T&D,006730,7060.0,N/A,-38.0,N/A,N/A,0.6,11786.0,N/A
0,신라섬유,001000,2245.0,249.44,9.0,N/A,N/A,3.71,605.0,N/A
0,아주IB투자,027360,1360.0,19.15,71.0,N/A,N/A,0.98,1382.0,2.57
0,에스에너지,095910,6720.0,N/A,-207.0,N/A,N/A,0.84,8022.0,0.74
0,에프엔씨엔터,173940,6020.0,N/A,-311.0,N/A,N/A,1.26,4790.0,N/A
0,오킨스전자,080580,7420.0,27.58,269.0,N/A,N/A,1.93,3851.0,N/A
0,위니아딤채,071460,2460.0,91.11,27.0,N/A,N/A,1.37,1790.0,N/A
0,이테크건설,016250,78000.0,13.64,5719.0,N/A,N/A,0.68,113984.0,1.92
0,자안,221610,371.0,N/A,-12.0,N/A,N/A,1.52,244.0,N/A
0,케이디켐,221980,11800.0,6.41,1840.0,N/A,N/A,0.59,19964.0,4.24
0,큐로컴,040350,2340.0,N/A,-166.0,N/A,N/A,4.85,482.0,N/A
0,파인테크닉스,106240,4710.0,142.73,33.0,N/A,N/A,3.45,1366.0,N/A
0,피씨엘,241820,20050.0,N/A,-1041.0,N/A,N/A,71.86,279.0,N/A
0,한창산업,079170,5480.0,34.9,157.0,N/A,N/A,0.54,10058.0,2.01
0,흥국,010240,4375.0,6.58,665.0,N/A,N/A,0.78,5636.0,3.43
0,NE능률,053290,2810.0,234.17,12.0,N/A,N/A,0.69,4090.0,N/A
0,나노스,151910,3970.0,N/A,-66.0,N/A,N/A,14.03,283.0,N/A
0,뉴로스,126870,2670.0,N/A,-786.0,N/A,N/A,0.86,3110.0,N/A
0,대정화금,120240,26450.0,30.44,869.0,N/A,N/A,1.56,16931.0,1.13
0,드래곤플라이,030350,3290.0,N/A,-346.0,N/A,N/A,4.57,720.0,N/A
0,레이,228670,46150.0,24.19,1908.0,16.0,2907.0,5.16,8943.0,N/A
0,바이오로그디바이스,208710,1780.0,10.47,170.0,N/A,N/A,0.89,1989.0,N/A
0,상상인,038540,5950.0,3.66,1624.0,N/A,N/A,0.63,9435.0,3.36
0,쇼박스,086980,2940.0,48.2,61.0,N/A,N/A,1.31,2236.0,1.7
0,아모그린텍,125210,13600.0,99.27,137.0,N/A,N/A,5.68,2393.0,N/A
0,아톤,158430,28200.0,N/A,-3106.0,N/A,N/A,2.68,10516.0,N/A
0,에이텍,045660,30000.0,35.42,847.0,N/A,N/A,3.13,9579.0,0.33
0,우리기술투자,041190,2975.0,26.56,112.0,N/A,N/A,3.0,991.0,N/A
0,유니셈,036200,7360.0,9.25,796.0,N/A,N/A,1.6,4590.0,0.68
0,이베스트투자증권,078020,5460.0,6.77,806.0,N/A,N/A,0.54,10112.0,6.32
0,인프라웨어,041020,1475.0,N/A,-151.0,N/A,N/A,1.93,766.0,N/A
0,중앙에너비스,000440,8090.0,73.55,110.0,N/A,N/A,0.85,9562.0,1.98
0,케이엠,083550,20000.0,17.04,1174.0,N/A,N/A,2.05,9743.0,0.25
0,코센,009730,244.0,N/A,-4005.0,N/A,N/A,0.26,944.0,N/A
0,포인트엔지니어링,256630,3760.0,179.05,21.0,N/A,N/A,3.07,1225.0,0.53
0,하이텍팜,106190,11300.0,N/A,-669.0,N/A,N/A,0.82,13851.0,0.44
0,휴림로봇,090710,736.0,N/A,-161.0,N/A,N/A,2.29,322.0,N/A
0,글로벌에스엠,900070,540.0,27.0,20.0,N/A,N/A,0.34,1599.0,N/A
0,다나와,119860,29150.0,15.78,1847.0,15.0,1998.0,3.35,8699.0,1.37
0,데이타솔루션,263800,8670.0,N/A,-77.0,N/A,N/A,5.66,1533.0,N/A
0,드림어스컴퍼니,060570,5090.0,N/A,-699.0,N/A,N/A,2.43,2091.0,N/A
0,로체시스템즈,071280,5280.0,135.38,39.0,N/A,N/A,1.21,4367.0,N/A
0,멜파스,096640,1190.0,N/A,-500.0,N/A,N/A,0.85,1398.0,N/A
0,보성파워텍,006910,1890.0,27.0,70.0,N/A,N/A,1.05,1795.0,N/A
0,서남,294630,3675.0,N/A,-260.0,N/A,N/A,4.8,765.0,N/A
0,세중,039310,2800.0,20.74,135.0,N/A,N/A,0.6,4664.0,N/A
0,신신제약,002800,10050.0,73.36,137.0,N/A,N/A,2.69,3740.0,0.28
0,아바코,083930,7410.0,5.33,1390.0,N/A,N/A,0.72,10301.0,4.05
0,에스텍,069510,9270.0,6.42,1443.0,N/A,N/A,0.5,18424.0,6.47
0,엔터메이트,206400,1765.0,N/A,-38.0,N/A,N/A,4.81,367.0,N/A
0,오스코텍,039200,29700.0,N/A,-843.0,N/A,N/A,19.72,1506.0,N/A
0,우원개발,046940,6120.0,9.37,653.0,N/A,N/A,1.21,5042.0,N/A
0,이노테라피,246960,9120.0,N/A,-704.0,N/A,N/A,3.26,2799.0,N/A
0,인트로메딕,150840,2225.0,N/A,-874.0,N/A,N/A,3.68,605.0,N/A
0,제일테크노스,038010,6260.0,21.29,294.0,N/A,N/A,0.69,9049.0,1.44
0,케어젠,214370,65400.0,23.59,2772.0,N/A,N/A,3.33,19667.0,4.28
0,코오롱티슈진,950160,8010.0,N/A,-735.0,N/A,N/A,5.55,1443.0,N/A
0,텔레필드,091440,4170.0,6.77,616.0,N/A,N/A,1.34,3108.0,N/A
0,포티스,141020,108.0,N/A,-414.0,N/A,N/A,0.25,426.0,N/A
0,하이비젼시스템,126700,13000.0,42.9,303.0,N/A,N/A,1.46,8902.0,0.38
0,해성산업,034810,12100.0,40.74,297.0,N/A,N/A,0.85,14172.0,1.45
0,GS홈쇼핑,028150,110200.0,6.95,15849.0,6.0,17234.0,0.58,191126.0,5.9
0,SK6호스팩,340350,2005.0,N/A,-479.0,N/A,N/A,1.02,1962.0,N/A
0,골프존,215000,71800.0,26.66,2693.0,N/A,N/A,2.26,31830.0,2.86
0,녹십자셀,031390,45500.0,N/A,-234.0,N/A,N/A,6.69,6806.0,0.22
0,동방선기,099410,3875.0,N/A,-88.0,N/A,N/A,1.87,2070.0,N/A
0,룽투코리아,060240,5600.0,127.27,44.0,N/A,N/A,1.93,2901.0,N/A
0,모트렉스,118990,3420.0,N/A,-1010.0,N/A,N/A,1.05,3266.0,N/A
0,상지카일룸,042940,1450.0,N/A,-86.0,N/A,N/A,1.39,1043.0,N/A
0,스페코,013810,5720.0,7.94,720.0,N/A,N/A,2.79,2049.0,N/A
0,아바텍,149950,8280.0,41.61,199.0,N/A,N/A,0.87,9553.0,1.21
0,알에프세미,096610,5110.0,N/A,-568.0,N/A,N/A,0.84,6082.0,0.25
0,에코프로비엠,247540,158700.0,100.51,1579.0,77.0,2068.0,8.69,18272.0,0.09
0,오공,045060,5070.0,11.12,456.0,N/A,N/A,1.06,4766.0,0.99
0,웨이브일렉트로,095270,9790.0,N/A,-2993.0,N/A,N/A,9.43,1038.0,N/A
0,유진스팩5호,331380,2010.0,N/A,-1.0,N/A,N/A,1.08,1865.0,N/A
0,인텍플러스,064290,15200.0,29.51,515.0,N/A,N/A,7.95,1911.0,N/A
0,제주반도체,080220,3020.0,120.8,25.0,N/A,N/A,1.09,2776.0,N/A
0,케이피엠테크,042040,1220.0,N/A,-293.0,N/A,N/A,1.17,1045.0,N/A
0,토탈소프트,045340,5230.0,13.62,384.0,N/A,N/A,3.68,1422.0,N/A
0,판타지오,032800,859.0,N/A,-198.0,N/A,N/A,2.51,342.0,N/A
0,한국맥널티,222980,7180.0,67.1,107.0,N/A,N/A,2.37,3024.0,N/A
0,휴맥스,115160,4430.0,92.29,48.0,N/A,N/A,0.27,16281.0,N/A
0,MP그룹,065150,1315.0,N/A,-9.0,N/A,N/A,7.23,182.0,N/A
0,게임빌,063080,36450.0,17.49,2084.0,N/A,N/A,0.92,39798.0,N/A
0,넥스턴,089140,7580.0,20.77,365.0,N/A,N/A,0.8,9460.0,1.32
0,대창솔루션,096350,307.0,N/A,-39.0,N/A,N/A,0.75,411.0,N/A
0,럭슬,033600,179.0,N/A,-448.0,N/A,N/A,0.23,784.0,N/A
0,멕아이씨에스,058110,47750.0,N/A,-165.0,N/A,N/A,35.63,1340.0,N/A
0,비덴트,121800,7690.0,N/A,-162.0,N/A,N/A,1.03,7470.0,N/A
0,삼일,032280,1800.0,10.78,167.0,N/A,N/A,0.43,4232.0,2.78
0,서울바이오시스,092190,22500.0,58.29,386.0,N/A,N/A,4.88,4606.0,0.17
0,수성,084180,1470.0,N/A,-524.0,N/A,N/A,1.26,1171.0,N/A
0,신한제6호스팩,333050,2000.0,N/A,-119.0,N/A,N/A,1.1,1816.0,N/A
0,액트로,290740,12600.0,8.27,1523.0,N/A,N/A,1.54,8183.0,1.59
0,에이프런티어,036180,1205.0,N/A,-366.0,N/A,N/A,0.97,1243.0,N/A
0,영신금속,007530,1935.0,4.97,389.0,N/A,N/A,0.6,3246.0,N/A
0,위더스제약,330350,23100.0,20.66,1118.0,N/A,N/A,3.1,7463.0,N/A
0,이녹스,088390,8750.0,N/A,-1354.0,N/A,N/A,0.64,13741.0,N/A
0,인선이엔티,060150,9970.0,14.75,676.0,N/A,N/A,1.78,5598.0,N/A
0,제이스텍,090470,9170.0,41.87,219.0,N/A,N/A,1.02,8964.0,0.55
0,참좋은여행,094850,5350.0,3.6,1487.0,N/A,N/A,0.76,7018.0,3.18
0,코미팜,041960,17050.0,N/A,-348.0,N/A,N/A,14.49,1177.0,N/A
0,클리오,237880,18350.0,55.11,333.0,25.0,746.0,2.1,8748.0,1.2
0,파수,150900,4795.0,N/A,-430.0,N/A,N/A,3.0,1596.0,N/A
0,하나마이크론,067310,7290.0,N/A,-406.0,N/A,N/A,1.49,4893.0,0.69
0,한국팩키지,037230,2920.0,49.49,59.0,N/A,N/A,1.86,1573.0,1.2
0,흥국에프엔비,189980,1600.0,14.81,108.0,N/A,N/A,0.9,1784.0,1.88
0,KG ETS,151860,4315.0,1.62,2658.0,N/A,N/A,0.63,6805.0,2.55
0,나노신소재,121600,40800.0,101.24,403.0,N/A,N/A,4.76,8570.0,0.29
0,다산네트웍스,039560,11150.0,N/A,-413.0,N/A,N/A,2.22,5022.0,N/A
0,동일기연,032960,9300.0,23.43,397.0,N/A,N/A,0.57,16229.0,0.41
0,레드로버,060300,610.0,N/A,-1971.0,N/A,N/A,6.29,97.0,N/A
0,베셀,177350,3350.0,N/A,-719.0,N/A,N/A,1.68,1992.0,N/A
0,상아프론테크,089980,48200.0,77.24,624.0,N/A,N/A,5.05,9552.0,0.33
0,솔고바이오,043100,392.0,N/A,-292.0,N/A,N/A,0.68,577.0,N/A
0,신테카바이오,226330,14100.0,N/A,-2036.0,N/A,N/A,4.13,3412.0,N/A
0,아리온,058220,275.0,N/A,-265.0,N/A,N/A,0.62,445.0,N/A
0,앤디포스,238090,4050.0,N/A,-279.0,N/A,N/A,1.99,2038.0,N/A
0,에이스토리,241840,7460.0,N/A,-143.0,N/A,N/A,1.79,4175.0,N/A
0,엘디티,096870,2410.0,N/A,-195.0,N/A,N/A,1.6,1504.0,N/A
0,원풍,008370,4110.0,15.17,271.0,N/A,N/A,0.63,6515.0,3.65
0,이건홀딩스,039020,2610.0,72.5,36.0,N/A,N/A,0.37,6968.0,2.68
0,인터파크,035080,2355.0,N/A,-108.0,N/A,N/A,0.42,5596.0,2.97
0,캔서롭,180400,7740.0,N/A,-735.0,N/A,N/A,7.69,1007.0,N/A
0,코미코,183300,39250.0,15.99,2454.0,N/A,N/A,2.84,13838.0,1.02
0,티라유텍,322180,14750.0,23.3,633.0,N/A,N/A,3.02,4891.0,N/A
0,픽셀플러스,087600,5190.0,N/A,-321.0,N/A,N/A,0.43,12208.0,N/A
0,헬릭스미스,084990,58700.0,N/A,-4523.0,N/A,N/A,9.27,6335.0,N/A
0,SK머티리얼즈,036490,240400.0,19.82,12129.0,17.0,13818.0,4.84,49626.0,1.6
0,나노,187790,1415.0,47.17,30.0,N/A,N/A,0.7,2019.0,N/A
0,대원,007680,10150.0,15.22,667.0,N/A,N/A,0.41,24779.0,2.46
0,디알젬,263690,22100.0,30.07,735.0,N/A,N/A,7.0,3155.0,0.23
0,마이크로프랜드,147760,6110.0,N/A,-429.0,N/A,N/A,1.6,3830.0,N/A
0,서연탑메탈,019770,3445.0,N/A,-41.0,N/A,N/A,0.61,5653.0,1.74
0,슈프리마에이치큐,094840,5390.0,7.16,753.0,N/A,N/A,0.34,15742.0,N/A
0,아세아텍,050860,3120.0,N/A,-126.0,N/A,N/A,0.53,5881.0,1.6
0,안트로젠,065660,73400.0,N/A,-469.0,N/A,N/A,9.81,7479.0,N/A
0,에이비프로바이오,195990,780.0,N/A,-256.0,N/A,N/A,1.07,730.0,N/A
0,에이프로젠 H&G,109960,926.0,61.73,15.0,N/A,N/A,0.78,1191.0,N/A
0,엠플러스,259630,23350.0,115.02,203.0,N/A,N/A,3.19,7311.0,N/A
0,우리산업홀딩스,072470,5560.0,N/A,-10.0,N/A,N/A,0.81,6864.0,0.45
0,이루온,065440,1450.0,41.43,35.0,N/A,N/A,1.13,1282.0,N/A
0,제노레이,122310,11200.0,11.08,1011.0,N/A,N/A,2.68,4177.0,1.21
0,케이사인,192250,1335.0,21.53,62.0,N/A,N/A,1.56,858.0,N/A
0,코텍,052330,8820.0,4.88,1807.0,N/A,N/A,0.41,21595.0,4.53
0,파인텍,131760,1765.0,N/A,-7.0,N/A,N/A,1.23,1436.0,N/A
0,하이소닉,106080,3330.0,N/A,-1314.0,N/A,N/A,4.91,678.0,N/A
0,휴온스,243070,61300.0,15.83,3873.0,N/A,N/A,3.06,20061.0,1.04
0,KNN,058400,1740.0,34.8,50.0,N/A,N/A,1.19,1458.0,1.15
0,SNK,950180,12450.0,20.72,601.0,N/A,N/A,0.8,15574.0,N/A
0,고영,098460,99600.0,41.09,2424.0,50.0,2003.0,5.44,18323.0,0.55
0,남화산업,111710,12650.0,87.24,145.0,N/A,N/A,1.94,6517.0,0.4
0,뉴보텍,060260,1765.0,44.12,40.0,N/A,N/A,2.28,775.0,N/A
0,동양파일,228340,2455.0,N/A,-731.0,N/A,N/A,0.4,6066.0,N/A
0,리메드,302550,29200.0,35.1,832.0,30.0,984.0,6.15,4745.0,N/A
0,모아텍,033200,4590.0,N/A,-175.0,N/A,N/A,0.57,8050.0,N/A
0,비엠티,086670,9190.0,10.03,916.0,N/A,N/A,1.03,8882.0,1.63
0,서울옥션,063170,4215.0,N/A,-494.0,N/A,N/A,0.98,4290.0,N/A
0,신성델타테크,065350,3840.0,35.89,107.0,N/A,N/A,0.71,5380.0,2.08
0,어보브반도체,102120,11050.0,11.77,939.0,N/A,N/A,1.98,5577.0,1.81
0,에스티큐브,052020,10050.0,N/A,-434.0,N/A,N/A,8.18,1228.0,N/A
0,엔바이오니아,317870,7060.0,147.08,48.0,N/A,N/A,2.44,2892.0,N/A
0,오이솔루션,138080,62200.0,17.16,3625.0,31.0,2026.0,4.88,12748.0,0.64
0,원익IPS,240810,36750.0,34.93,1052.0,15.0,2490.0,3.06,12002.0,N/A
0,이큐셀,160600,310.0,N/A,-1614.0,N/A,N/A,0.65,479.0,N/A
0,정원엔시스,045510,1685.0,210.62,8.0,N/A,N/A,1.39,1208.0,N/A
0,지엔원에너지,270520,2460.0,25.1,98.0,N/A,N/A,3.06,805.0,N/A
0,코리아센터,290510,15900.0,61.87,257.0,N/A,N/A,2.12,7493.0,N/A
0,파티게임즈,194510,536.0,N/A,-141.0,N/A,N/A,0.38,1429.0,N/A
0,하나머티리얼즈,166090,26350.0,19.66,1340.0,N/A,N/A,3.47,7585.0,0.76
0,형지I&C,011080,1195.0,N/A,-61.0,N/A,N/A,2.27,526.0,N/A
0,SK바이오랜드,052260,30150.0,61.41,491.0,N/A,N/A,2.97,10160.0,1.16
0,나이스디앤비,130580,12550.0,16.71,751.0,N/A,N/A,3.54,3542.0,1.39
0,동우팜투테이블,088910,3320.0,N/A,-216.0,N/A,N/A,0.46,7233.0,N/A
0,리노스,039980,1175.0,N/A,-89.0,N/A,N/A,0.66,1770.0,N/A
0,미디어젠,279600,6900.0,N/A,-142.0,N/A,N/A,1.79,3849.0,N/A
0,비츠로테크,042370,9770.0,12.62,774.0,N/A,N/A,1.4,7002.0,0.51
0,선광,003100,16600.0,17.46,951.0,N/A,N/A,0.33,50719.0,2.11
0,신화콘텍,187270,2520.0,N/A,-65.0,N/A,N/A,0.48,5223.0,N/A
0,안국약품,001540,14850.0,58.01,256.0,N/A,N/A,1.15,12917.0,1.48
0,에스에이티,060540,2015.0,5.84,345.0,N/A,N/A,0.63,3217.0,2.48
0,엘비세미콘,061970,10650.0,15.52,686.0,N/A,N/A,3.05,3487.0,0.47
0,와이엔텍,067900,12500.0,11.13,1123.0,N/A,N/A,1.63,7653.0,N/A
0,위지윅스튜디오,299900,4595.0,68.58,67.0,N/A,N/A,2.44,1880.0,N/A
0,인바디,041830,17200.0,11.79,1459.0,N/A,N/A,1.6,10771.0,0.81
0,제이엠아이,033050,1065.0,N/A,-186.0,N/A,N/A,0.97,1100.0,N/A
0,케이씨티,089150,4055.0,82.76,49.0,N/A,N/A,1.92,2113.0,1.48
0,큐브앤컴퍼니,043090,3350.0,N/A,-250.0,N/A,N/A,4.69,715.0,N/A
0,팜스빌,318010,13900.0,12.74,1091.0,N/A,N/A,1.98,7034.0,1.44
0,피피아이,062970,9420.0,N/A,-30.0,N/A,N/A,4.19,2250.0,N/A
0,한컴MDS,086960,12850.0,12.94,993.0,N/A,N/A,0.92,13972.0,N/A
0,GRT,900290,1300.0,1.49,875.0,N/A,N/A,0.17,7524.0,N/A
0,NHN한국사이버결제,060250,65400.0,55.0,1189.0,46.0,1418.0,10.98,5954.0,0.35
0,나노캠텍,091970,2200.0,N/A,-700.0,N/A,N/A,0.89,2465.0,N/A
0,뉴지랩,214870,14100.0,N/A,-252.0,N/A,N/A,5.4,2613.0,N/A
0,대창스틸,140520,2050.0,410.0,5.0,N/A,N/A,0.45,4594.0,4.88
0,디스플레이텍,066670,3230.0,17.09,189.0,N/A,N/A,0.37,8785.0,3.1
0,매일유업,267980,74700.0,8.69,8592.0,8.0,8988.0,1.42,52751.0,1.07
0,바이오솔루션,086820,32450.0,N/A,-155.0,N/A,N/A,5.38,6026.0,N/A
0,상신전자,263810,3200.0,20.0,160.0,N/A,N/A,1.28,2495.0,N/A
0,스타모빌리티,158310,505.0,N/A,-2158.0,N/A,N/A,0.34,1489.0,N/A
0,아미노로직스,074430,2505.0,N/A,-32.0,N/A,N/A,4.28,585.0,N/A
0,알엔투테크놀로지,148250,17650.0,166.51,106.0,N/A,N/A,3.94,4477.0,0.28
0,에코프로,086520,40700.0,53.55,760.0,N/A,N/A,3.31,12303.0,0.74
0,우리로,046970,1635.0,N/A,-427.0,N/A,N/A,1.48,1105.0,N/A
0,유니트론텍,142210,6290.0,12.31,511.0,N/A,N/A,1.44,4370.0,1.59
0,이스트아시아홀딩스,900110,230.0,25.56,9.0,N/A,N/A,0.12,1879.0,N/A
0,일야,058450,685.0,N/A,-229.0,N/A,N/A,1.54,446.0,N/A
0,지엘팜텍,204840,1030.0,N/A,-178.0,N/A,N/A,5.75,179.0,N/A
0,케이엠제약,225430,3675.0,N/A,-29.0,N/A,N/A,3.19,1151.0,N/A
0,큐로홀딩스,051780,613.0,N/A,-86.0,N/A,N/A,2.14,286.0,N/A
0,퓨쳐스트림네트웍스,214270,1125.0,16.07,70.0,N/A,N/A,1.8,625.0,N/A
0,한국가구,004590,4480.0,10.54,425.0,N/A,N/A,0.65,6925.0,2.57
0,AP시스템,265520,26100.0,23.12,1129.0,13.0,1979.0,3.25,8023.0,0.19
0,금화피에스시,036190,25150.0,5.61,4480.0,N/A,N/A,0.64,39421.0,5.17
0,다믈멀티미디어,093640,2795.0,N/A,-117.0,N/A,N/A,1.48,1883.0,N/A
0,덱스터,206560,5710.0,N/A,-305.0,N/A,N/A,2.3,2487.0,N/A
0,디딤,217620,1280.0,N/A,-109.0,N/A,N/A,1.61,794.0,N/A
0,루멘스,038060,1875.0,N/A,-1128.0,N/A,N/A,0.71,2636.0,N/A
0,모바일리더,100030,17200.0,N/A,-830.0,N/A,N/A,1.52,11293.0,N/A
0,브이원텍,251630,8290.0,17.64,470.0,N/A,N/A,1.5,5538.0,1.21
0,서울리거,043710,1070.0,N/A,-341.0,N/A,N/A,0.68,1581.0,N/A
0,센트럴바이오,051980,693.0,N/A,-203.0,N/A,N/A,1.38,501.0,N/A
0,신영스팩6호,344050,2000.0,N/A,N/A,N/A,N/A,1.02,1970.0,N/A
0,아스트,067390,4065.0,N/A,-225.0,N/A,N/A,0.56,7257.0,N/A
0,에스폴리텍,050760,7870.0,10.95,719.0,N/A,N/A,2.09,3761.0,0.63
0,엘앤씨바이오,290650,141300.0,142.15,994.0,N/A,N/A,17.91,7889.0,0.07
0,오파스넷,173130,8370.0,N/A,-3083.0,N/A,N/A,1.94,4313.0,N/A
0,위즈코프,038620,993.0,N/A,-9.0,N/A,N/A,0.87,1136.0,N/A
0,이루다,164060,16400.0,32.48,505.0,N/A,N/A,6.32,2596.0,N/A
0,인화정공,101930,4350.0,N/A,-743.0,N/A,N/A,0.31,14077.0,N/A
0,제테마,216080,25400.0,N/A,-1077.0,N/A,N/A,9.6,2647.0,N/A
0,케이맥,043290,1580.0,N/A,-347.0,N/A,N/A,1.25,1269.0,N/A
0,코콤,015710,6420.0,19.75,325.0,N/A,N/A,0.92,6967.0,2.49
0,톱텍,108230,18050.0,123.63,146.0,N/A,N/A,1.8,10028.0,0.55
0,푸른기술,094940,15250.0,N/A,-140.0,N/A,N/A,3.37,4528.0,0.2
0,하츠,066130,6240.0,31.2,200.0,N/A,N/A,0.91,6843.0,0.48
0,해성옵틱스,076610,1585.0,N/A,-527.0,N/A,N/A,0.8,1989.0,N/A
0,IBKS제13호스팩,351340,2025.0,N/A,N/A,N/A,N/A,N/A,N/A,N/A
0,THE E&M,089230,707.0,N/A,-28.0,N/A,N/A,1.18,597.0,N/A
0,교보8호스팩,307280,2130.0,N/A,-1.0,N/A,N/A,1.17,1823.0,N/A
0,뉴인텍,012340,1605.0,N/A,-26.0,N/A,N/A,1.77,909.0,N/A
0,디에이피,066900,3240.0,29.45,110.0,N/A,N/A,0.56,5759.0,N/A
0,링크제니시스,219420,6700.0,446.67,15.0,N/A,N/A,2.24,2997.0,N/A
0,미래SCI,028040,279.0,N/A,-554.0,N/A,N/A,0.78,358.0,N/A
0,서암기계공업,100660,4950.0,39.92,124.0,N/A,N/A,1.02,4875.0,1.01
0,승일,049830,8600.0,N/A,-17.0,N/A,N/A,0.36,24021.0,N/A
0,아이센스,099190,27700.0,15.39,1800.0,N/A,N/A,1.85,14948.0,0.72
0,알에프텍,061040,9630.0,13.34,722.0,N/A,N/A,1.34,7180.0,N/A
0,엑시콘,092870,10700.0,N/A,-192.0,N/A,N/A,1.36,7869.0,0.61
0,오픈베이스,049480,3240.0,45.0,72.0,N/A,N/A,1.63,1991.0,0.46
0,웰크론,065950,6120.0,N/A,-138.0,N/A,N/A,2.79,2190.0,N/A
0,유테크,178780,3570.0,N/A,-74.0,N/A,N/A,3.92,911.0,N/A
0,자비스,254120,1760.0,N/A,-398.0,N/A,N/A,2.05,857.0,N/A
0,젬백스,082270,23600.0,N/A,-2245.0,N/A,N/A,7.2,3279.0,N/A
0,케이피티유,054410,3970.0,120.3,33.0,N/A,N/A,0.59,6783.0,N/A
0,투비소프트,079970,1675.0,N/A,-694.0,N/A,N/A,0.95,1759.0,N/A
0,패션플랫폼,225590,1170.0,6.0,195.0,N/A,N/A,0.74,1576.0,N/A
0,한국코퍼레이션,050540,282.0,N/A,-213.0,N/A,N/A,0.42,667.0,N/A
0,APS홀딩스,054620,8670.0,N/A,-27.0,N/A,N/A,0.74,11654.0,N/A
0,NICE평가정보,030190,20350.0,29.24,696.0,28.0,728.0,5.55,3668.0,1.13
0,경남제약헬스케어,223310,3320.0,N/A,-1051.0,N/A,N/A,0.99,3361.0,N/A
0,넵튠,217270,9960.0,N/A,-510.0,N/A,N/A,3.52,2827.0,N/A
0,덕산네오룩스,213420,38200.0,37.2,1027.0,30.0,1256.0,5.48,6976.0,N/A
0,레드캡투어,038390,15850.0,6.33,2502.0,N/A,N/A,0.77,20531.0,5.05
0,모두투어,080160,11600.0,N/A,-384.0,-12.0,-938.0,1.73,6715.0,1.03
0,비즈니스온,138580,16250.0,40.22,404.0,N/A,N/A,4.69,3465.0,1.75
0,삼일기업공사,002290,2885.0,10.85,266.0,N/A,N/A,0.61,4725.0,3.47
0,서호전기,065710,20500.0,6.77,3026.0,N/A,N/A,1.42,14473.0,5.85
0,슈펙스비앤피,058530,176.0,N/A,-348.0,N/A,N/A,0.36,493.0,N/A
0,아가방컴퍼니,013990,2890.0,N/A,-552.0,N/A,N/A,0.73,3983.0,N/A
0,앱클론,174900,36800.0,N/A,-334.0,N/A,N/A,16.66,2209.0,N/A
0,에이프로,262260,39900.0,28.81,1385.0,N/A,N/A,8.88,4495.0,N/A
0,예림당,036000,2255.0,N/A,-1391.0,N/A,N/A,0.25,8866.0,N/A
0,윈하이텍,192390,2595.0,N/A,-874.0,N/A,N/A,0.52,5031.0,N/A
0,이랜시스,264850,1835.0,44.76,41.0,N/A,N/A,1.93,949.0,2.18
0,인포마크,175140,5920.0,N/A,-3365.0,N/A,N/A,3.0,1976.0,N/A
0,제일바이오,052670,9280.0,331.43,28.0,N/A,N/A,3.54,2619.0,N/A
0,천보,278280,136200.0,59.11,2304.0,47.0,2916.0,6.4,21284.0,0.22
0,코아시아,045970,11400.0,61.96,184.0,N/A,N/A,2.05,5569.0,0.51
0,키움제5호스팩,311270,2015.0,183.18,11.0,N/A,N/A,1.01,1987.0,N/A
0,파워로직스,047310,7770.0,8.66,897.0,N/A,N/A,1.17,6652.0,0.64
0,한국경제TV,039340,5880.0,9.82,599.0,N/A,N/A,1.07,5482.0,1.53
0,한글과컴퓨터,030520,16850.0,16.78,1004.0,N/A,N/A,1.61,10495.0,N/A
0,DB금융스팩7호,322780,2040.0,226.67,9.0,N/A,N/A,1.08,1881.0,N/A
0,KMH,122450,7960.0,11.55,689.0,N/A,N/A,0.87,9143.0,0.88
0,나인테크,267320,2635.0,20.11,131.0,N/A,N/A,14.02,188.0,N/A
0,다원시스,068240,20700.0,95.39,217.0,N/A,N/A,2.6,7954.0,0.48
0,듀오백,073190,2520.0,N/A,-222.0,N/A,N/A,1.01,2483.0,N/A
0,로고스바이오,238120,13950.0,268.27,52.0,N/A,N/A,4.74,2944.0,N/A
0,보라티알,250000,11200.0,64.0,175.0,N/A,N/A,1.38,8109.0,1.34
0,서산,079650,2605.0,N/A,-78.0,N/A,N/A,0.75,3492.0,N/A
0,솔본,035610,3420.0,N/A,-277.0,N/A,N/A,0.66,5155.0,N/A
0,신한제5호스팩,323230,2010.0,N/A,-3.0,N/A,N/A,1.02,1964.0,N/A
0,아비코전자,036010,5950.0,N/A,-514.0,N/A,N/A,0.79,7569.0,1.18
0,에스앤더블류,103230,2000.0,N/A,-505.0,N/A,N/A,0.38,5200.0,N/A
0,에이치시티,072990,12000.0,12.81,937.0,N/A,N/A,1.6,7502.0,0.25
0,엘아이에스,138690,9080.0,24.02,378.0,N/A,N/A,2.87,3168.0,N/A
0,웹젠,069080,37950.0,33.97,1117.0,25.0,1500.0,3.25,11667.0,N/A
0,이노와이어리스,073490,52500.0,18.05,2909.0,N/A,N/A,3.59,14643.0,0.48
0,재영솔루텍,049630,743.0,10.46,71.0,N/A,N/A,0.97,768.0,N/A
0,캠시스,050110,3260.0,33.61,97.0,N/A,N/A,1.84,1773.0,N/A
0,코썬바이오,204990,33.0,N/A,-1456.0,N/A,N/A,0.27,122.0,N/A
0,티씨케이,064760,95600.0,23.05,4147.0,N/A,N/A,4.96,19276.0,0.94
0,필옵틱스,161580,12700.0,N/A,-578.0,N/A,N/A,3.56,3571.0,N/A
0,휴온스글로벌,084110,34000.0,14.59,2330.0,N/A,N/A,1.02,33448.0,1.12
0,UCI,038340,3300.0,N/A,-361.0,N/A,N/A,3.03,1089.0,N/A
0,네오셈,253590,2895.0,30.47,95.0,N/A,N/A,2.63,1100.0,0.34
0,대한그린파워,060900,711.0,N/A,-99.0,N/A,N/A,3.5,203.0,N/A
0,디에스티,033430,370.0,N/A,-313.0,N/A,N/A,7.55,49.0,N/A
0,메가스터디교육,215200,33850.0,9.73,3480.0,N/A,N/A,1.66,20363.0,3.25
0,서울반도체,046890,17200.0,40.47,425.0,26.0,651.0,1.48,11610.0,0.91
0,스타플렉스,115570,5350.0,N/A,-1398.0,N/A,N/A,0.53,10119.0,1.5
0,아스타,246720,4550.0,N/A,-951.0,N/A,N/A,3.85,1183.0,N/A
0,알에스오토메이션,140670,8340.0,N/A,-11.0,N/A,N/A,1.93,4314.0,N/A
0,에이스테크,088800,19750.0,N/A,-667.0,N/A,N/A,10.13,1949.0,N/A
0,에코플라스틱,038110,1435.0,N/A,-154.0,N/A,N/A,0.34,4169.0,2.09
0,예스24,053280,8520.0,N/A,-378.0,N/A,N/A,2.48,3431.0,2.35
0,우림기계,101170,3165.0,40.06,79.0,N/A,N/A,0.48,6653.0,N/A
0,이엘피,063760,11350.0,8.56,1326.0,N/A,N/A,0.75,15135.0,1.06
0,제로투세븐,159580,6930.0,18.48,375.0,16.0,433.0,1.87,3708.0,N/A
0,케이씨에스,115500,4635.0,32.64,142.0,N/A,N/A,2.99,1548.0,4.75
0,큐캐피탈,016600,578.0,13.14,44.0,N/A,N/A,0.71,811.0,N/A
0,펩트론,087010,21000.0,N/A,-1254.0,N/A,N/A,13.13,1599.0,N/A
0,한국유니온제약,080720,15200.0,N/A,-286.0,N/A,N/A,1.63,9345.0,N/A
0,휴젤,145020,156800.0,58.44,2683.0,45.0,3514.0,2.77,56575.0,N/A
0,KPX생명과학,114450,7220.0,802.22,9.0,N/A,N/A,1.82,3976.0,N/A
0,SV인베스트먼트,289080,3980.0,N/A,-45.0,N/A,N/A,3.96,1006.0,0.75
0,골드퍼시픽,038530,1390.0,N/A,-1188.0,N/A,N/A,3.55,392.0,N/A
0,네스엠,056000,1870.0,N/A,-263.0,N/A,N/A,1.55,1209.0,N/A
0,다날,064260,3845.0,33.15,116.0,N/A,N/A,1.19,3244.0,N/A
0,디앤씨미디어,263720,36700.0,77.59,473.0,41.0,891.0,10.27,3575.0,N/A
0,린드먼아시아,277070,4840.0,12.91,375.0,N/A,N/A,1.41,3428.0,1.84
0,미래에셋대우스팩4호,333430,2000.0,N/A,-18.0,N/A,N/A,1.03,1936.0,N/A
0,비츠로셀,082920,18450.0,17.69,1043.0,N/A,N/A,2.73,6756.0,0.54
0,서한,011370,1135.0,10.91,104.0,N/A,N/A,0.38,3007.0,2.64
0,신화인터텍,056700,2775.0,31.9,87.0,N/A,N/A,0.85,3281.0,1.8
0,에너토크,019990,3660.0,110.91,33.0,N/A,N/A,0.9,4084.0,1.37
0,에스피지,058610,6420.0,15.97,402.0,N/A,N/A,0.95,6773.0,1.56
0,엔에이치스팩13호,310840,2060.0,412.0,5.0,N/A,N/A,1.08,1906.0,N/A
0,올리패스,244460,19200.0,N/A,-3203.0,N/A,N/A,21.45,895.0,N/A
0,위세아이텍,065370,22950.0,29.27,784.0,N/A,N/A,4.54,5055.0,0.22
0,이퓨쳐,134060,5800.0,19.73,294.0,N/A,N/A,1.42,4092.0,N/A
0,제이씨케미칼,137950,5450.0,23.09,236.0,N/A,N/A,1.38,3954.0,1.1
0,지트리비앤티,115450,28300.0,N/A,-618.0,N/A,N/A,10.22,2769.0,N/A
0,큐리언트,115180,31800.0,N/A,-2195.0,N/A,N/A,23.04,1380.0,N/A
0,팜스토리,027710,1225.0,N/A,-49.0,N/A,N/A,0.86,1424.0,2.04
0,한국선재,025550,3055.0,38.67,79.0,N/A,N/A,0.8,3824.0,N/A
0,홈캐스트,064240,3530.0,N/A,-250.0,N/A,N/A,1.63,2162.0,N/A
0,강원,114190,2500.0,N/A,-2024.0,N/A,N/A,1.6,1566.0,N/A
0,네패스,033640,33000.0,30.78,1072.0,-202.0,-163.0,3.76,8770.0,0.82
0,동운아나텍,094170,5570.0,9.79,569.0,N/A,N/A,2.88,1933.0,0.9
0,리더스 기술투자,019570,456.0,N/A,-200.0,N/A,N/A,1.31,348.0,N/A
0,미래나노텍,095500,3140.0,92.35,34.0,N/A,N/A,0.39,7967.0,N/A
0,비피도,238200,18600.0,50.68,367.0,N/A,N/A,1.63,11393.0,N/A
0,세진티에스,067770,2480.0,N/A,-241.0,N/A,N/A,0.54,4619.0,N/A
0,쎄니트,037760,1775.0,5.92,300.0,N/A,N/A,0.75,2377.0,1.69
0,알톤스포츠,123750,3235.0,N/A,-815.0,N/A,N/A,2.51,1291.0,N/A
0,에스엔유,080000,3670.0,12.66,290.0,N/A,N/A,1.06,3472.0,N/A
0,엘이티,297890,19750.0,17.36,1138.0,N/A,N/A,4.29,4599.0,N/A
0,와이오엠,066430,1595.0,N/A,-1799.0,N/A,N/A,1.51,1053.0,N/A
0,윈스,136540,16700.0,10.79,1548.0,N/A,N/A,1.63,10261.0,2.1
0,인산가,277410,1930.0,12.53,154.0,N/A,N/A,1.66,1164.0,1.55
0,조이맥스,101730,6460.0,N/A,-1304.0,N/A,N/A,7.48,864.0,N/A
0,케이피에스,256940,15500.0,N/A,-42.0,N/A,N/A,6.36,2437.0,N/A
0,크리스탈,083790,15750.0,N/A,-1106.0,N/A,N/A,4.66,3379.0,N/A
0,팬스타엔터프라이즈,054300,774.0,110.57,7.0,N/A,N/A,0.95,817.0,N/A
0,하이제4호스팩,317240,2040.0,1020.0,2.0,N/A,N/A,1.06,1916.0,N/A
0,한화에스비아이스팩,317320,2775.0,185.0,15.0,N/A,N/A,1.49,1859.0,N/A
0,GV,045890,793.0,N/A,-845.0,N/A,N/A,0.75,1054.0,N/A
0,SBI인베스트먼트,019550,772.0,9.9,78.0,N/A,N/A,1.26,612.0,N/A
0,나라엠앤디,051490,8350.0,43.95,190.0,N/A,N/A,1.43,5827.0,0.72
0,대동기어,008830,2735.0,N/A,-64.0,N/A,N/A,0.43,6346.0,0.91
0,덕우전자,263600,8080.0,8.79,919.0,N/A,N/A,1.43,5654.0,1.73
0,디에스케이,109740,7430.0,26.16,284.0,N/A,N/A,1.33,5604.0,N/A
0,맥스로텍,141070,1485.0,N/A,-372.0,N/A,N/A,1.46,1017.0,N/A
0,바이오톡스텍,086040,11550.0,N/A,-97.0,N/A,N/A,5.6,2062.0,N/A
0,서진시스템,178320,41450.0,19.66,2108.0,N/A,N/A,2.68,15482.0,0.72
0,시스웍,269620,2500.0,24.51,102.0,N/A,N/A,1.16,2154.0,1.6
0,아이디스,143160,40200.0,48.09,836.0,N/A,N/A,2.71,14857.0,0.62
0,액토즈소프트,052790,13850.0,17.29,801.0,N/A,N/A,1.19,11631.0,N/A
0,엔지스테크널러지,208860,6770.0,N/A,-607.0,N/A,N/A,6.89,982.0,N/A
0,우정바이오,215380,9140.0,304.67,30.0,N/A,N/A,3.18,2871.0,N/A
0,유진기업,023410,4195.0,10.92,384.0,N/A,N/A,0.39,10782.0,3.58
0,이엑스티,226360,3420.0,N/A,-342.0,N/A,N/A,2.76,1239.0,N/A
0,일진파워,094820,5160.0,6.19,833.0,N/A,N/A,0.79,6521.0,5.81
0,진매트릭스,109820,16500.0,N/A,-14.0,N/A,N/A,19.32,854.0,N/A
0,케이프,064820,3340.0,24.56,136.0,N/A,N/A,0.61,5438.0,N/A
0,태광,023160,7450.0,21.91,340.0,17.0,432.0,0.45,16659.0,1.34
0,피앤씨테크,237750,6040.0,10.9,554.0,N/A,N/A,0.64,9369.0,N/A
0,한국정밀기계,101680,1610.0,N/A,-355.0,N/A,N/A,0.25,6432.0,N/A
0,AP위성,211270,7840.0,94.46,83.0,N/A,N/A,1.34,5862.0,0.89
0,까스텔바작,308100,10600.0,12.07,878.0,N/A,N/A,0.92,11570.0,N/A
0,대동스틸,048470,5140.0,72.39,71.0,N/A,N/A,0.86,5984.0,0.58
0,도이치모터스,067990,6900.0,3.9,1768.0,N/A,N/A,0.75,9255.0,N/A
0,디에이테크놀로지,196490,1830.0,N/A,-466.0,N/A,N/A,1.76,1040.0,N/A
0,루트로닉,085370,6030.0,N/A,-173.0,N/A,N/A,1.35,4459.0,N/A
0,미래생명자원,218150,3380.0,58.28,58.0,N/A,N/A,2.0,1688.0,N/A
0,브이티지엠피,018290,8840.0,53.58,165.0,16.0,560.0,4.08,2168.0,N/A
0,서울제약,018680,10650.0,N/A,-387.0,N/A,N/A,1.76,6044.0,0.14
0,솔브레인홀딩스,036830,70900.0,9.14,7754.0,N/A,N/A,1.36,52181.0,1.2
0,싸이맥스,160980,14400.0,21.72,663.0,N/A,N/A,1.38,10409.0,1.74
0,아이스크림에듀,289010,7830.0,18.82,416.0,N/A,N/A,1.38,5666.0,1.28
0,에스피시스템스,317830,6350.0,35.47,179.0,N/A,N/A,1.53,4160.0,0.31
0,엘앤에프,066970,45300.0,N/A,-180.0,248.0,183.0,7.56,5995.0,0.11
0,올릭스,226950,58300.0,N/A,-2284.0,N/A,N/A,9.86,5910.0,N/A
0,윈팩,097800,1865.0,5.39,346.0,N/A,N/A,1.42,1314.0,N/A
0,이매진아시아,036260,2220.0,N/A,-511.0,N/A,N/A,8.54,260.0,N/A
0,자연과환경,043910,1610.0,N/A,-65.0,N/A,N/A,2.0,807.0,N/A
0,중앙오션,054180,1235.0,N/A,-120.0,N/A,N/A,1.64,755.0,N/A
0,케이엘넷,039420,2350.0,19.75,119.0,N/A,N/A,1.49,1577.0,2.55
0,큐에스아이,066310,15700.0,102.61,153.0,N/A,N/A,2.36,6653.0,0.32
0,티비씨,033830,675.0,12.74,53.0,N/A,N/A,0.59,1149.0,2.37
0,퓨전,195440,2075.0,N/A,-2829.0,N/A,N/A,0.3,6953.0,N/A
0,한국기업평가,034950,83300.0,17.78,4684.0,N/A,N/A,5.05,16480.0,10.35
0,행남사,008800,1770.0,N/A,-1125.0,N/A,N/A,2.71,654.0,N/A
0,ITX엠투엠,099520,1750.0,N/A,-310.0,N/A,N/A,3.02,580.0,N/A
0,TJ미디어,032540,2740.0,11.18,245.0,N/A,N/A,0.48,5655.0,1.83
0,국순당,043650,4090.0,N/A,-216.0,N/A,N/A,0.33,12427.0,2.44
0,뉴프렉스,085670,1410.0,N/A,-536.0,N/A,N/A,0.66,2144.0,N/A
0,디엔에프,092070,15700.0,92.35,170.0,N/A,N/A,1.76,8944.0,N/A
0,마이크로텍,227950,3015.0,N/A,-495.0,N/A,N/A,4.17,723.0,N/A
0,미스터블루,207760,13750.0,25.23,545.0,N/A,N/A,7.64,1800.0,0.18
0,성창오토텍,080470,7820.0,3910.0,2.0,N/A,N/A,1.49,5258.0,0.38
0,심텍,222800,19600.0,N/A,-248.0,N/A,N/A,2.77,7082.0,0.78
0,아이씨디,040910,15200.0,14.98,1015.0,N/A,N/A,1.65,9207.0,0.99
0,알테오젠,196170,200600.0,1108.29,181.0,N/A,N/A,76.62,2618.0,N/A
0,엔피케이,048830,1635.0,N/A,-55.0,N/A,N/A,0.76,2161.0,1.84
0,옵티시스,109080,8110.0,16.29,498.0,N/A,N/A,1.03,7893.0,0.62
0,위지트,036090,676.0,37.56,18.0,N/A,N/A,0.75,903.0,N/A
0,유티아이,179900,15200.0,97.44,156.0,N/A,N/A,3.94,3862.0,0.66
0,자이글,234920,3385.0,N/A,-1790.0,N/A,N/A,0.9,3762.0,N/A
0,조아제약,034940,5190.0,N/A,-74.0,N/A,N/A,2.81,1846.0,N/A
0,켄코아에어로스페이스,274090,8920.0,N/A,-990.0,N/A,N/A,2.03,4397.0,N/A
0,트루윈,105550,3360.0,N/A,-246.0,N/A,N/A,1.62,2070.0,N/A
0,푸드웰,005670,5290.0,1.73,3050.0,N/A,N/A,0.66,7997.0,1.89
0,한양디지텍,078350,5840.0,N/A,-623.0,N/A,N/A,1.65,3546.0,N/A
0,CJ ENM,035760,121100.0,29.97,4041.0,18.0,6641.0,0.81,150433.0,1.16
0,PI첨단소재,178920,33700.0,35.32,954.0,21.0,1638.0,3.89,8664.0,0.94
0,광림,014200,1715.0,N/A,-24.0,N/A,N/A,1.11,1543.0,N/A
0,노바렉스,194700,42650.0,21.26,2006.0,19.0,2299.0,3.52,12110.0,0.47
0,데브시스터즈,194480,8500.0,N/A,-648.0,N/A,N/A,0.81,10465.0,N/A
0,레이언스,228850,11900.0,13.71,868.0,N/A,N/A,0.95,12478.0,2.52
0,무림SP,001810,1935.0,N/A,-87.0,N/A,N/A,0.21,9220.0,1.81
0,비트컴퓨터,032850,11600.0,33.24,349.0,N/A,N/A,3.93,2952.0,0.53
0,삼지전자,037460,11150.0,10.24,1089.0,N/A,N/A,0.84,13260.0,1.26
0,성우하이텍,015750,3135.0,N/A,-41.0,N/A,N/A,0.24,13197.0,2.55
0,슈프리마,236200,31850.0,7.85,4059.0,N/A,N/A,1.58,20103.0,N/A
0,아모텍,052710,34450.0,N/A,-367.0,67.0,513.0,1.66,20784.0,N/A
0,에스에스알,275630,5440.0,25.42,214.0,N/A,N/A,1.3,4191.0,N/A
0,에프알텍,073540,5360.0,N/A,-55.0,N/A,N/A,1.99,2700.0,N/A
0,오르비텍,046120,3555.0,N/A,-75.0,N/A,N/A,1.25,2853.0,N/A
0,윌링스,313760,13250.0,18.48,717.0,N/A,N/A,1.83,7255.0,0.6
0,이베스트스팩5호,349720,1990.0,N/A,N/A,N/A,N/A,N/A,N/A,N/A
0,인포바인,115310,18450.0,6.69,2759.0,N/A,N/A,0.47,39166.0,4.88
0,젬백스지오,041590,768.0,N/A,-1017.0,N/A,N/A,0.74,1031.0,N/A
0,케이비제19호스팩,330990,2010.0,N/A,-15.0,N/A,N/A,1.05,1909.0,N/A
0,코오롱생명과학,102940,32850.0,N/A,-5120.0,N/A,N/A,3.82,8602.0,N/A
0,테고사이언스,191420,30900.0,196.82,157.0,N/A,N/A,5.21,5929.0,N/A
0,파인디지털,038950,5010.0,32.75,153.0,N/A,N/A,0.52,9657.0,1.0
0,한국바이오젠,318000,7350.0,N/A,-197.0,N/A,N/A,2.31,3181.0,0.68
0,한일단조,024740,1910.0,65.86,29.0,N/A,N/A,0.52,3659.0,N/A
0,EMW,079190,2780.0,N/A,-102.0,N/A,N/A,2.87,967.0,N/A
0,NEW,160550,4890.0,N/A,-376.0,N/A,N/A,1.24,3957.0,N/A
0,넥스트아이,137940,1670.0,N/A,-74.0,N/A,N/A,1.56,1072.0,N/A
0,대원산업,005710,5320.0,4.47,1190.0,N/A,N/A,0.36,14971.0,2.35
0,드림씨아이에스,223250,23750.0,N/A,N/A,N/A,N/A,N/A,N/A,N/A
0,로보스타,090360,13850.0,N/A,-751.0,N/A,N/A,1.44,9640.0,N/A
0,부방,014470,2150.0,N/A,-159.0,N/A,N/A,0.63,3421.0,0.93
0,서진오토모티브,122690,1730.0,N/A,-776.0,N/A,N/A,0.4,4296.0,N/A
0,수산아이앤티,050960,9940.0,20.88,476.0,N/A,N/A,0.9,11063.0,0.75
0,실리콘웍스,108320,47200.0,15.83,2981.0,12.0,3980.0,1.63,29000.0,1.76
0,아이엠이연이,090740,3370.0,8.73,386.0,N/A,N/A,0.61,5564.0,1.48
0,에스에프에이,056190,34900.0,10.31,3385.0,8.0,4237.0,1.35,25792.0,3.03
0,에이텍티앤,224110,19500.0,45.45,429.0,N/A,N/A,2.08,9359.0,N/A
0,엘컴텍,037950,2005.0,334.17,6.0,N/A,N/A,2.38,841.0,1.75
0,위닉스,044340,20700.0,19.55,1059.0,N/A,N/A,2.03,10204.0,2.41
0,이녹스첨단소재,272290,50800.0,16.26,3125.0,16.0,3213.0,2.56,19877.0,N/A
0,제낙스,065620,3190.0,N/A,-777.0,N/A,N/A,13.93,229.0,N/A
0,케이비제18호스팩,323940,2010.0,154.62,13.0,N/A,N/A,1.03,1956.0,N/A
0,코이즈,121850,1180.0,17.1,69.0,N/A,N/A,0.97,1222.0,N/A
0,파라다이스,034230,14100.0,63.51,222.0,-19.0,-761.0,0.96,14691.0,0.71
0,하나금융14호스팩,332710,2040.0,N/A,-48.0,N/A,N/A,1.09,1875.0,N/A
0,희림,037440,3790.0,15.66,242.0,N/A,N/A,0.93,4071.0,3.96
0,WI,073570,1650.0,41.25,40.0,N/A,N/A,3.07,538.0,N/A
0,네오위즈홀딩스,042420,17000.0,10.61,1603.0,N/A,N/A,0.41,41764.0,0.72
0,대한뉴팜,054670,12500.0,11.44,1093.0,N/A,N/A,3.59,3485.0,N/A
0,디엔에이링크,127120,11400.0,N/A,-1092.0,N/A,N/A,12.71,897.0,N/A
0,모헨즈,006920,4845.0,55.06,88.0,N/A,N/A,2.43,1997.0,N/A
0,서울전자통신,027040,781.0,11.32,69.0,N/A,N/A,0.58,1341.0,N/A
0,스튜디오드래곤,253450,87700.0,95.64,917.0,55.0,1588.0,5.63,15567.0,N/A
0,아시아종묘,154030,5190.0,N/A,-180.0,N/A,N/A,2.97,1745.0,N/A
0,액트,131400,5150.0,N/A,-103.0,N/A,N/A,2.17,2371.0,N/A
0,에이씨티,138360,4480.0,43.5,103.0,N/A,N/A,2.47,1816.0,N/A
0,엑사이엔씨,054940,1295.0,35.0,37.0,N/A,N/A,0.8,1610.0,N/A
0,오가닉티코스메틱,900300,760.0,1.5,506.0,N/A,N/A,0.15,5128.0,N/A
0,우양,103840,4920.0,17.39,283.0,N/A,N/A,2.0,2459.0,N/A
0,이지홀딩스,035810,5020.0,132.11,38.0,N/A,N/A,0.85,5888.0,1.0
0,제룡전기,033100,5470.0,14.82,369.0,N/A,N/A,1.57,3493.0,0.91
0,케이아이엔엑스,093320,67100.0,22.33,3005.0,N/A,N/A,3.72,18054.0,0.75
0,크리스탈신소재,900250,1680.0,4.99,337.0,N/A,N/A,0.41,4110.0,N/A
0,포스링크,056730,1460.0,N/A,-499.0,N/A,N/A,10.9,134.0,N/A
0,한국전자금융,063570,6400.0,145.45,44.0,N/A,N/A,1.28,4999.0,1.72
0,CNH,023460,1515.0,1515.0,1.0,N/A,N/A,0.58,2616.0,1.98
0,KTH,036030,5410.0,N/A,-104.0,N/A,N/A,0.99,5472.0,N/A
0,TPC,048770,3840.0,N/A,-306.0,N/A,N/A,1.92,2001.0,0.39
0,골든센츄리,900280,240.0,1.4,172.0,N/A,N/A,0.17,1446.0,1.25
0,네오오토,212560,4005.0,12.8,313.0,N/A,N/A,0.4,10123.0,1.25
0,다우데이타,032190,15100.0,13.26,1139.0,N/A,N/A,0.9,16787.0,1.19
0,디이엔티,079810,7600.0,N/A,-402.0,N/A,N/A,5.18,1466.0,N/A
0,마니커에프앤지,195500,9560.0,28.37,337.0,N/A,N/A,2.66,3594.0,N/A
0,바른손이앤에이,035620,1700.0,N/A,-156.0,N/A,N/A,1.47,1153.0,N/A
0,비츠로시스,054220,3875.0,N/A,-184.0,N/A,N/A,N/A,-128241.0,N/A
0,성도이엔지,037350,3575.0,N/A,-4207.0,N/A,N/A,0.36,9848.0,1.4
0,씨젠,096530,306800.0,145.47,2109.0,25.0,12294.0,43.39,7071.0,0.03
0,에버다임,041440,4380.0,22.69,193.0,N/A,N/A,0.41,10747.0,0.91
0,에이피티씨,089970,14850.0,17.49,849.0,N/A,N/A,4.95,3003.0,N/A
0,엔에이치스팩15호,339950,2045.0,N/A,-26.0,N/A,N/A,1.06,1921.0,N/A
0,와이엠씨,155650,11700.0,N/A,-71.0,N/A,N/A,2.72,4299.0,N/A
0,유니슨,018000,2055.0,N/A,-57.0,N/A,N/A,2.8,733.0,N/A
0,이화공영,001840,4775.0,N/A,-25.0,N/A,N/A,2.27,2105.0,0.21
0,제이앤티씨,204270,13550.0,8.01,1691.0,N/A,N/A,1.94,6980.0,N/A
0,청보산업,013720,4210.0,263.12,16.0,N/A,N/A,1.57,2678.0,N/A
0,크린앤사이언스,045520,37750.0,27.84,1356.0,N/A,N/A,5.21,7240.0,0.8
0,푸드나무,290720,29600.0,51.48,575.0,24.0,1210.0,3.93,7539.0,0.24
0,한국전자인증,041460,6130.0,82.84,74.0,N/A,N/A,2.95,2079.0,0.75
0,플리트 엔터테인먼트,204630,2680.0,N/A,-236.0,N/A,N/A,1.97,1358.0,N/A
0,경남제약,053950,7080.0,N/A,-219.0,N/A,N/A,1.93,3662.0,N/A
0,대동금속,020400,8570.0,N/A,-186.0,N/A,N/A,0.63,13537.0,0.7
0,디아이티,110990,6920.0,16.32,424.0,N/A,N/A,0.75,9281.0,2.89
0,마이크로컨텍솔,098120,4680.0,37.44,125.0,N/A,N/A,1.21,3875.0,N/A
0,미래테크놀로지,213090,8910.0,70.71,126.0,N/A,N/A,0.92,9665.0,1.35
0,빅텍,065450,7220.0,160.44,45.0,N/A,N/A,4.65,1552.0,N/A
0,세화피앤씨,252500,4665.0,38.24,122.0,N/A,N/A,3.3,1415.0,0.21
0,씨씨에스,066790,846.0,211.5,4.0,N/A,N/A,1.43,590.0,N/A
0,알파홀딩스,117670,4800.0,N/A,-877.0,N/A,N/A,1.27,3770.0,N/A
0,에스엠코어,007820,7960.0,25.84,308.0,N/A,N/A,1.99,3993.0,0.88
0,엠에스씨,009780,4280.0,6.51,657.0,N/A,N/A,0.82,5209.0,1.4
0,와이즈버즈,273060,1980.0,N/A,N/A,N/A,N/A,1.04,1898.0,N/A
0,유앤아이,056090,4890.0,N/A,-277.0,N/A,N/A,1.02,4806.0,N/A
0,인지디스플레,037330,1780.0,16.33,109.0,N/A,N/A,0.45,3930.0,4.21
0,지노믹트리,228760,18400.0,N/A,-480.0,N/A,N/A,3.51,5238.0,N/A
0,코디,080530,1820.0,N/A,-380.0,N/A,N/A,0.93,1950.0,N/A
0,태양,053620,8900.0,7.56,1178.0,N/A,N/A,0.44,20327.0,1.68
0,펄어비스,263750,191000.0,12.97,14728.0,16.0,12311.0,3.57,53438.0,N/A
0,한국제8호스팩,310870,2005.0,111.39,18.0,N/A,N/A,1.07,1877.0,N/A
0,핸디소프트,220180,3480.0,N/A,-553.0,N/A,N/A,1.22,2845.0,N/A
0,HB테크놀러지,078150,2210.0,18.11,122.0,N/A,N/A,1.05,2114.0,0.9
0,SG,255220,2380.0,6.98,341.0,N/A,N/A,1.27,1873.0,N/A
0,나우IB,293580,6730.0,35.61,189.0,N/A,N/A,0.92,7312.0,2.23
0,대륙제관,004780,4580.0,12.02,381.0,N/A,N/A,0.68,6702.0,2.18
0,동국S&C,100130,7270.0,28.51,255.0,N/A,N/A,1.55,4695.0,1.38
0,디오스텍,196450,411.0,N/A,-14.0,N/A,N/A,0.78,528.0,N/A
0,멀티캠퍼스,067280,29300.0,10.95,2675.0,N/A,N/A,1.6,18320.0,2.05
0,버추얼텍,036620,794.0,N/A,-107.0,N/A,N/A,3.01,264.0,N/A
0,서플러스글로벌,140070,3395.0,40.9,83.0,N/A,N/A,0.96,3523.0,N/A
0,시큐브,131090,1855.0,14.38,129.0,N/A,N/A,2.2,844.0,0.51
0,아이앤씨,052860,4575.0,25.0,183.0,N/A,N/A,1.43,3204.0,2.19
0,앤씨앤,092600,2940.0,N/A,-287.0,N/A,N/A,1.58,1862.0,N/A
0,엔케이맥스,182400,17100.0,N/A,-533.0,N/A,N/A,5.35,3195.0,N/A
0,월덱스,101160,12900.0,9.89,1305.0,N/A,N/A,2.18,5931.0,0.39
0,유진로봇,056080,2280.0,N/A,-529.0,N/A,N/A,1.76,1297.0,N/A
0,이엔에프테크놀로지,102710,49750.0,14.35,3466.0,N/A,N/A,2.54,19593.0,0.3
0,제노포커스,187420,7300.0,N/A,-270.0,N/A,N/A,3.11,2350.0,N/A
0,창해에탄올,004650,14550.0,6.3,2309.0,N/A,N/A,0.9,16134.0,4.12
0,켐트로닉스,089010,15700.0,15.91,987.0,N/A,N/A,2.38,6597.0,1.91
0,티피씨글로벌,130740,2310.0,N/A,-366.0,N/A,N/A,0.41,5682.0,0.87
0,피앤이솔루션,131390,22700.0,16.34,1389.0,15.0,1480.0,3.82,5935.0,N/A
0,한빛소프트,047080,3665.0,71.86,51.0,N/A,N/A,6.1,601.0,N/A
0,S&K폴리텍,091340,5760.0,5.04,1142.0,N/A,N/A,0.65,8904.0,N/A
0,나무가,190510,18500.0,19.43,952.0,N/A,N/A,2.44,7586.0,N/A
0,대명소노시즌,007720,1280.0,2.15,596.0,N/A,N/A,0.79,1611.0,N/A
0,동국산업,005160,3630.0,11.71,310.0,N/A,N/A,0.49,7410.0,3.58
0,디와이피엔에프,104460,14200.0,7.58,1874.0,N/A,N/A,1.91,7429.0,2.46
0,리노공업,058470,141000.0,35.94,3923.0,33.0,4317.0,7.15,19733.0,0.85
0,미래컴퍼니,049950,28700.0,29.56,971.0,N/A,N/A,1.96,14650.0,0.75
0,비씨월드제약,200780,20200.0,24.46,826.0,N/A,N/A,1.74,11632.0,0.45
0,서전기전,189860,3140.0,29.9,105.0,N/A,N/A,0.83,3776.0,0.95
0,솔트룩스,304100,29650.0,146.06,203.0,N/A,N/A,3.45,8592.0,N/A
0,썸에이지,208640,699.0,N/A,-131.0,N/A,N/A,3.78,185.0,N/A
0,아이텍,119830,6230.0,N/A,-1094.0,N/A,N/A,1.14,5483.0,N/A
0,에이디테크놀로지,200710,32850.0,40.66,808.0,N/A,N/A,5.76,5707.0,N/A
0,엘티씨,170920,13600.0,78.61,173.0,N/A,N/A,1.13,12064.0,0.74
0,옴니시스템,057540,2515.0,5.77,436.0,N/A,N/A,1.07,2353.0,N/A
0,유바이오로직스,206650,30950.0,122.82,252.0,N/A,N/A,20.3,1525.0,N/A
0,이베스트이안스팩1호,323210,1995.0,1995.0,1.0,N/A,N/A,1.04,1924.0,N/A
0,정산애강,022220,1950.0,9.8,199.0,N/A,N/A,1.21,1617.0,N/A
0,지에스이,053050,1445.0,9.9,146.0,N/A,N/A,0.56,2561.0,2.77
0,케이엠더블유,032500,71300.0,29.68,2402.0,19.0,3684.0,12.13,5876.0,N/A
0,크루셜텍,114120,1475.0,N/A,-3647.0,N/A,N/A,0.39,3819.0,N/A
0,티플랙스,081150,4015.0,36.17,111.0,N/A,N/A,0.99,4050.0,0.5
0,프럼파스트,035200,4610.0,43.49,106.0,N/A,N/A,1.17,3928.0,N/A
0,한국정보공학,039740,3040.0,22.19,137.0,N/A,N/A,0.61,4945.0,N/A
0,홈센타홀딩스,060560,1355.0,N/A,-19.0,N/A,N/A,1.46,927.0,N/A
0,JW신약,067290,5840.0,N/A,-85.0,N/A,N/A,4.13,1414.0,1.03
0,YW,051390,3780.0,19.79,191.0,N/A,N/A,0.47,8043.0,1.32
0,그리티,204020,2940.0,70.0,42.0,N/A,N/A,0.79,3706.0,1.02
0,대봉엘에스,078140,11600.0,20.53,565.0,N/A,N/A,1.57,7410.0,0.43
0,디오,039840,26900.0,20.46,1315.0,19.0,1384.0,2.72,9894.0,N/A
0,매일홀딩스,005990,8040.0,5.07,1585.0,N/A,N/A,0.36,22582.0,1.74
0,바디텍메드,206640,21650.0,44.82,483.0,N/A,N/A,6.6,3279.0,0.23
0,세보엠이씨,011560,5730.0,N/A,-1012.0,N/A,N/A,0.38,15052.0,2.62
0,싸이토젠,217330,11750.0,N/A,-803.0,N/A,N/A,3.96,2964.0,N/A
0,아이씨케이,068940,4380.0,N/A,-22.0,N/A,N/A,9.09,482.0,N/A
0,에스아이리소스,065420,639.0,N/A,-188.0,N/A,N/A,3.72,172.0,N/A
0,엘앤케이바이오,156100,10000.0,N/A,-814.0,N/A,N/A,4.19,2389.0,N/A
0,와이지-원,019210,4675.0,N/A,-229.0,N/A,N/A,0.46,10260.0,2.57
0,유니온커뮤니티,203450,3100.0,12.02,258.0,N/A,N/A,1.2,2576.0,2.26
0,이스트소프트,047560,6480.0,N/A,-1144.0,N/A,N/A,1.61,4035.0,N/A
0,정상제이엘에스,040420,6020.0,20.83,289.0,N/A,N/A,1.55,3874.0,7.14
0,주성엔지니어링,036930,7500.0,23.96,313.0,N/A,N/A,1.52,4932.0,0.93
0,코렌,078650,1110.0,N/A,-169.0,N/A,N/A,1.05,1062.0,N/A
0,특수건설,026150,6820.0,39.65,172.0,N/A,N/A,1.17,5819.0,N/A
0,프로스테믹스,203690,4435.0,N/A,-36.0,N/A,N/A,6.84,648.0,N/A
0,한일진공,123840,575.0,N/A,-513.0,N/A,N/A,0.32,1792.0,N/A
0,CMG제약,058820,4710.0,162.41,29.0,N/A,N/A,3.6,1308.0,N/A
0,PN풍년,024940,3395.0,6.08,558.0,N/A,N/A,0.82,4163.0,0.74
0,국영지앤엠,006050,2400.0,85.71,28.0,N/A,N/A,1.54,1557.0,0.62
0,누리텔레콤,040160,6580.0,7.75,849.0,N/A,N/A,1.08,6084.0,0.76
0,동아엘텍,088130,7410.0,11.76,630.0,N/A,N/A,0.46,16142.0,2.02
0,로보로보,215100,5390.0,N/A,-1.0,N/A,N/A,3.91,1379.0,0.24
0,미래에셋대우스팩3호,328380,2015.0,403.0,5.0,N/A,N/A,1.04,1945.0,N/A
0,사람인에이치알,143240,25050.0,11.55,2168.0,N/A,N/A,2.51,9997.0,2.32
0,삼진,032750,9480.0,4.68,2025.0,N/A,N/A,0.74,12891.0,2.11
0,세경하이테크,148150,27950.0,36.92,757.0,N/A,N/A,2.34,11964.0,0.89
0,신라에스지,025870,9520.0,46.21,206.0,N/A,N/A,2.44,3898.0,N/A
0,아미코젠,092040,39450.0,N/A,-1774.0,N/A,N/A,6.61,5964.0,N/A
0,에스제이그룹,306040,17150.0,9.62,1783.0,N/A,N/A,2.38,7221.0,0.78
0,에프에스티,036810,23450.0,24.2,969.0,N/A,N/A,3.61,6492.0,0.34
0,오성첨단소재,052420,2285.0,9.03,253.0,N/A,N/A,0.81,2804.0,N/A
0,유니테스트,086390,15700.0,15.3,1026.0,N/A,N/A,2.11,7428.0,1.59
0,이에스에이,052190,295.0,N/A,-581.0,N/A,N/A,0.39,761.0,N/A
0,인포뱅크,039290,7050.0,84.94,83.0,N/A,N/A,1.13,6236.0,0.14
0,줌인터넷,239340,3950.0,N/A,-481.0,N/A,N/A,4.05,976.0,N/A
0,케이씨피드,025880,1945.0,N/A,-368.0,N/A,N/A,0.59,3316.0,0.77
0,코웰패션,033290,6240.0,10.83,576.0,N/A,N/A,2.19,2843.0,1.6
0,테라사이언스,073640,1900.0,N/A,-63.0,N/A,N/A,3.89,488.0,N/A
0,팬엔터테인먼트,068050,5570.0,41.57,134.0,N/A,N/A,1.58,3529.0,N/A
0,한국비엔씨,256840,3015.0,N/A,-110.0,N/A,N/A,4.45,677.0,N/A
0,한컴위드,054920,3960.0,2.31,1715.0,N/A,N/A,0.79,5043.0,N/A
0,IBKS제10호스팩,299170,2085.0,2085.0,1.0,N/A,N/A,7.04,296.0,N/A
0,SBI핀테크솔루션즈,950110,6950.0,18.44,377.0,N/A,N/A,3.45,2013.0,2.81
0,넥슨지티,041140,21450.0,78.57,273.0,N/A,N/A,6.71,3195.0,N/A
0,대유,290380,16250.0,28.86,563.0,N/A,N/A,2.29,7095.0,1.54
0,디지아이,043360,2355.0,N/A,-349.0,N/A,N/A,0.46,5125.0,N/A
0,리드코프,012700,7000.0,4.22,1659.0,N/A,N/A,0.48,14497.0,2.14
0,브리지텍,064480,3315.0,N/A,-123.0,N/A,N/A,1.22,2728.0,3.02
0,성우테크론,045300,6300.0,69.23,91.0,N/A,N/A,1.19,5314.0,0.62
0,슈피겐코리아,192440,63300.0,9.07,6976.0,7.0,9049.0,1.26,50152.0,2.05
0,쎄노텍,222420,2475.0,N/A,-79.0,N/A,N/A,2.88,858.0,N/A
0,아진산업,013310,2685.0,6.19,434.0,N/A,N/A,0.47,5713.0,N/A
0,에스트래픽,234300,5460.0,N/A,-845.0,N/A,N/A,2.49,2194.0,N/A
0,엑세스바이오,950130,13250.0,N/A,-557.0,N/A,N/A,17.91,740.0,N/A
0,예스티,122640,8290.0,N/A,-1377.0,N/A,N/A,1.78,4646.0,N/A
0,위메이드,112040,38900.0,422.83,92.0,36.0,1092.0,2.66,14605.0,1.54
0,이랜텍,054210,5430.0,106.47,51.0,N/A,N/A,0.77,7068.0,1.84
0,제이티,089790,6480.0,14.37,451.0,N/A,N/A,2.23,2909.0,N/A
0,케이피에프,024880,4130.0,14.65,282.0,N/A,N/A,0.42,9827.0,3.87
0,키이스트,054780,14850.0,N/A,-291.0,N/A,N/A,5.33,2786.0,N/A
0,파버나인,177830,5940.0,N/A,-671.0,N/A,N/A,1.28,4641.0,N/A
0,하나금융16호스팩,343510,2030.0,N/A,N/A,N/A,N/A,N/A,N/A,N/A
0,DSC인베스트먼트,241520,3215.0,63.04,51.0,N/A,N/A,1.75,1838.0,N/A
0,가비아,079940,17050.0,21.58,790.0,N/A,N/A,2.98,5719.0,0.23
0,네이블,153460,4480.0,560.0,8.0,N/A,N/A,1.24,3622.0,N/A
0,덕산테코피아,317330,14350.0,21.32,673.0,N/A,N/A,1.79,8027.0,N/A
0,라이브파이낸셜,036170,1405.0,N/A,-354.0,N/A,N/A,0.61,2285.0,N/A
0,민앤지,214180,13950.0,10.8,1292.0,N/A,N/A,1.46,9532.0,1.65
0,서원인텍,093920,7500.0,8.91,842.0,N/A,N/A,0.87,8667.0,4.0
0,시노펙스,025320,6190.0,55.27,112.0,N/A,N/A,5.07,1221.0,N/A
0,아우딘퓨쳐스,227610,4280.0,N/A,-2108.0,N/A,N/A,1.33,3223.0,N/A
0,에스디생명공학,217480,5100.0,N/A,-858.0,N/A,N/A,1.24,4113.0,N/A
0,에이치엔티,176440,1920.0,N/A,-77.0,N/A,N/A,2.74,702.0,N/A
0,엔에스,217820,7990.0,16.89,473.0,N/A,N/A,2.42,3299.0,1.0
0,옵트론텍,082210,7170.0,22.76,315.0,N/A,N/A,1.39,5148.0,0.42
0,원익,032940,3580.0,N/A,-1365.0,N/A,N/A,0.9,3957.0,N/A
0,이트론,096040,163.0,N/A,-11.0,N/A,N/A,1.12,146.0,N/A
0,제이씨현시스템,033320,6050.0,57.08,106.0,N/A,N/A,1.31,4633.0,N/A
0,켐온,217600,2520.0,81.29,31.0,N/A,N/A,4.03,626.0,N/A
0,타이거일렉,219130,12100.0,24.54,493.0,N/A,N/A,1.69,7154.0,N/A
0,풍국주정,023900,23650.0,39.42,600.0,N/A,N/A,2.23,10582.0,0.68
0,한국컴퓨터,054040,2380.0,4.34,549.0,N/A,N/A,0.39,6078.0,5.46
0,DMS,068790,7500.0,6.79,1105.0,N/A,N/A,0.93,8069.0,1.0
0,KT서브마린,060370,4510.0,25.2,179.0,N/A,N/A,0.89,5080.0,0.67
0,TS인베스트먼트,246690,2420.0,13.6,178.0,N/A,N/A,1.66,1459.0,1.03
0,광진윈텍,090150,3005.0,11.56,260.0,N/A,N/A,0.65,4634.0,3.33
0,네오위즈,095660,31350.0,23.47,1336.0,14.0,2164.0,1.96,15988.0,N/A
0,대원미디어,048910,6300.0,N/A,-4.0,N/A,N/A,0.97,6479.0,N/A
0,라닉스,317120,7850.0,N/A,-16.0,N/A,N/A,4.27,1839.0,N/A
0,매직마이크로,127160,497.0,N/A,-288.0,N/A,N/A,0.58,861.0,N/A
0,바텍,043150,23650.0,12.44,1901.0,N/A,N/A,1.39,17015.0,0.42
0,삼기오토모티브,122350,2950.0,35.54,83.0,N/A,N/A,0.77,3823.0,N/A
0,성우전자,081580,2270.0,N/A,-408.0,N/A,N/A,0.33,6810.0,N/A
0,아이컴포넌트,059100,3820.0,60.63,63.0,N/A,N/A,0.89,4287.0,N/A
0,에스넷,038680,7310.0,39.73,184.0,N/A,N/A,1.58,4621.0,1.64
0,에코마케팅,230360,57100.0,29.31,1948.0,18.0,3253.0,8.21,6954.0,1.17
0,엘엠에스,073110,8740.0,242.78,36.0,N/A,N/A,0.5,17644.0,2.86
0,와이엠티,251370,21450.0,23.42,916.0,N/A,N/A,3.9,5495.0,N/A
0,유니크,011320,7160.0,32.4,221.0,N/A,N/A,1.36,5247.0,0.17
0,인텔리안테크,189300,27950.0,60.63,461.0,N/A,N/A,2.48,11262.0,0.36
0,제이엘케이,322510,7560.0,N/A,-849.0,N/A,N/A,3.19,2367.0,N/A
0,카스,016920,2105.0,19.67,107.0,N/A,N/A,0.95,2212.0,0.47
0,테라셈,182690,2335.0,N/A,-319.0,N/A,N/A,3.36,695.0,N/A
0,푸른저축은행,007330,7960.0,5.67,1405.0,N/A,N/A,0.37,21680.0,6.91
0,한국큐빅,021650,3085.0,10.18,303.0,N/A,N/A,0.85,3645.0,0.81
0,휴메딕스,200670,28700.0,31.71,905.0,23.0,1244.0,2.52,11374.0,1.74
0,고려신용정보,049720,5540.0,11.59,478.0,N/A,N/A,3.77,1471.0,4.51
0,대림제지,017650,6750.0,33.58,201.0,N/A,N/A,0.38,17766.0,N/A
0,디에이치피코리아,131030,8110.0,8.76,926.0,N/A,N/A,1.2,6758.0,1.23
0,메가스터디,072870,10200.0,10.19,1001.0,N/A,N/A,0.46,22237.0,4.41
0,바이오리더스,142760,8220.0,N/A,-1577.0,N/A,N/A,4.51,1824.0,N/A
0,삼보산업,009620,682.0,N/A,-307.0,N/A,N/A,1.08,632.0,N/A
0,셀리드,299660,34450.0,N/A,-358.0,N/A,N/A,6.59,5226.0,N/A
0,씨엔플러스,115530,839.0,N/A,-13.0,N/A,N/A,3.75,224.0,N/A
0,압타바이오,293780,32550.0,N/A,-520.0,N/A,N/A,4.77,6830.0,N/A
0,에스티오,098660,1880.0,11.97,157.0,N/A,N/A,0.69,2724.0,6.38
0,엠젠플러스,032790,4075.0,N/A,-838.0,N/A,N/A,3.31,1231.0,N/A
0,와이지엔터테인먼트,122870,44150.0,N/A,-1802.0,172.0,256.0,2.39,18488.0,N/A
0,유틸렉스,263050,36900.0,N/A,-1269.0,N/A,N/A,9.21,4006.0,N/A
0,인콘,083640,899.0,N/A,-376.0,N/A,N/A,1.46,614.0,N/A
0,지니틱스,303030,2785.0,198.93,14.0,N/A,N/A,3.16,882.0,N/A
0,코리아에스이,101670,1300.0,N/A,-68.0,N/A,N/A,0.76,1715.0,N/A
0,테라젠이텍스,066700,10950.0,7.58,1445.0,N/A,N/A,2.22,4943.0,N/A
0,평화정공,043370,7000.0,3.93,1783.0,N/A,N/A,0.25,28001.0,2.57
0,한류AI센터,222810,512.0,N/A,-1658.0,N/A,N/A,N/A,-92.0,N/A
0,현대공업,170030,5070.0,19.88,255.0,N/A,N/A,0.74,6840.0,1.3
0,IBKS제12호스팩,335870,2130.0,N/A,-63.0,N/A,N/A,1.11,1919.0,N/A
0,고려제약,014570,11650.0,38.83,300.0,N/A,N/A,1.97,5918.0,0.86
0,내츄럴엔도텍,168330,2525.0,N/A,-559.0,N/A,N/A,2.52,1002.0,N/A
0,대모,317850,5320.0,22.64,235.0,N/A,N/A,0.98,5446.0,1.32
0,동성화인텍,033500,9760.0,16.92,577.0,11.0,862.0,2.73,3571.0,2.25
0,디자인,227100,14050.0,N/A,-1202.0,N/A,N/A,3.21,4383.0,N/A
0,메디프론,065650,5490.0,N/A,-57.0,N/A,N/A,9.24,594.0,N/A
0,베스파,299910,13800.0,N/A,-2170.0,N/A,N/A,1.38,9988.0,N/A
0,선익시스템,171090,6520.0,11.05,590.0,N/A,N/A,0.62,10520.0,1.53
0,신진에스엠,138070,5350.0,22.38,239.0,N/A,N/A,0.66,8069.0,1.31
0,아이에스이커머스,069920,3850.0,N/A,-619.0,N/A,N/A,1.93,1996.0,N/A
0,에스엠,041510,34050.0,N/A,-365.0,122.0,280.0,1.78,19076.0,N/A
0,오리엔탈정공,014940,1365.0,8.69,157.0,N/A,N/A,1.72,795.0,N/A
0,웰크론한텍,076080,2105.0,N/A,-131.0,N/A,N/A,0.67,3158.0,N/A
0,율호,072770,1615.0,N/A,-15.0,N/A,N/A,2.42,668.0,N/A
0,이원컴포텍,088290,5850.0,44.66,131.0,N/A,N/A,5.11,1144.0,N/A
0,제룡산업,147830,4885.0,22.83,214.0,N/A,N/A,0.87,5607.0,2.05
0,청담러닝,096240,20100.0,26.55,757.0,N/A,N/A,2.13,9440.0,4.97
0,켐트로스,220260,7280.0,101.11,72.0,N/A,N/A,4.2,1732.0,N/A
0,파크시스템스,140860,58300.0,39.02,1494.0,N/A,N/A,8.57,6800.0,0.21
0,필로시스헬스케어,057880,1310.0,N/A,-649.0,N/A,N/A,2.66,492.0,N/A
0,한송네오텍,226440,1195.0,239.0,5.0,N/A,N/A,2.4,498.0,N/A
0,SFA반도체,036540,5920.0,36.77,161.0,N/A,N/A,2.88,2054.0,N/A
0,네온테크,306620,2775.0,102.78,27.0,N/A,N/A,3.67,756.0,N/A
0,대보마그네틱,290670,36150.0,105.09,344.0,N/A,N/A,6.4,5649.0,N/A
0,동원개발,013120,3630.0,3.89,932.0,N/A,N/A,0.42,8675.0,4.68
0,디지캡,197140,3995.0,285.36,14.0,N/A,N/A,1.03,3881.0,1.75
0,마이크로디지탈,305090,15800.0,N/A,-925.0,N/A,N/A,6.74,2345.0,N/A
0,바른전자,064520,1005.0,N/A,-861.0,N/A,N/A,1.35,745.0,N/A
0,비아트론,141000,9530.0,36.37,262.0,N/A,N/A,0.85,11167.0,N/A
0,서희건설,035890,1150.0,3.22,357.0,N/A,N/A,0.59,1962.0,2.61
0,솔트웍스,230980,3720.0,N/A,-811.0,N/A,N/A,4.67,797.0,N/A
0,쏠리드,050890,8010.0,33.1,242.0,N/A,N/A,3.37,2379.0,N/A
0,아이티엠반도체,084850,63500.0,28.64,2217.0,24.0,2650.0,5.15,12336.0,N/A
0,에이치엘비생명과학,067630,17050.0,N/A,-560.0,N/A,N/A,2.6,6553.0,N/A
0,영우디에스피,143540,1740.0,3.51,496.0,N/A,N/A,1.54,1127.0,N/A
0,옴니텔,057680,4360.0,77.86,56.0,N/A,N/A,5.21,837.0,N/A
0,유비케어,032620,11650.0,80.9,144.0,N/A,N/A,5.72,2036.0,0.34
0,이씨에스,067010,3680.0,13.33,276.0,N/A,N/A,1.01,3645.0,2.72
0,제넥신,095700,128800.0,N/A,-2631.0,N/A,N/A,11.01,11700.0,N/A
0,지와이커머스,111820,2465.0,0.35,6949.0,N/A,N/A,4.8,514.0,N/A
0,케이프이에스제4호,347140,2025.0,N/A,N/A,N/A,N/A,1.12,1807.0,N/A
0,크리스에프앤씨,110790,23200.0,13.06,1777.0,N/A,N/A,1.23,18795.0,1.72
0,파나진,046210,6250.0,51.23,122.0,N/A,N/A,9.89,632.0,N/A
0,플리토,300080,14100.0,N/A,-1356.0,N/A,N/A,3.12,4523.0,N/A
0,한네트,052600,3900.0,45.88,85.0,N/A,N/A,1.33,2943.0,2.56
0,힘스,"238490
",12300.0,18.72,657.0,N/A,N/A,2.0,6135.0,0.81
